2025-01-02 20:00:38,475 - __main__ - INFO - Starting Audio Recorder Application
2025-01-02 20:00:38,996 - utils.file_utils - INFO - Directory structure created at C:\Users\rakoon\audio_recordings
2025-01-02 20:00:39,007 - __main__ - ERROR - Application error: 'AudioDevice' object is not subscriptable
Traceback (most recent call last):
  File "C:\Users\rakoon\code\audio_transcriber\main.py", line 29, in main
    app = AudioRecorderGUI()
          ^^^^^^^^^^^^^^^^^^
  File "C:\Users\rakoon\code\audio_transcriber\gui\recorder_gui.py", line 28, in __init__
    self._init_gui()
  File "C:\Users\rakoon\code\audio_transcriber\gui\recorder_gui.py", line 47, in _init_gui
    self._create_device_section()
  File "C:\Users\rakoon\code\audio_transcriber\gui\recorder_gui.py", line 63, in _create_device_section
    values=[f"{i}: {dev['name']}" for i, dev in enumerate(devices)],
                    ~~~^^^^^^^^
TypeError: 'AudioDevice' object is not subscriptable
2025-01-02 20:08:29,887 - __main__ - INFO - Starting Audio Recorder Application
2025-01-02 20:08:29,971 - utils.file_utils - INFO - Directory structure created at C:\Users\rakoon\audio_recordings
2025-01-02 20:14:03,961 - audio.recorder - INFO - Recording started
2025-01-02 20:14:03,962 - gui.recorder_gui - INFO - Recording...
2025-01-02 20:14:23,335 - audio.recorder - INFO - Recording paused
2025-01-02 20:14:23,335 - gui.recorder_gui - INFO - Recording paused
2025-01-02 20:14:24,431 - audio.recorder - INFO - Recording stopped
2025-01-02 20:14:24,433 - audio.recorder - INFO - Recording saved to recording_20250102_201424.wav
2025-01-02 20:14:24,433 - gui.recorder_gui - INFO - Recording saved: recording_20250102_201424.wav
2025-01-02 20:14:24,434 - gui.recorder_gui - INFO - Recording stopped
2025-01-02 20:14:31,180 - audio.recorder - INFO - Recording started
2025-01-02 20:14:31,181 - gui.recorder_gui - INFO - Recording...
2025-01-02 20:14:33,201 - audio.recorder - INFO - Recording stopped
2025-01-02 20:14:33,203 - audio.recorder - INFO - Recording saved to recording_20250102_201433.wav
2025-01-02 20:14:33,203 - gui.recorder_gui - INFO - Recording saved: recording_20250102_201433.wav
2025-01-02 20:14:33,203 - gui.recorder_gui - INFO - Recording stopped
2025-01-02 20:14:34,306 - audio.recorder - INFO - Recording started
2025-01-02 20:14:34,307 - gui.recorder_gui - INFO - Recording...
2025-01-02 20:14:36,881 - audio.recorder - INFO - Recording stopped
2025-01-02 20:14:36,882 - audio.recorder - INFO - Recording saved to recording_20250102_201436.wav
2025-01-02 20:14:36,883 - gui.recorder_gui - INFO - Recording saved: recording_20250102_201436.wav
2025-01-02 20:14:36,883 - gui.recorder_gui - INFO - Recording stopped
2025-01-03 15:49:07,412 - __main__ - INFO - Starting Audio Recorder Application
2025-01-03 15:49:07,873 - utils.file_utils - INFO - Directory structure created at C:\Users\rakoon\audio_recordings
2025-01-03 15:49:07,883 - audio.recorder - INFO - Set recording device to: 1
2025-01-03 15:49:10,528 - audio.recorder - INFO - Recording started
2025-01-03 15:49:10,528 - gui.recorder_gui - INFO - Recording...
2025-01-03 15:49:17,481 - audio.recorder - INFO - Recording stopped
2025-01-03 15:49:17,481 - audio.recorder - INFO - Recording saved to C:\Users\rakoon\audio_recordings\recordings\recording_20250103_154917.wav
2025-01-03 15:49:17,481 - gui.recorder_gui - INFO - Recording saved: C:\Users\rakoon\audio_recordings\recordings\recording_20250103_154917.wav
2025-01-03 15:49:17,481 - gui.recorder_gui - INFO - Recording stopped
2025-01-03 16:12:55,011 - __main__ - INFO - Starting Audio Recorder Application
2025-01-03 16:12:55,108 - utils.file_utils - INFO - Directory structure created at C:\Users\rakoon\audio_recordings
2025-01-03 16:12:55,121 - audio.recorder - INFO - Set recording device to: 1
2025-01-03 16:13:12,944 - audio.recorder - INFO - Recording started
2025-01-03 16:13:12,946 - gui.recorder_gui - INFO - Recording...
2025-01-03 16:13:24,564 - audio.recorder - INFO - Recording stopped
2025-01-03 16:13:24,569 - audio.recorder - INFO - Recording saved to C:\Users\rakoon\audio_recordings\recordings\recording_20250103_161324.wav
2025-01-03 16:13:24,571 - gui.recorder_gui - INFO - Recording saved: C:\Users\rakoon\audio_recordings\recordings\recording_20250103_161324.wav
2025-01-03 16:13:24,571 - gui.recorder_gui - INFO - Recording stopped
2025-01-03 16:13:29,704 - audio.recorder - INFO - Set recording device to: 1
2025-01-03 19:29:42,361 - __main__ - INFO - Starting Audio Recorder Application
2025-01-03 19:29:42,761 - utils.file_utils - INFO - Directory structure created at C:\Users\rakoon\audio_recordings
2025-01-03 19:29:42,761 - audio.recorder - INFO - Set recording device to: 1
2025-01-03 19:29:48,596 - audio.recorder - INFO - Recording started
2025-01-03 19:29:48,596 - gui.recorder_gui - INFO - Recording...
2025-01-03 19:29:53,774 - audio.recorder - INFO - Recording stopped
2025-01-03 19:29:53,774 - audio.recorder - INFO - Recording saved to C:\Users\rakoon\audio_recordings\recordings\recording_20250103_192953.wav
2025-01-03 19:29:53,774 - gui.recorder_gui - INFO - Recording saved: C:\Users\rakoon\audio_recordings\recordings\recording_20250103_192953.wav
2025-01-03 19:29:53,774 - gui.recorder_gui - INFO - Recording stopped
2025-01-03 20:28:28,534 - __main__ - INFO - Starting Audio Recorder Application
2025-01-03 20:28:28,623 - gui.recorder_gui - INFO - Initializing application components...
2025-01-03 20:28:28,623 - gui.recorder_gui - INFO - Initializing transcription manager...
2025-01-03 20:28:28,630 - utils.file_utils - INFO - Directory structure created at C:\Users\rakoon\audio_recordings
2025-01-03 20:28:28,644 - audio.recorder - INFO - Set recording device to: 1
2025-01-03 20:28:49,338 - gui.recorder_gui - INFO - Initializing transcription...
2025-01-03 20:28:49,338 - audio.transcription - INFO - Loading Whisper base model...
2025-01-03 20:29:30,128 - __main__ - INFO - Starting Audio Recorder Application
2025-01-03 20:29:30,201 - gui.recorder_gui - INFO - Initializing application components...
2025-01-03 20:29:30,202 - gui.recorder_gui - INFO - Initializing transcription manager...
2025-01-03 20:29:30,207 - utils.file_utils - INFO - Directory structure created at C:\Users\rakoon\audio_recordings
2025-01-03 20:29:30,217 - audio.recorder - INFO - Set recording device to: 1
2025-01-03 20:29:34,696 - gui.recorder_gui - INFO - Initializing transcription...
2025-01-03 20:29:34,697 - audio.transcription - INFO - Loading Whisper base model...
2025-01-03 20:29:56,577 - audio.transcription - INFO - Model loaded successfully on cpu
2025-01-03 20:29:56,578 - gui.recorder_gui - INFO - Starting transcription processing...
2025-01-03 20:29:56,581 - audio.transcription - INFO - Started transcription processing
2025-01-03 20:29:56,581 - gui.recorder_gui - INFO - Starting audio recording...
2025-01-03 20:29:56,596 - audio.recorder - INFO - Recording started
2025-01-03 20:29:56,597 - gui.recorder_gui - INFO - Recording and transcribing...
2025-01-03 20:29:57,735 - audio.transcription - ERROR - Chunk transcription failed: [enforce fail at alloc_cpu.cpp:114] data. DefaultCPUAllocator: not enough memory: you tried to allocate 92405952512 bytes.
2025-01-03 20:29:57,742 - audio.transcription - ERROR - Chunk transcription failed: [enforce fail at alloc_cpu.cpp:114] data. DefaultCPUAllocator: not enough memory: you tried to allocate 94372036608 bytes.
2025-01-03 20:29:57,775 - audio.transcription - ERROR - Chunk transcription failed: [enforce fail at alloc_cpu.cpp:114] data. DefaultCPUAllocator: not enough memory: you tried to allocate 96338120704 bytes.
2025-01-03 20:29:57,779 - audio.transcription - ERROR - Chunk transcription failed: [enforce fail at alloc_cpu.cpp:114] data. DefaultCPUAllocator: not enough memory: you tried to allocate 98304204800 bytes.
2025-01-03 20:29:57,805 - audio.transcription - ERROR - Chunk transcription failed: [enforce fail at alloc_cpu.cpp:114] data. DefaultCPUAllocator: not enough memory: you tried to allocate 100270288896 bytes.
2025-01-03 20:29:57,808 - audio.transcription - ERROR - Chunk transcription failed: [enforce fail at alloc_cpu.cpp:114] data. DefaultCPUAllocator: not enough memory: you tried to allocate 102236372992 bytes.
2025-01-03 20:29:57,858 - audio.transcription - ERROR - Chunk transcription failed: [enforce fail at alloc_cpu.cpp:114] data. DefaultCPUAllocator: not enough memory: you tried to allocate 104202457088 bytes.
2025-01-03 20:29:57,860 - audio.transcription - ERROR - Chunk transcription failed: [enforce fail at alloc_cpu.cpp:114] data. DefaultCPUAllocator: not enough memory: you tried to allocate 106168541184 bytes.
2025-01-03 20:29:57,898 - audio.transcription - ERROR - Chunk transcription failed: [enforce fail at alloc_cpu.cpp:114] data. DefaultCPUAllocator: not enough memory: you tried to allocate 108134625280 bytes.
2025-01-03 20:29:57,902 - audio.transcription - ERROR - Chunk transcription failed: [enforce fail at alloc_cpu.cpp:114] data. DefaultCPUAllocator: not enough memory: you tried to allocate 110100709376 bytes.
2025-01-03 20:29:57,951 - audio.transcription - ERROR - Chunk transcription failed: [enforce fail at alloc_cpu.cpp:114] data. DefaultCPUAllocator: not enough memory: you tried to allocate 112066793472 bytes.
2025-01-03 20:29:57,952 - audio.transcription - ERROR - Chunk transcription failed: [enforce fail at alloc_cpu.cpp:114] data. DefaultCPUAllocator: not enough memory: you tried to allocate 114032877568 bytes.
2025-01-03 20:29:58,002 - audio.transcription - ERROR - Chunk transcription failed: [enforce fail at alloc_cpu.cpp:114] data. DefaultCPUAllocator: not enough memory: you tried to allocate 115998961664 bytes.
2025-01-03 20:29:58,005 - audio.transcription - ERROR - Chunk transcription failed: [enforce fail at alloc_cpu.cpp:114] data. DefaultCPUAllocator: not enough memory: you tried to allocate 117965045760 bytes.
2025-01-03 20:29:58,039 - audio.transcription - ERROR - Chunk transcription failed: [enforce fail at alloc_cpu.cpp:114] data. DefaultCPUAllocator: not enough memory: you tried to allocate 119931129856 bytes.
2025-01-03 20:29:58,042 - audio.transcription - ERROR - Chunk transcription failed: [enforce fail at alloc_cpu.cpp:114] data. DefaultCPUAllocator: not enough memory: you tried to allocate 121897213952 bytes.
2025-01-03 20:29:58,095 - audio.transcription - ERROR - Chunk transcription failed: [enforce fail at alloc_cpu.cpp:114] data. DefaultCPUAllocator: not enough memory: you tried to allocate 123863298048 bytes.
2025-01-03 20:29:58,100 - audio.transcription - ERROR - Chunk transcription failed: [enforce fail at alloc_cpu.cpp:114] data. DefaultCPUAllocator: not enough memory: you tried to allocate 125829382144 bytes.
2025-01-03 20:29:58,131 - audio.transcription - ERROR - Chunk transcription failed: [enforce fail at alloc_cpu.cpp:114] data. DefaultCPUAllocator: not enough memory: you tried to allocate 127795466240 bytes.
2025-01-03 20:29:58,135 - audio.transcription - ERROR - Chunk transcription failed: [enforce fail at alloc_cpu.cpp:114] data. DefaultCPUAllocator: not enough memory: you tried to allocate 129761550336 bytes.
2025-01-03 20:29:58,184 - audio.transcription - ERROR - Chunk transcription failed: [enforce fail at alloc_cpu.cpp:114] data. DefaultCPUAllocator: not enough memory: you tried to allocate 131727634432 bytes.
2025-01-03 20:29:58,188 - audio.transcription - ERROR - Chunk transcription failed: [enforce fail at alloc_cpu.cpp:114] data. DefaultCPUAllocator: not enough memory: you tried to allocate 133693718528 bytes.
2025-01-03 20:29:58,232 - audio.transcription - ERROR - Chunk transcription failed: [enforce fail at alloc_cpu.cpp:114] data. DefaultCPUAllocator: not enough memory: you tried to allocate 135659802624 bytes.
2025-01-03 20:29:58,236 - audio.transcription - ERROR - Chunk transcription failed: [enforce fail at alloc_cpu.cpp:114] data. DefaultCPUAllocator: not enough memory: you tried to allocate 137625886720 bytes.
2025-01-03 20:29:58,277 - audio.transcription - ERROR - Chunk transcription failed: [enforce fail at alloc_cpu.cpp:114] data. DefaultCPUAllocator: not enough memory: you tried to allocate 139591970816 bytes.
2025-01-03 20:29:58,282 - audio.transcription - ERROR - Chunk transcription failed: [enforce fail at alloc_cpu.cpp:114] data. DefaultCPUAllocator: not enough memory: you tried to allocate 141558054912 bytes.
2025-01-03 20:29:58,333 - audio.transcription - ERROR - Chunk transcription failed: [enforce fail at alloc_cpu.cpp:114] data. DefaultCPUAllocator: not enough memory: you tried to allocate 143524139008 bytes.
2025-01-03 20:29:58,338 - audio.transcription - ERROR - Chunk transcription failed: [enforce fail at alloc_cpu.cpp:114] data. DefaultCPUAllocator: not enough memory: you tried to allocate 145490223104 bytes.
2025-01-03 20:29:58,374 - audio.transcription - ERROR - Chunk transcription failed: [enforce fail at alloc_cpu.cpp:114] data. DefaultCPUAllocator: not enough memory: you tried to allocate 147456307200 bytes.
2025-01-03 20:29:58,380 - audio.transcription - ERROR - Chunk transcription failed: [enforce fail at alloc_cpu.cpp:114] data. DefaultCPUAllocator: not enough memory: you tried to allocate 149422391296 bytes.
2025-01-03 20:29:58,422 - audio.transcription - ERROR - Chunk transcription failed: [enforce fail at alloc_cpu.cpp:114] data. DefaultCPUAllocator: not enough memory: you tried to allocate 151388475392 bytes.
2025-01-03 20:29:58,427 - audio.transcription - ERROR - Chunk transcription failed: [enforce fail at alloc_cpu.cpp:114] data. DefaultCPUAllocator: not enough memory: you tried to allocate 153354559488 bytes.
2025-01-03 20:29:58,457 - audio.transcription - ERROR - Chunk transcription failed: [enforce fail at alloc_cpu.cpp:114] data. DefaultCPUAllocator: not enough memory: you tried to allocate 155320643584 bytes.
2025-01-03 20:29:58,461 - audio.transcription - ERROR - Chunk transcription failed: [enforce fail at alloc_cpu.cpp:114] data. DefaultCPUAllocator: not enough memory: you tried to allocate 157286727680 bytes.
2025-01-03 20:29:58,515 - audio.transcription - ERROR - Chunk transcription failed: [enforce fail at alloc_cpu.cpp:114] data. DefaultCPUAllocator: not enough memory: you tried to allocate 159252811776 bytes.
2025-01-03 20:29:58,524 - audio.transcription - ERROR - Chunk transcription failed: [enforce fail at alloc_cpu.cpp:114] data. DefaultCPUAllocator: not enough memory: you tried to allocate 161218895872 bytes.
2025-01-03 20:29:58,551 - audio.transcription - ERROR - Chunk transcription failed: [enforce fail at alloc_cpu.cpp:114] data. DefaultCPUAllocator: not enough memory: you tried to allocate 163184979968 bytes.
2025-01-03 20:29:58,554 - audio.transcription - ERROR - Chunk transcription failed: [enforce fail at alloc_cpu.cpp:114] data. DefaultCPUAllocator: not enough memory: you tried to allocate 165151064064 bytes.
2025-01-03 20:29:58,607 - audio.transcription - ERROR - Chunk transcription failed: [enforce fail at alloc_cpu.cpp:114] data. DefaultCPUAllocator: not enough memory: you tried to allocate 167117148160 bytes.
2025-01-03 20:29:58,611 - audio.transcription - ERROR - Chunk transcription failed: [enforce fail at alloc_cpu.cpp:114] data. DefaultCPUAllocator: not enough memory: you tried to allocate 169083232256 bytes.
2025-01-03 20:29:58,657 - audio.transcription - ERROR - Chunk transcription failed: [enforce fail at alloc_cpu.cpp:114] data. DefaultCPUAllocator: not enough memory: you tried to allocate 171049316352 bytes.
2025-01-03 20:29:58,661 - audio.transcription - ERROR - Chunk transcription failed: [enforce fail at alloc_cpu.cpp:114] data. DefaultCPUAllocator: not enough memory: you tried to allocate 173015400448 bytes.
2025-01-03 20:29:58,692 - audio.transcription - ERROR - Chunk transcription failed: [enforce fail at alloc_cpu.cpp:114] data. DefaultCPUAllocator: not enough memory: you tried to allocate 174981484544 bytes.
2025-01-03 20:29:58,695 - audio.transcription - ERROR - Chunk transcription failed: [enforce fail at alloc_cpu.cpp:114] data. DefaultCPUAllocator: not enough memory: you tried to allocate 176947568640 bytes.
2025-01-03 20:29:58,750 - audio.transcription - ERROR - Chunk transcription failed: [enforce fail at alloc_cpu.cpp:114] data. DefaultCPUAllocator: not enough memory: you tried to allocate 178913652736 bytes.
2025-01-03 20:29:58,758 - audio.transcription - ERROR - Chunk transcription failed: [enforce fail at alloc_cpu.cpp:114] data. DefaultCPUAllocator: not enough memory: you tried to allocate 180879736832 bytes.
2025-01-03 20:29:58,784 - audio.transcription - ERROR - Chunk transcription failed: [enforce fail at alloc_cpu.cpp:114] data. DefaultCPUAllocator: not enough memory: you tried to allocate 182845820928 bytes.
2025-01-03 20:29:58,789 - audio.transcription - ERROR - Chunk transcription failed: [enforce fail at alloc_cpu.cpp:114] data. DefaultCPUAllocator: not enough memory: you tried to allocate 184811905024 bytes.
2025-01-03 20:29:58,841 - audio.transcription - ERROR - Chunk transcription failed: [enforce fail at alloc_cpu.cpp:114] data. DefaultCPUAllocator: not enough memory: you tried to allocate 186777989120 bytes.
2025-01-03 20:29:58,846 - audio.transcription - ERROR - Chunk transcription failed: [enforce fail at alloc_cpu.cpp:114] data. DefaultCPUAllocator: not enough memory: you tried to allocate 188744073216 bytes.
2025-01-03 20:29:58,881 - audio.transcription - ERROR - Chunk transcription failed: [enforce fail at alloc_cpu.cpp:114] data. DefaultCPUAllocator: not enough memory: you tried to allocate 190710157312 bytes.
2025-01-03 20:29:58,887 - audio.transcription - ERROR - Chunk transcription failed: [enforce fail at alloc_cpu.cpp:114] data. DefaultCPUAllocator: not enough memory: you tried to allocate 192676241408 bytes.
2025-01-03 20:29:58,931 - audio.transcription - ERROR - Chunk transcription failed: [enforce fail at alloc_cpu.cpp:114] data. DefaultCPUAllocator: not enough memory: you tried to allocate 194642325504 bytes.
2025-01-03 20:29:58,935 - audio.transcription - ERROR - Chunk transcription failed: [enforce fail at alloc_cpu.cpp:114] data. DefaultCPUAllocator: not enough memory: you tried to allocate 196608409600 bytes.
2025-01-03 20:29:58,985 - audio.transcription - ERROR - Chunk transcription failed: [enforce fail at alloc_cpu.cpp:114] data. DefaultCPUAllocator: not enough memory: you tried to allocate 198574493696 bytes.
2025-01-03 20:29:58,993 - audio.transcription - ERROR - Chunk transcription failed: [enforce fail at alloc_cpu.cpp:114] data. DefaultCPUAllocator: not enough memory: you tried to allocate 200540577792 bytes.
2025-01-03 20:29:59,015 - audio.transcription - ERROR - Chunk transcription failed: [enforce fail at alloc_cpu.cpp:114] data. DefaultCPUAllocator: not enough memory: you tried to allocate 202506661888 bytes.
2025-01-03 20:29:59,018 - audio.transcription - ERROR - Chunk transcription failed: [enforce fail at alloc_cpu.cpp:114] data. DefaultCPUAllocator: not enough memory: you tried to allocate 204472745984 bytes.
2025-01-03 20:29:59,072 - audio.transcription - ERROR - Chunk transcription failed: [enforce fail at alloc_cpu.cpp:114] data. DefaultCPUAllocator: not enough memory: you tried to allocate 206438830080 bytes.
2025-01-03 20:29:59,079 - audio.transcription - ERROR - Chunk transcription failed: [enforce fail at alloc_cpu.cpp:114] data. DefaultCPUAllocator: not enough memory: you tried to allocate 208404914176 bytes.
2025-01-03 20:29:59,106 - audio.transcription - ERROR - Chunk transcription failed: [enforce fail at alloc_cpu.cpp:114] data. DefaultCPUAllocator: not enough memory: you tried to allocate 210370998272 bytes.
2025-01-03 20:29:59,109 - audio.transcription - ERROR - Chunk transcription failed: [enforce fail at alloc_cpu.cpp:114] data. DefaultCPUAllocator: not enough memory: you tried to allocate 212337082368 bytes.
2025-01-03 20:29:59,159 - audio.transcription - ERROR - Chunk transcription failed: [enforce fail at alloc_cpu.cpp:114] data. DefaultCPUAllocator: not enough memory: you tried to allocate 214303166464 bytes.
2025-01-03 20:29:59,171 - audio.transcription - ERROR - Chunk transcription failed: [enforce fail at alloc_cpu.cpp:114] data. DefaultCPUAllocator: not enough memory: you tried to allocate 216269250560 bytes.
2025-01-03 20:29:59,200 - audio.transcription - ERROR - Chunk transcription failed: [enforce fail at alloc_cpu.cpp:114] data. DefaultCPUAllocator: not enough memory: you tried to allocate 218235334656 bytes.
2025-01-03 20:29:59,208 - audio.transcription - ERROR - Chunk transcription failed: [enforce fail at alloc_cpu.cpp:114] data. DefaultCPUAllocator: not enough memory: you tried to allocate 220201418752 bytes.
2025-01-03 20:29:59,254 - audio.transcription - ERROR - Chunk transcription failed: [enforce fail at alloc_cpu.cpp:114] data. DefaultCPUAllocator: not enough memory: you tried to allocate 222167502848 bytes.
2025-01-03 20:29:59,260 - audio.transcription - ERROR - Chunk transcription failed: [enforce fail at alloc_cpu.cpp:114] data. DefaultCPUAllocator: not enough memory: you tried to allocate 224133586944 bytes.
2025-01-03 20:29:59,305 - audio.transcription - ERROR - Chunk transcription failed: [enforce fail at alloc_cpu.cpp:114] data. DefaultCPUAllocator: not enough memory: you tried to allocate 226099671040 bytes.
2025-01-03 20:29:59,319 - audio.transcription - ERROR - Chunk transcription failed: [enforce fail at alloc_cpu.cpp:114] data. DefaultCPUAllocator: not enough memory: you tried to allocate 228065755136 bytes.
2025-01-03 20:29:59,340 - audio.transcription - ERROR - Chunk transcription failed: [enforce fail at alloc_cpu.cpp:114] data. DefaultCPUAllocator: not enough memory: you tried to allocate 230031839232 bytes.
2025-01-03 20:29:59,343 - audio.transcription - ERROR - Chunk transcription failed: [enforce fail at alloc_cpu.cpp:114] data. DefaultCPUAllocator: not enough memory: you tried to allocate 231997923328 bytes.
2025-01-03 20:29:59,399 - audio.transcription - ERROR - Chunk transcription failed: [enforce fail at alloc_cpu.cpp:114] data. DefaultCPUAllocator: not enough memory: you tried to allocate 233964007424 bytes.
2025-01-03 20:29:59,408 - audio.transcription - ERROR - Chunk transcription failed: [enforce fail at alloc_cpu.cpp:114] data. DefaultCPUAllocator: not enough memory: you tried to allocate 235930091520 bytes.
2025-01-03 20:29:59,441 - audio.transcription - ERROR - Chunk transcription failed: [enforce fail at alloc_cpu.cpp:114] data. DefaultCPUAllocator: not enough memory: you tried to allocate 237896175616 bytes.
2025-01-03 20:29:59,447 - audio.transcription - ERROR - Chunk transcription failed: [enforce fail at alloc_cpu.cpp:114] data. DefaultCPUAllocator: not enough memory: you tried to allocate 239862259712 bytes.
2025-01-03 20:29:59,491 - audio.transcription - ERROR - Chunk transcription failed: [enforce fail at alloc_cpu.cpp:114] data. DefaultCPUAllocator: not enough memory: you tried to allocate 241828343808 bytes.
2025-01-03 20:29:59,501 - audio.transcription - ERROR - Chunk transcription failed: [enforce fail at alloc_cpu.cpp:114] data. DefaultCPUAllocator: not enough memory: you tried to allocate 243794427904 bytes.
2025-01-03 20:29:59,529 - audio.transcription - ERROR - Chunk transcription failed: [enforce fail at alloc_cpu.cpp:114] data. DefaultCPUAllocator: not enough memory: you tried to allocate 245760512000 bytes.
2025-01-03 20:29:59,546 - audio.transcription - ERROR - Chunk transcription failed: [enforce fail at alloc_cpu.cpp:114] data. DefaultCPUAllocator: not enough memory: you tried to allocate 247726596096 bytes.
2025-01-03 20:29:59,581 - audio.transcription - ERROR - Chunk transcription failed: [enforce fail at alloc_cpu.cpp:114] data. DefaultCPUAllocator: not enough memory: you tried to allocate 249692680192 bytes.
2025-01-03 20:29:59,587 - audio.transcription - ERROR - Chunk transcription failed: [enforce fail at alloc_cpu.cpp:114] data. DefaultCPUAllocator: not enough memory: you tried to allocate 251658764288 bytes.
2025-01-03 20:29:59,633 - audio.transcription - ERROR - Chunk transcription failed: [enforce fail at alloc_cpu.cpp:114] data. DefaultCPUAllocator: not enough memory: you tried to allocate 253624848384 bytes.
2025-01-03 20:29:59,648 - audio.transcription - ERROR - Chunk transcription failed: [enforce fail at alloc_cpu.cpp:114] data. DefaultCPUAllocator: not enough memory: you tried to allocate 255590932480 bytes.
2025-01-03 20:29:59,670 - audio.transcription - ERROR - Chunk transcription failed: [enforce fail at alloc_cpu.cpp:114] data. DefaultCPUAllocator: not enough memory: you tried to allocate 257557016576 bytes.
2025-01-03 20:29:59,672 - audio.transcription - ERROR - Chunk transcription failed: [enforce fail at alloc_cpu.cpp:114] data. DefaultCPUAllocator: not enough memory: you tried to allocate 259523100672 bytes.
2025-01-03 20:29:59,723 - audio.transcription - ERROR - Chunk transcription failed: [enforce fail at alloc_cpu.cpp:114] data. DefaultCPUAllocator: not enough memory: you tried to allocate 261489184768 bytes.
2025-01-03 20:29:59,737 - audio.transcription - ERROR - Chunk transcription failed: [enforce fail at alloc_cpu.cpp:114] data. DefaultCPUAllocator: not enough memory: you tried to allocate 263455268864 bytes.
2025-01-03 20:29:59,758 - audio.transcription - ERROR - Chunk transcription failed: [enforce fail at alloc_cpu.cpp:114] data. DefaultCPUAllocator: not enough memory: you tried to allocate 265421352960 bytes.
2025-01-03 20:29:59,771 - audio.transcription - ERROR - Chunk transcription failed: [enforce fail at alloc_cpu.cpp:114] data. DefaultCPUAllocator: not enough memory: you tried to allocate 267387437056 bytes.
2025-01-03 20:29:59,809 - audio.transcription - ERROR - Chunk transcription failed: [enforce fail at alloc_cpu.cpp:114] data. DefaultCPUAllocator: not enough memory: you tried to allocate 269353521152 bytes.
2025-01-03 20:29:59,824 - audio.transcription - ERROR - Chunk transcription failed: [enforce fail at alloc_cpu.cpp:114] data. DefaultCPUAllocator: not enough memory: you tried to allocate 271319605248 bytes.
2025-01-03 20:29:59,855 - audio.transcription - ERROR - Chunk transcription failed: [enforce fail at alloc_cpu.cpp:114] data. DefaultCPUAllocator: not enough memory: you tried to allocate 273285689344 bytes.
2025-01-03 20:29:59,868 - audio.transcription - ERROR - Chunk transcription failed: [enforce fail at alloc_cpu.cpp:114] data. DefaultCPUAllocator: not enough memory: you tried to allocate 275251773440 bytes.
2025-01-03 20:29:59,904 - audio.transcription - ERROR - Chunk transcription failed: [enforce fail at alloc_cpu.cpp:114] data. DefaultCPUAllocator: not enough memory: you tried to allocate 277217857536 bytes.
2025-01-03 20:29:59,910 - audio.transcription - ERROR - Chunk transcription failed: [enforce fail at alloc_cpu.cpp:114] data. DefaultCPUAllocator: not enough memory: you tried to allocate 279183941632 bytes.
2025-01-03 20:29:59,956 - audio.transcription - ERROR - Chunk transcription failed: [enforce fail at alloc_cpu.cpp:114] data. DefaultCPUAllocator: not enough memory: you tried to allocate 281150025728 bytes.
2025-01-03 20:29:59,973 - audio.transcription - ERROR - Chunk transcription failed: [enforce fail at alloc_cpu.cpp:114] data. DefaultCPUAllocator: not enough memory: you tried to allocate 283116109824 bytes.
2025-01-03 20:29:59,993 - audio.transcription - ERROR - Chunk transcription failed: [enforce fail at alloc_cpu.cpp:114] data. DefaultCPUAllocator: not enough memory: you tried to allocate 285082193920 bytes.
2025-01-03 20:29:59,995 - audio.transcription - ERROR - Chunk transcription failed: [enforce fail at alloc_cpu.cpp:114] data. DefaultCPUAllocator: not enough memory: you tried to allocate 287048278016 bytes.
2025-01-03 20:30:00,057 - audio.transcription - ERROR - Chunk transcription failed: [enforce fail at alloc_cpu.cpp:114] data. DefaultCPUAllocator: not enough memory: you tried to allocate 289014362112 bytes.
2025-01-03 20:30:00,070 - audio.transcription - ERROR - Chunk transcription failed: [enforce fail at alloc_cpu.cpp:114] data. DefaultCPUAllocator: not enough memory: you tried to allocate 290980446208 bytes.
2025-01-03 20:30:00,086 - audio.transcription - ERROR - Chunk transcription failed: [enforce fail at alloc_cpu.cpp:114] data. DefaultCPUAllocator: not enough memory: you tried to allocate 292946530304 bytes.
2025-01-03 20:30:00,089 - audio.transcription - ERROR - Chunk transcription failed: [enforce fail at alloc_cpu.cpp:114] data. DefaultCPUAllocator: not enough memory: you tried to allocate 294912614400 bytes.
2025-01-03 20:30:00,145 - audio.transcription - ERROR - Chunk transcription failed: [enforce fail at alloc_cpu.cpp:114] data. DefaultCPUAllocator: not enough memory: you tried to allocate 296878698496 bytes.
2025-01-03 20:30:00,160 - audio.transcription - ERROR - Chunk transcription failed: [enforce fail at alloc_cpu.cpp:114] data. DefaultCPUAllocator: not enough memory: you tried to allocate 298844782592 bytes.
2025-01-03 20:30:00,173 - audio.transcription - ERROR - Chunk transcription failed: [enforce fail at alloc_cpu.cpp:114] data. DefaultCPUAllocator: not enough memory: you tried to allocate 300810866688 bytes.
2025-01-03 20:30:00,177 - audio.transcription - ERROR - Chunk transcription failed: [enforce fail at alloc_cpu.cpp:114] data. DefaultCPUAllocator: not enough memory: you tried to allocate 302776950784 bytes.
2025-01-03 20:30:00,232 - audio.transcription - ERROR - Chunk transcription failed: [enforce fail at alloc_cpu.cpp:114] data. DefaultCPUAllocator: not enough memory: you tried to allocate 304743034880 bytes.
2025-01-03 20:30:00,239 - audio.transcription - ERROR - Chunk transcription failed: [enforce fail at alloc_cpu.cpp:114] data. DefaultCPUAllocator: not enough memory: you tried to allocate 306709118976 bytes.
2025-01-03 20:30:00,288 - audio.transcription - ERROR - Chunk transcription failed: [enforce fail at alloc_cpu.cpp:114] data. DefaultCPUAllocator: not enough memory: you tried to allocate 308675203072 bytes.
2025-01-03 20:30:00,297 - audio.transcription - ERROR - Chunk transcription failed: [enforce fail at alloc_cpu.cpp:114] data. DefaultCPUAllocator: not enough memory: you tried to allocate 310641287168 bytes.
2025-01-03 20:30:00,319 - audio.transcription - ERROR - Chunk transcription failed: [enforce fail at alloc_cpu.cpp:114] data. DefaultCPUAllocator: not enough memory: you tried to allocate 312607371264 bytes.
2025-01-03 20:30:00,322 - audio.transcription - ERROR - Chunk transcription failed: [enforce fail at alloc_cpu.cpp:114] data. DefaultCPUAllocator: not enough memory: you tried to allocate 314573455360 bytes.
2025-01-03 20:30:00,373 - audio.transcription - ERROR - Chunk transcription failed: [enforce fail at alloc_cpu.cpp:114] data. DefaultCPUAllocator: not enough memory: you tried to allocate 316539539456 bytes.
2025-01-03 20:30:00,382 - audio.transcription - ERROR - Chunk transcription failed: [enforce fail at alloc_cpu.cpp:114] data. DefaultCPUAllocator: not enough memory: you tried to allocate 318505623552 bytes.
2025-01-03 20:30:00,418 - audio.transcription - ERROR - Chunk transcription failed: [enforce fail at alloc_cpu.cpp:114] data. DefaultCPUAllocator: not enough memory: you tried to allocate 320471707648 bytes.
2025-01-03 20:30:00,429 - audio.transcription - ERROR - Chunk transcription failed: [enforce fail at alloc_cpu.cpp:114] data. DefaultCPUAllocator: not enough memory: you tried to allocate 322437791744 bytes.
2025-01-03 20:30:00,464 - audio.transcription - ERROR - Chunk transcription failed: [enforce fail at alloc_cpu.cpp:114] data. DefaultCPUAllocator: not enough memory: you tried to allocate 324403875840 bytes.
2025-01-03 20:30:00,469 - audio.transcription - ERROR - Chunk transcription failed: [enforce fail at alloc_cpu.cpp:114] data. DefaultCPUAllocator: not enough memory: you tried to allocate 326369959936 bytes.
2025-01-03 20:30:00,511 - audio.transcription - ERROR - Chunk transcription failed: [enforce fail at alloc_cpu.cpp:114] data. DefaultCPUAllocator: not enough memory: you tried to allocate 328336044032 bytes.
2025-01-03 20:30:00,524 - audio.transcription - ERROR - Chunk transcription failed: [enforce fail at alloc_cpu.cpp:114] data. DefaultCPUAllocator: not enough memory: you tried to allocate 330302128128 bytes.
2025-01-03 20:30:00,556 - audio.transcription - ERROR - Chunk transcription failed: [enforce fail at alloc_cpu.cpp:114] data. DefaultCPUAllocator: not enough memory: you tried to allocate 332268212224 bytes.
2025-01-03 20:30:00,566 - audio.transcription - ERROR - Chunk transcription failed: [enforce fail at alloc_cpu.cpp:114] data. DefaultCPUAllocator: not enough memory: you tried to allocate 334234296320 bytes.
2025-01-03 20:30:00,603 - audio.transcription - ERROR - Chunk transcription failed: [enforce fail at alloc_cpu.cpp:114] data. DefaultCPUAllocator: not enough memory: you tried to allocate 336200380416 bytes.
2025-01-03 20:30:00,607 - audio.transcription - ERROR - Chunk transcription failed: [enforce fail at alloc_cpu.cpp:114] data. DefaultCPUAllocator: not enough memory: you tried to allocate 338166464512 bytes.
2025-01-03 20:30:00,654 - audio.transcription - ERROR - Chunk transcription failed: [enforce fail at alloc_cpu.cpp:114] data. DefaultCPUAllocator: not enough memory: you tried to allocate 340132548608 bytes.
2025-01-03 20:30:00,662 - audio.transcription - ERROR - Chunk transcription failed: [enforce fail at alloc_cpu.cpp:114] data. DefaultCPUAllocator: not enough memory: you tried to allocate 342098632704 bytes.
2025-01-03 20:30:00,702 - audio.transcription - ERROR - Chunk transcription failed: [enforce fail at alloc_cpu.cpp:114] data. DefaultCPUAllocator: not enough memory: you tried to allocate 344064716800 bytes.
2025-01-03 20:30:00,712 - audio.transcription - ERROR - Chunk transcription failed: [enforce fail at alloc_cpu.cpp:114] data. DefaultCPUAllocator: not enough memory: you tried to allocate 346030800896 bytes.
2025-01-03 20:30:00,739 - audio.transcription - ERROR - Chunk transcription failed: [enforce fail at alloc_cpu.cpp:114] data. DefaultCPUAllocator: not enough memory: you tried to allocate 347996884992 bytes.
2025-01-03 20:30:00,757 - audio.transcription - ERROR - Chunk transcription failed: [enforce fail at alloc_cpu.cpp:114] data. DefaultCPUAllocator: not enough memory: you tried to allocate 349962969088 bytes.
2025-01-03 20:30:00,786 - audio.transcription - ERROR - Chunk transcription failed: [enforce fail at alloc_cpu.cpp:114] data. DefaultCPUAllocator: not enough memory: you tried to allocate 351929053184 bytes.
2025-01-03 20:30:00,799 - audio.transcription - ERROR - Chunk transcription failed: [enforce fail at alloc_cpu.cpp:114] data. DefaultCPUAllocator: not enough memory: you tried to allocate 353895137280 bytes.
2025-01-03 20:30:00,833 - audio.transcription - ERROR - Chunk transcription failed: [enforce fail at alloc_cpu.cpp:114] data. DefaultCPUAllocator: not enough memory: you tried to allocate 355861221376 bytes.
2025-01-03 20:30:00,845 - audio.transcription - ERROR - Chunk transcription failed: [enforce fail at alloc_cpu.cpp:114] data. DefaultCPUAllocator: not enough memory: you tried to allocate 357827305472 bytes.
2025-01-03 20:30:00,886 - audio.transcription - ERROR - Chunk transcription failed: [enforce fail at alloc_cpu.cpp:114] data. DefaultCPUAllocator: not enough memory: you tried to allocate 359793389568 bytes.
2025-01-03 20:30:00,903 - audio.transcription - ERROR - Chunk transcription failed: [enforce fail at alloc_cpu.cpp:114] data. DefaultCPUAllocator: not enough memory: you tried to allocate 361759473664 bytes.
2025-01-03 20:30:00,927 - audio.transcription - ERROR - Chunk transcription failed: [enforce fail at alloc_cpu.cpp:114] data. DefaultCPUAllocator: not enough memory: you tried to allocate 363725557760 bytes.
2025-01-03 20:30:00,931 - audio.transcription - ERROR - Chunk transcription failed: [enforce fail at alloc_cpu.cpp:114] data. DefaultCPUAllocator: not enough memory: you tried to allocate 365691641856 bytes.
2025-01-03 20:30:00,983 - audio.transcription - ERROR - Chunk transcription failed: [enforce fail at alloc_cpu.cpp:114] data. DefaultCPUAllocator: not enough memory: you tried to allocate 367657725952 bytes.
2025-01-03 20:30:00,992 - audio.transcription - ERROR - Chunk transcription failed: [enforce fail at alloc_cpu.cpp:114] data. DefaultCPUAllocator: not enough memory: you tried to allocate 369623810048 bytes.
2025-01-03 20:30:01,017 - audio.transcription - ERROR - Chunk transcription failed: [enforce fail at alloc_cpu.cpp:114] data. DefaultCPUAllocator: not enough memory: you tried to allocate 371589894144 bytes.
2025-01-03 20:30:01,021 - audio.transcription - ERROR - Chunk transcription failed: [enforce fail at alloc_cpu.cpp:114] data. DefaultCPUAllocator: not enough memory: you tried to allocate 373555978240 bytes.
2025-01-03 20:30:01,065 - audio.transcription - ERROR - Chunk transcription failed: [enforce fail at alloc_cpu.cpp:114] data. DefaultCPUAllocator: not enough memory: you tried to allocate 375522062336 bytes.
2025-01-03 20:30:01,082 - audio.transcription - ERROR - Chunk transcription failed: [enforce fail at alloc_cpu.cpp:114] data. DefaultCPUAllocator: not enough memory: you tried to allocate 377488146432 bytes.
2025-01-03 20:30:01,109 - audio.transcription - ERROR - Chunk transcription failed: [enforce fail at alloc_cpu.cpp:114] data. DefaultCPUAllocator: not enough memory: you tried to allocate 379454230528 bytes.
2025-01-03 20:30:01,112 - audio.transcription - ERROR - Chunk transcription failed: [enforce fail at alloc_cpu.cpp:114] data. DefaultCPUAllocator: not enough memory: you tried to allocate 381420314624 bytes.
2025-01-03 20:30:01,163 - audio.transcription - ERROR - Chunk transcription failed: [enforce fail at alloc_cpu.cpp:114] data. DefaultCPUAllocator: not enough memory: you tried to allocate 383386398720 bytes.
2025-01-03 20:30:01,179 - audio.transcription - ERROR - Chunk transcription failed: [enforce fail at alloc_cpu.cpp:114] data. DefaultCPUAllocator: not enough memory: you tried to allocate 385352482816 bytes.
2025-01-03 20:30:01,212 - audio.transcription - ERROR - Chunk transcription failed: [enforce fail at alloc_cpu.cpp:114] data. DefaultCPUAllocator: not enough memory: you tried to allocate 387318566912 bytes.
2025-01-03 20:30:01,228 - audio.transcription - ERROR - Chunk transcription failed: [enforce fail at alloc_cpu.cpp:114] data. DefaultCPUAllocator: not enough memory: you tried to allocate 389284651008 bytes.
2025-01-03 20:30:01,257 - audio.transcription - ERROR - Chunk transcription failed: [enforce fail at alloc_cpu.cpp:114] data. DefaultCPUAllocator: not enough memory: you tried to allocate 391250735104 bytes.
2025-01-03 20:30:01,269 - audio.transcription - ERROR - Chunk transcription failed: [enforce fail at alloc_cpu.cpp:114] data. DefaultCPUAllocator: not enough memory: you tried to allocate 393216819200 bytes.
2025-01-03 20:30:01,295 - audio.transcription - ERROR - Chunk transcription failed: [enforce fail at alloc_cpu.cpp:114] data. DefaultCPUAllocator: not enough memory: you tried to allocate 395182903296 bytes.
2025-01-03 20:30:01,314 - audio.transcription - ERROR - Chunk transcription failed: [enforce fail at alloc_cpu.cpp:114] data. DefaultCPUAllocator: not enough memory: you tried to allocate 397148987392 bytes.
2025-01-03 20:30:01,346 - audio.transcription - ERROR - Chunk transcription failed: [enforce fail at alloc_cpu.cpp:114] data. DefaultCPUAllocator: not enough memory: you tried to allocate 399115071488 bytes.
2025-01-03 20:30:01,350 - audio.transcription - ERROR - Chunk transcription failed: [enforce fail at alloc_cpu.cpp:114] data. DefaultCPUAllocator: not enough memory: you tried to allocate 401081155584 bytes.
2025-01-03 20:30:01,389 - audio.transcription - ERROR - Chunk transcription failed: [enforce fail at alloc_cpu.cpp:114] data. DefaultCPUAllocator: not enough memory: you tried to allocate 403047239680 bytes.
2025-01-03 20:30:01,402 - audio.transcription - ERROR - Chunk transcription failed: [enforce fail at alloc_cpu.cpp:114] data. DefaultCPUAllocator: not enough memory: you tried to allocate 405013323776 bytes.
2025-01-03 20:30:01,434 - audio.transcription - ERROR - Chunk transcription failed: [enforce fail at alloc_cpu.cpp:114] data. DefaultCPUAllocator: not enough memory: you tried to allocate 406979407872 bytes.
2025-01-03 20:30:01,438 - audio.transcription - ERROR - Chunk transcription failed: [enforce fail at alloc_cpu.cpp:114] data. DefaultCPUAllocator: not enough memory: you tried to allocate 408945491968 bytes.
2025-01-03 20:30:01,479 - audio.transcription - ERROR - Chunk transcription failed: [enforce fail at alloc_cpu.cpp:114] data. DefaultCPUAllocator: not enough memory: you tried to allocate 410911576064 bytes.
2025-01-03 20:30:01,509 - audio.transcription - ERROR - Chunk transcription failed: [enforce fail at alloc_cpu.cpp:114] data. DefaultCPUAllocator: not enough memory: you tried to allocate 412877660160 bytes.
2025-01-03 20:30:01,529 - audio.transcription - ERROR - Chunk transcription failed: [enforce fail at alloc_cpu.cpp:114] data. DefaultCPUAllocator: not enough memory: you tried to allocate 414843744256 bytes.
2025-01-03 20:30:01,555 - audio.transcription - ERROR - Chunk transcription failed: [enforce fail at alloc_cpu.cpp:114] data. DefaultCPUAllocator: not enough memory: you tried to allocate 416809828352 bytes.
2025-01-03 20:30:01,576 - audio.transcription - ERROR - Chunk transcription failed: [enforce fail at alloc_cpu.cpp:114] data. DefaultCPUAllocator: not enough memory: you tried to allocate 418775912448 bytes.
2025-01-03 20:30:01,580 - audio.transcription - ERROR - Chunk transcription failed: [enforce fail at alloc_cpu.cpp:114] data. DefaultCPUAllocator: not enough memory: you tried to allocate 420741996544 bytes.
2025-01-03 20:30:01,625 - audio.transcription - ERROR - Chunk transcription failed: [enforce fail at alloc_cpu.cpp:114] data. DefaultCPUAllocator: not enough memory: you tried to allocate 422708080640 bytes.
2025-01-03 20:30:01,639 - audio.transcription - ERROR - Chunk transcription failed: [enforce fail at alloc_cpu.cpp:114] data. DefaultCPUAllocator: not enough memory: you tried to allocate 424674164736 bytes.
2025-01-03 20:30:01,677 - audio.transcription - ERROR - Chunk transcription failed: [enforce fail at alloc_cpu.cpp:114] data. DefaultCPUAllocator: not enough memory: you tried to allocate 426640248832 bytes.
2025-01-03 20:30:01,692 - audio.transcription - ERROR - Chunk transcription failed: [enforce fail at alloc_cpu.cpp:114] data. DefaultCPUAllocator: not enough memory: you tried to allocate 428606332928 bytes.
2025-01-03 20:30:01,710 - audio.transcription - ERROR - Chunk transcription failed: [enforce fail at alloc_cpu.cpp:114] data. DefaultCPUAllocator: not enough memory: you tried to allocate 430572417024 bytes.
2025-01-03 20:30:01,716 - audio.transcription - ERROR - Chunk transcription failed: [enforce fail at alloc_cpu.cpp:114] data. DefaultCPUAllocator: not enough memory: you tried to allocate 432538501120 bytes.
2025-01-03 20:30:01,768 - audio.transcription - ERROR - Chunk transcription failed: [enforce fail at alloc_cpu.cpp:114] data. DefaultCPUAllocator: not enough memory: you tried to allocate 434504585216 bytes.
2025-01-03 20:30:01,778 - audio.transcription - ERROR - Chunk transcription failed: [enforce fail at alloc_cpu.cpp:114] data. DefaultCPUAllocator: not enough memory: you tried to allocate 436470669312 bytes.
2025-01-03 20:30:01,815 - audio.transcription - ERROR - Chunk transcription failed: [enforce fail at alloc_cpu.cpp:114] data. DefaultCPUAllocator: not enough memory: you tried to allocate 438436753408 bytes.
2025-01-03 20:30:01,829 - audio.transcription - ERROR - Chunk transcription failed: [enforce fail at alloc_cpu.cpp:114] data. DefaultCPUAllocator: not enough memory: you tried to allocate 440402837504 bytes.
2025-01-03 20:30:01,852 - audio.transcription - ERROR - Chunk transcription failed: [enforce fail at alloc_cpu.cpp:114] data. DefaultCPUAllocator: not enough memory: you tried to allocate 442368921600 bytes.
2025-01-03 20:30:01,859 - audio.transcription - ERROR - Chunk transcription failed: [enforce fail at alloc_cpu.cpp:114] data. DefaultCPUAllocator: not enough memory: you tried to allocate 444335005696 bytes.
2025-01-03 20:30:01,912 - audio.transcription - ERROR - Chunk transcription failed: [enforce fail at alloc_cpu.cpp:114] data. DefaultCPUAllocator: not enough memory: you tried to allocate 446301089792 bytes.
2025-01-03 20:30:01,934 - audio.transcription - ERROR - Chunk transcription failed: [enforce fail at alloc_cpu.cpp:114] data. DefaultCPUAllocator: not enough memory: you tried to allocate 448267173888 bytes.
2025-01-03 20:30:01,943 - audio.transcription - ERROR - Chunk transcription failed: [enforce fail at alloc_cpu.cpp:114] data. DefaultCPUAllocator: not enough memory: you tried to allocate 450233257984 bytes.
2025-01-03 20:30:01,947 - audio.transcription - ERROR - Chunk transcription failed: [enforce fail at alloc_cpu.cpp:114] data. DefaultCPUAllocator: not enough memory: you tried to allocate 452199342080 bytes.
2025-01-03 20:30:02,000 - audio.transcription - ERROR - Chunk transcription failed: [enforce fail at alloc_cpu.cpp:114] data. DefaultCPUAllocator: not enough memory: you tried to allocate 454165426176 bytes.
2025-01-03 20:30:02,019 - audio.transcription - ERROR - Chunk transcription failed: [enforce fail at alloc_cpu.cpp:114] data. DefaultCPUAllocator: not enough memory: you tried to allocate 456131510272 bytes.
2025-01-03 20:30:02,034 - audio.transcription - ERROR - Chunk transcription failed: [enforce fail at alloc_cpu.cpp:114] data. DefaultCPUAllocator: not enough memory: you tried to allocate 458097594368 bytes.
2025-01-03 20:30:02,051 - audio.transcription - ERROR - Chunk transcription failed: [enforce fail at alloc_cpu.cpp:114] data. DefaultCPUAllocator: not enough memory: you tried to allocate 460063678464 bytes.
2025-01-03 20:30:02,093 - audio.transcription - ERROR - Chunk transcription failed: [enforce fail at alloc_cpu.cpp:114] data. DefaultCPUAllocator: not enough memory: you tried to allocate 462029762560 bytes.
2025-01-03 20:30:02,112 - audio.transcription - ERROR - Chunk transcription failed: [enforce fail at alloc_cpu.cpp:114] data. DefaultCPUAllocator: not enough memory: you tried to allocate 463995846656 bytes.
2025-01-03 20:30:02,125 - audio.transcription - ERROR - Chunk transcription failed: [enforce fail at alloc_cpu.cpp:114] data. DefaultCPUAllocator: not enough memory: you tried to allocate 465961930752 bytes.
2025-01-03 20:30:02,140 - audio.transcription - ERROR - Chunk transcription failed: [enforce fail at alloc_cpu.cpp:114] data. DefaultCPUAllocator: not enough memory: you tried to allocate 467928014848 bytes.
2025-01-03 20:30:02,181 - audio.transcription - ERROR - Chunk transcription failed: [enforce fail at alloc_cpu.cpp:114] data. DefaultCPUAllocator: not enough memory: you tried to allocate 469894098944 bytes.
2025-01-03 20:30:02,198 - audio.transcription - ERROR - Chunk transcription failed: [enforce fail at alloc_cpu.cpp:114] data. DefaultCPUAllocator: not enough memory: you tried to allocate 471860183040 bytes.
2025-01-03 20:30:02,236 - audio.transcription - ERROR - Chunk transcription failed: [enforce fail at alloc_cpu.cpp:114] data. DefaultCPUAllocator: not enough memory: you tried to allocate 473826267136 bytes.
2025-01-03 20:30:02,251 - audio.transcription - ERROR - Chunk transcription failed: [enforce fail at alloc_cpu.cpp:114] data. DefaultCPUAllocator: not enough memory: you tried to allocate 475792351232 bytes.
2025-01-03 20:30:02,280 - audio.transcription - ERROR - Chunk transcription failed: [enforce fail at alloc_cpu.cpp:114] data. DefaultCPUAllocator: not enough memory: you tried to allocate 477758435328 bytes.
2025-01-03 20:30:02,286 - audio.transcription - ERROR - Chunk transcription failed: [enforce fail at alloc_cpu.cpp:114] data. DefaultCPUAllocator: not enough memory: you tried to allocate 479724519424 bytes.
2025-01-03 20:30:02,337 - audio.transcription - ERROR - Chunk transcription failed: [enforce fail at alloc_cpu.cpp:114] data. DefaultCPUAllocator: not enough memory: you tried to allocate 481690603520 bytes.
2025-01-03 20:30:02,352 - audio.transcription - ERROR - Chunk transcription failed: [enforce fail at alloc_cpu.cpp:114] data. DefaultCPUAllocator: not enough memory: you tried to allocate 483656687616 bytes.
2025-01-03 20:30:02,359 - audio.transcription - ERROR - Chunk transcription failed: [enforce fail at alloc_cpu.cpp:114] data. DefaultCPUAllocator: not enough memory: you tried to allocate 485622771712 bytes.
2025-01-03 20:30:02,364 - audio.transcription - ERROR - Chunk transcription failed: [enforce fail at alloc_cpu.cpp:114] data. DefaultCPUAllocator: not enough memory: you tried to allocate 487588855808 bytes.
2025-01-03 20:30:02,419 - audio.transcription - ERROR - Chunk transcription failed: [enforce fail at alloc_cpu.cpp:114] data. DefaultCPUAllocator: not enough memory: you tried to allocate 489554939904 bytes.
2025-01-03 20:30:02,435 - audio.transcription - ERROR - Chunk transcription failed: [enforce fail at alloc_cpu.cpp:114] data. DefaultCPUAllocator: not enough memory: you tried to allocate 491521024000 bytes.
2025-01-03 20:30:02,450 - audio.transcription - ERROR - Chunk transcription failed: [enforce fail at alloc_cpu.cpp:114] data. DefaultCPUAllocator: not enough memory: you tried to allocate 493487108096 bytes.
2025-01-03 20:30:02,467 - audio.transcription - ERROR - Chunk transcription failed: [enforce fail at alloc_cpu.cpp:114] data. DefaultCPUAllocator: not enough memory: you tried to allocate 495453192192 bytes.
2025-01-03 20:30:02,516 - audio.transcription - ERROR - Chunk transcription failed: [enforce fail at alloc_cpu.cpp:114] data. DefaultCPUAllocator: not enough memory: you tried to allocate 497419276288 bytes.
2025-01-03 20:30:02,527 - audio.transcription - ERROR - Chunk transcription failed: [enforce fail at alloc_cpu.cpp:114] data. DefaultCPUAllocator: not enough memory: you tried to allocate 499385360384 bytes.
2025-01-03 20:30:02,582 - audio.transcription - ERROR - Chunk transcription failed: [enforce fail at alloc_cpu.cpp:114] data. DefaultCPUAllocator: not enough memory: you tried to allocate 501351444480 bytes.
2025-01-03 20:30:02,605 - audio.transcription - ERROR - Chunk transcription failed: [enforce fail at alloc_cpu.cpp:114] data. DefaultCPUAllocator: not enough memory: you tried to allocate 503317528576 bytes.
2025-01-03 20:30:02,613 - audio.transcription - ERROR - Chunk transcription failed: [enforce fail at alloc_cpu.cpp:114] data. DefaultCPUAllocator: not enough memory: you tried to allocate 505283612672 bytes.
2025-01-03 20:30:02,625 - audio.transcription - ERROR - Chunk transcription failed: [enforce fail at alloc_cpu.cpp:114] data. DefaultCPUAllocator: not enough memory: you tried to allocate 507249696768 bytes.
2025-01-03 20:30:02,681 - audio.transcription - ERROR - Chunk transcription failed: [enforce fail at alloc_cpu.cpp:114] data. DefaultCPUAllocator: not enough memory: you tried to allocate 509215780864 bytes.
2025-01-03 20:30:02,694 - audio.transcription - ERROR - Chunk transcription failed: [enforce fail at alloc_cpu.cpp:114] data. DefaultCPUAllocator: not enough memory: you tried to allocate 511181864960 bytes.
2025-01-03 20:30:02,701 - audio.transcription - ERROR - Chunk transcription failed: [enforce fail at alloc_cpu.cpp:114] data. DefaultCPUAllocator: not enough memory: you tried to allocate 513147949056 bytes.
2025-01-03 20:30:02,712 - audio.transcription - ERROR - Chunk transcription failed: [enforce fail at alloc_cpu.cpp:114] data. DefaultCPUAllocator: not enough memory: you tried to allocate 515114033152 bytes.
2025-01-03 20:30:02,755 - audio.transcription - ERROR - Chunk transcription failed: [enforce fail at alloc_cpu.cpp:114] data. DefaultCPUAllocator: not enough memory: you tried to allocate 517080117248 bytes.
2025-01-03 20:30:02,768 - audio.transcription - ERROR - Chunk transcription failed: [enforce fail at alloc_cpu.cpp:114] data. DefaultCPUAllocator: not enough memory: you tried to allocate 519046201344 bytes.
2025-01-03 20:30:02,784 - audio.transcription - ERROR - Chunk transcription failed: [enforce fail at alloc_cpu.cpp:114] data. DefaultCPUAllocator: not enough memory: you tried to allocate 521012285440 bytes.
2025-01-03 20:30:02,809 - audio.transcription - ERROR - Chunk transcription failed: [enforce fail at alloc_cpu.cpp:114] data. DefaultCPUAllocator: not enough memory: you tried to allocate 522978369536 bytes.
2025-01-03 20:30:02,838 - audio.transcription - ERROR - Chunk transcription failed: [enforce fail at alloc_cpu.cpp:114] data. DefaultCPUAllocator: not enough memory: you tried to allocate 524944453632 bytes.
2025-01-03 20:30:02,854 - audio.transcription - ERROR - Chunk transcription failed: [enforce fail at alloc_cpu.cpp:114] data. DefaultCPUAllocator: not enough memory: you tried to allocate 526910537728 bytes.
2025-01-03 20:30:02,897 - audio.transcription - ERROR - Chunk transcription failed: [enforce fail at alloc_cpu.cpp:114] data. DefaultCPUAllocator: not enough memory: you tried to allocate 528876621824 bytes.
2025-01-03 20:30:02,924 - audio.transcription - ERROR - Chunk transcription failed: [enforce fail at alloc_cpu.cpp:114] data. DefaultCPUAllocator: not enough memory: you tried to allocate 530842705920 bytes.
2025-01-03 20:30:02,946 - audio.transcription - ERROR - Chunk transcription failed: [enforce fail at alloc_cpu.cpp:114] data. DefaultCPUAllocator: not enough memory: you tried to allocate 532808790016 bytes.
2025-01-03 20:30:02,952 - audio.transcription - ERROR - Chunk transcription failed: [enforce fail at alloc_cpu.cpp:114] data. DefaultCPUAllocator: not enough memory: you tried to allocate 534774874112 bytes.
2025-01-03 20:30:02,989 - audio.transcription - ERROR - Chunk transcription failed: [enforce fail at alloc_cpu.cpp:114] data. DefaultCPUAllocator: not enough memory: you tried to allocate 536740958208 bytes.
2025-01-03 20:30:03,024 - audio.transcription - ERROR - Chunk transcription failed: [enforce fail at alloc_cpu.cpp:114] data. DefaultCPUAllocator: not enough memory: you tried to allocate 538707042304 bytes.
2025-01-03 20:30:03,037 - audio.transcription - ERROR - Chunk transcription failed: [enforce fail at alloc_cpu.cpp:114] data. DefaultCPUAllocator: not enough memory: you tried to allocate 540673126400 bytes.
2025-01-03 20:30:03,047 - audio.transcription - ERROR - Chunk transcription failed: [enforce fail at alloc_cpu.cpp:114] data. DefaultCPUAllocator: not enough memory: you tried to allocate 542639210496 bytes.
2025-01-03 20:30:03,098 - audio.transcription - ERROR - Chunk transcription failed: [enforce fail at alloc_cpu.cpp:114] data. DefaultCPUAllocator: not enough memory: you tried to allocate 544605294592 bytes.
2025-01-03 20:30:03,134 - audio.transcription - ERROR - Chunk transcription failed: [enforce fail at alloc_cpu.cpp:114] data. DefaultCPUAllocator: not enough memory: you tried to allocate 546571378688 bytes.
2025-01-03 20:30:03,141 - audio.transcription - ERROR - Chunk transcription failed: [enforce fail at alloc_cpu.cpp:114] data. DefaultCPUAllocator: not enough memory: you tried to allocate 548537462784 bytes.
2025-01-03 20:30:03,149 - audio.transcription - ERROR - Chunk transcription failed: [enforce fail at alloc_cpu.cpp:114] data. DefaultCPUAllocator: not enough memory: you tried to allocate 550503546880 bytes.
2025-01-03 20:30:03,163 - audio.transcription - ERROR - Chunk transcription failed: [enforce fail at alloc_cpu.cpp:114] data. DefaultCPUAllocator: not enough memory: you tried to allocate 552469630976 bytes.
2025-01-03 20:30:03,196 - audio.transcription - ERROR - Chunk transcription failed: [enforce fail at alloc_cpu.cpp:114] data. DefaultCPUAllocator: not enough memory: you tried to allocate 554435715072 bytes.
2025-01-03 20:30:03,221 - audio.transcription - ERROR - Chunk transcription failed: [enforce fail at alloc_cpu.cpp:114] data. DefaultCPUAllocator: not enough memory: you tried to allocate 556401799168 bytes.
2025-01-03 20:30:03,229 - audio.transcription - ERROR - Chunk transcription failed: [enforce fail at alloc_cpu.cpp:114] data. DefaultCPUAllocator: not enough memory: you tried to allocate 558367883264 bytes.
2025-01-03 20:30:03,262 - audio.transcription - ERROR - Chunk transcription failed: [enforce fail at alloc_cpu.cpp:114] data. DefaultCPUAllocator: not enough memory: you tried to allocate 560333967360 bytes.
2025-01-03 20:30:03,309 - audio.transcription - ERROR - Chunk transcription failed: [enforce fail at alloc_cpu.cpp:114] data. DefaultCPUAllocator: not enough memory: you tried to allocate 562300051456 bytes.
2025-01-03 20:30:03,318 - audio.transcription - ERROR - Chunk transcription failed: [enforce fail at alloc_cpu.cpp:114] data. DefaultCPUAllocator: not enough memory: you tried to allocate 564266135552 bytes.
2025-01-03 20:30:03,325 - audio.transcription - ERROR - Chunk transcription failed: [enforce fail at alloc_cpu.cpp:114] data. DefaultCPUAllocator: not enough memory: you tried to allocate 566232219648 bytes.
2025-01-03 20:30:03,376 - audio.transcription - ERROR - Chunk transcription failed: [enforce fail at alloc_cpu.cpp:114] data. DefaultCPUAllocator: not enough memory: you tried to allocate 568198303744 bytes.
2025-01-03 20:30:03,406 - audio.transcription - ERROR - Chunk transcription failed: [enforce fail at alloc_cpu.cpp:114] data. DefaultCPUAllocator: not enough memory: you tried to allocate 570164387840 bytes.
2025-01-03 20:30:03,415 - audio.transcription - ERROR - Chunk transcription failed: [enforce fail at alloc_cpu.cpp:114] data. DefaultCPUAllocator: not enough memory: you tried to allocate 572130471936 bytes.
2025-01-03 20:30:03,421 - audio.transcription - ERROR - Chunk transcription failed: [enforce fail at alloc_cpu.cpp:114] data. DefaultCPUAllocator: not enough memory: you tried to allocate 574096556032 bytes.
2025-01-03 20:30:03,465 - audio.transcription - ERROR - Chunk transcription failed: [enforce fail at alloc_cpu.cpp:114] data. DefaultCPUAllocator: not enough memory: you tried to allocate 576062640128 bytes.
2025-01-03 20:30:03,491 - audio.transcription - ERROR - Chunk transcription failed: [enforce fail at alloc_cpu.cpp:114] data. DefaultCPUAllocator: not enough memory: you tried to allocate 578028724224 bytes.
2025-01-03 20:30:03,498 - audio.transcription - ERROR - Chunk transcription failed: [enforce fail at alloc_cpu.cpp:114] data. DefaultCPUAllocator: not enough memory: you tried to allocate 579994808320 bytes.
2025-01-03 20:30:03,504 - audio.transcription - ERROR - Chunk transcription failed: [enforce fail at alloc_cpu.cpp:114] data. DefaultCPUAllocator: not enough memory: you tried to allocate 581960892416 bytes.
2025-01-03 20:30:03,565 - audio.transcription - ERROR - Chunk transcription failed: [enforce fail at alloc_cpu.cpp:114] data. DefaultCPUAllocator: not enough memory: you tried to allocate 583926976512 bytes.
2025-01-03 20:30:03,580 - audio.transcription - ERROR - Chunk transcription failed: [enforce fail at alloc_cpu.cpp:114] data. DefaultCPUAllocator: not enough memory: you tried to allocate 585893060608 bytes.
2025-01-03 20:30:03,595 - audio.transcription - ERROR - Chunk transcription failed: [enforce fail at alloc_cpu.cpp:114] data. DefaultCPUAllocator: not enough memory: you tried to allocate 587859144704 bytes.
2025-01-03 20:30:03,629 - audio.transcription - ERROR - Chunk transcription failed: [enforce fail at alloc_cpu.cpp:114] data. DefaultCPUAllocator: not enough memory: you tried to allocate 589825228800 bytes.
2025-01-03 20:30:03,661 - audio.transcription - ERROR - Chunk transcription failed: [enforce fail at alloc_cpu.cpp:114] data. DefaultCPUAllocator: not enough memory: you tried to allocate 591791312896 bytes.
2025-01-03 20:30:03,668 - audio.transcription - ERROR - Chunk transcription failed: [enforce fail at alloc_cpu.cpp:114] data. DefaultCPUAllocator: not enough memory: you tried to allocate 593757396992 bytes.
2025-01-03 20:30:03,674 - audio.transcription - ERROR - Chunk transcription failed: [enforce fail at alloc_cpu.cpp:114] data. DefaultCPUAllocator: not enough memory: you tried to allocate 595723481088 bytes.
2025-01-03 20:30:03,699 - audio.transcription - ERROR - Chunk transcription failed: [enforce fail at alloc_cpu.cpp:114] data. DefaultCPUAllocator: not enough memory: you tried to allocate 597689565184 bytes.
2025-01-03 20:30:03,737 - audio.transcription - ERROR - Chunk transcription failed: [enforce fail at alloc_cpu.cpp:114] data. DefaultCPUAllocator: not enough memory: you tried to allocate 599655649280 bytes.
2025-01-03 20:30:03,745 - audio.transcription - ERROR - Chunk transcription failed: [enforce fail at alloc_cpu.cpp:114] data. DefaultCPUAllocator: not enough memory: you tried to allocate 601621733376 bytes.
2025-01-03 20:30:03,762 - audio.transcription - ERROR - Chunk transcription failed: [enforce fail at alloc_cpu.cpp:114] data. DefaultCPUAllocator: not enough memory: you tried to allocate 603587817472 bytes.
2025-01-03 20:30:03,779 - audio.transcription - ERROR - Chunk transcription failed: [enforce fail at alloc_cpu.cpp:114] data. DefaultCPUAllocator: not enough memory: you tried to allocate 605553901568 bytes.
2025-01-03 20:30:03,820 - audio.transcription - ERROR - Chunk transcription failed: [enforce fail at alloc_cpu.cpp:114] data. DefaultCPUAllocator: not enough memory: you tried to allocate 607519985664 bytes.
2025-01-03 20:30:03,837 - audio.transcription - ERROR - Chunk transcription failed: [enforce fail at alloc_cpu.cpp:114] data. DefaultCPUAllocator: not enough memory: you tried to allocate 609486069760 bytes.
2025-01-03 20:30:03,886 - audio.transcription - ERROR - Chunk transcription failed: [enforce fail at alloc_cpu.cpp:114] data. DefaultCPUAllocator: not enough memory: you tried to allocate 611452153856 bytes.
2025-01-03 20:30:03,901 - audio.transcription - ERROR - Chunk transcription failed: [enforce fail at alloc_cpu.cpp:114] data. DefaultCPUAllocator: not enough memory: you tried to allocate 613418237952 bytes.
2025-01-03 20:30:03,907 - audio.transcription - ERROR - Chunk transcription failed: [enforce fail at alloc_cpu.cpp:114] data. DefaultCPUAllocator: not enough memory: you tried to allocate 615384322048 bytes.
2025-01-03 20:30:03,927 - audio.transcription - ERROR - Chunk transcription failed: [enforce fail at alloc_cpu.cpp:114] data. DefaultCPUAllocator: not enough memory: you tried to allocate 617350406144 bytes.
2025-01-03 20:30:03,973 - audio.transcription - ERROR - Chunk transcription failed: [enforce fail at alloc_cpu.cpp:114] data. DefaultCPUAllocator: not enough memory: you tried to allocate 619316490240 bytes.
2025-01-03 20:30:03,987 - audio.transcription - ERROR - Chunk transcription failed: [enforce fail at alloc_cpu.cpp:114] data. DefaultCPUAllocator: not enough memory: you tried to allocate 621282574336 bytes.
2025-01-03 20:30:03,994 - audio.transcription - ERROR - Chunk transcription failed: [enforce fail at alloc_cpu.cpp:114] data. DefaultCPUAllocator: not enough memory: you tried to allocate 623248658432 bytes.
2025-01-03 20:30:04,007 - audio.transcription - ERROR - Chunk transcription failed: [enforce fail at alloc_cpu.cpp:114] data. DefaultCPUAllocator: not enough memory: you tried to allocate 625214742528 bytes.
2025-01-03 20:30:04,061 - audio.transcription - ERROR - Chunk transcription failed: [enforce fail at alloc_cpu.cpp:114] data. DefaultCPUAllocator: not enough memory: you tried to allocate 627180826624 bytes.
2025-01-03 20:30:04,076 - audio.transcription - ERROR - Chunk transcription failed: [enforce fail at alloc_cpu.cpp:114] data. DefaultCPUAllocator: not enough memory: you tried to allocate 629146910720 bytes.
2025-01-03 20:30:04,081 - audio.transcription - ERROR - Chunk transcription failed: [enforce fail at alloc_cpu.cpp:114] data. DefaultCPUAllocator: not enough memory: you tried to allocate 631112994816 bytes.
2025-01-03 20:30:04,097 - audio.transcription - ERROR - Chunk transcription failed: [enforce fail at alloc_cpu.cpp:114] data. DefaultCPUAllocator: not enough memory: you tried to allocate 633079078912 bytes.
2025-01-03 20:30:04,152 - audio.transcription - ERROR - Chunk transcription failed: [enforce fail at alloc_cpu.cpp:114] data. DefaultCPUAllocator: not enough memory: you tried to allocate 635045163008 bytes.
2025-01-03 20:30:04,159 - audio.transcription - ERROR - Chunk transcription failed: [enforce fail at alloc_cpu.cpp:114] data. DefaultCPUAllocator: not enough memory: you tried to allocate 637011247104 bytes.
2025-01-03 20:30:04,209 - audio.transcription - ERROR - Chunk transcription failed: [enforce fail at alloc_cpu.cpp:114] data. DefaultCPUAllocator: not enough memory: you tried to allocate 638977331200 bytes.
2025-01-03 20:30:04,242 - audio.transcription - ERROR - Chunk transcription failed: [enforce fail at alloc_cpu.cpp:114] data. DefaultCPUAllocator: not enough memory: you tried to allocate 640943415296 bytes.
2025-01-03 20:30:04,256 - audio.transcription - ERROR - Chunk transcription failed: [enforce fail at alloc_cpu.cpp:114] data. DefaultCPUAllocator: not enough memory: you tried to allocate 642909499392 bytes.
2025-01-03 20:30:04,289 - audio.transcription - ERROR - Chunk transcription failed: [enforce fail at alloc_cpu.cpp:114] data. DefaultCPUAllocator: not enough memory: you tried to allocate 644875583488 bytes.
2025-01-03 20:30:04,328 - audio.transcription - ERROR - Chunk transcription failed: [enforce fail at alloc_cpu.cpp:114] data. DefaultCPUAllocator: not enough memory: you tried to allocate 646841667584 bytes.
2025-01-03 20:30:04,335 - audio.transcription - ERROR - Chunk transcription failed: [enforce fail at alloc_cpu.cpp:114] data. DefaultCPUAllocator: not enough memory: you tried to allocate 648807751680 bytes.
2025-01-03 20:30:04,344 - audio.transcription - ERROR - Chunk transcription failed: [enforce fail at alloc_cpu.cpp:114] data. DefaultCPUAllocator: not enough memory: you tried to allocate 650773835776 bytes.
2025-01-03 20:30:04,386 - audio.transcription - ERROR - Chunk transcription failed: [enforce fail at alloc_cpu.cpp:114] data. DefaultCPUAllocator: not enough memory: you tried to allocate 652739919872 bytes.
2025-01-03 20:30:04,419 - audio.transcription - ERROR - Chunk transcription failed: [enforce fail at alloc_cpu.cpp:114] data. DefaultCPUAllocator: not enough memory: you tried to allocate 654706003968 bytes.
2025-01-03 20:30:04,427 - audio.transcription - ERROR - Chunk transcription failed: [enforce fail at alloc_cpu.cpp:114] data. DefaultCPUAllocator: not enough memory: you tried to allocate 656672088064 bytes.
2025-01-03 20:30:04,435 - audio.transcription - ERROR - Chunk transcription failed: [enforce fail at alloc_cpu.cpp:114] data. DefaultCPUAllocator: not enough memory: you tried to allocate 658638172160 bytes.
2025-01-03 20:30:04,457 - audio.transcription - ERROR - Chunk transcription failed: [enforce fail at alloc_cpu.cpp:114] data. DefaultCPUAllocator: not enough memory: you tried to allocate 660604256256 bytes.
2025-01-03 20:30:04,495 - audio.transcription - ERROR - Chunk transcription failed: [enforce fail at alloc_cpu.cpp:114] data. DefaultCPUAllocator: not enough memory: you tried to allocate 662570340352 bytes.
2025-01-03 20:30:04,518 - audio.transcription - ERROR - Chunk transcription failed: [enforce fail at alloc_cpu.cpp:114] data. DefaultCPUAllocator: not enough memory: you tried to allocate 664536424448 bytes.
2025-01-03 20:30:04,525 - audio.transcription - ERROR - Chunk transcription failed: [enforce fail at alloc_cpu.cpp:114] data. DefaultCPUAllocator: not enough memory: you tried to allocate 666502508544 bytes.
2025-01-03 20:30:04,556 - audio.transcription - ERROR - Chunk transcription failed: [enforce fail at alloc_cpu.cpp:114] data. DefaultCPUAllocator: not enough memory: you tried to allocate 668468592640 bytes.
2025-01-03 20:30:04,594 - audio.transcription - ERROR - Chunk transcription failed: [enforce fail at alloc_cpu.cpp:114] data. DefaultCPUAllocator: not enough memory: you tried to allocate 670434676736 bytes.
2025-01-03 20:30:04,609 - audio.transcription - ERROR - Chunk transcription failed: [enforce fail at alloc_cpu.cpp:114] data. DefaultCPUAllocator: not enough memory: you tried to allocate 672400760832 bytes.
2025-01-03 20:30:04,623 - audio.transcription - ERROR - Chunk transcription failed: [enforce fail at alloc_cpu.cpp:114] data. DefaultCPUAllocator: not enough memory: you tried to allocate 674366844928 bytes.
2025-01-03 20:30:04,648 - audio.transcription - ERROR - Chunk transcription failed: [enforce fail at alloc_cpu.cpp:114] data. DefaultCPUAllocator: not enough memory: you tried to allocate 676332929024 bytes.
2025-01-03 20:30:04,682 - audio.transcription - ERROR - Chunk transcription failed: [enforce fail at alloc_cpu.cpp:114] data. DefaultCPUAllocator: not enough memory: you tried to allocate 678299013120 bytes.
2025-01-03 20:30:04,699 - audio.transcription - ERROR - Chunk transcription failed: [enforce fail at alloc_cpu.cpp:114] data. DefaultCPUAllocator: not enough memory: you tried to allocate 680265097216 bytes.
2025-01-03 20:30:04,725 - audio.transcription - ERROR - Chunk transcription failed: [enforce fail at alloc_cpu.cpp:114] data. DefaultCPUAllocator: not enough memory: you tried to allocate 682231181312 bytes.
2025-01-03 20:30:04,740 - audio.transcription - ERROR - Chunk transcription failed: [enforce fail at alloc_cpu.cpp:114] data. DefaultCPUAllocator: not enough memory: you tried to allocate 684197265408 bytes.
2025-01-03 20:30:04,789 - audio.transcription - ERROR - Chunk transcription failed: [enforce fail at alloc_cpu.cpp:114] data. DefaultCPUAllocator: not enough memory: you tried to allocate 686163349504 bytes.
2025-01-03 20:30:04,818 - audio.transcription - ERROR - Chunk transcription failed: [enforce fail at alloc_cpu.cpp:114] data. DefaultCPUAllocator: not enough memory: you tried to allocate 688129433600 bytes.
2025-01-03 20:30:04,825 - audio.transcription - ERROR - Chunk transcription failed: [enforce fail at alloc_cpu.cpp:114] data. DefaultCPUAllocator: not enough memory: you tried to allocate 690095517696 bytes.
2025-01-03 20:30:04,856 - audio.transcription - ERROR - Chunk transcription failed: [enforce fail at alloc_cpu.cpp:114] data. DefaultCPUAllocator: not enough memory: you tried to allocate 692061601792 bytes.
2025-01-03 20:30:04,890 - audio.transcription - ERROR - Chunk transcription failed: [enforce fail at alloc_cpu.cpp:114] data. DefaultCPUAllocator: not enough memory: you tried to allocate 694027685888 bytes.
2025-01-03 20:30:04,906 - audio.transcription - ERROR - Chunk transcription failed: [enforce fail at alloc_cpu.cpp:114] data. DefaultCPUAllocator: not enough memory: you tried to allocate 695993769984 bytes.
2025-01-03 20:30:04,920 - audio.transcription - ERROR - Chunk transcription failed: [enforce fail at alloc_cpu.cpp:114] data. DefaultCPUAllocator: not enough memory: you tried to allocate 697959854080 bytes.
2025-01-03 20:30:04,957 - audio.transcription - ERROR - Chunk transcription failed: [enforce fail at alloc_cpu.cpp:114] data. DefaultCPUAllocator: not enough memory: you tried to allocate 699925938176 bytes.
2025-01-03 20:30:04,978 - audio.transcription - ERROR - Chunk transcription failed: [enforce fail at alloc_cpu.cpp:114] data. DefaultCPUAllocator: not enough memory: you tried to allocate 701892022272 bytes.
2025-01-03 20:30:04,991 - audio.transcription - ERROR - Chunk transcription failed: [enforce fail at alloc_cpu.cpp:114] data. DefaultCPUAllocator: not enough memory: you tried to allocate 703858106368 bytes.
2025-01-03 20:30:05,029 - audio.transcription - ERROR - Chunk transcription failed: [enforce fail at alloc_cpu.cpp:114] data. DefaultCPUAllocator: not enough memory: you tried to allocate 705824190464 bytes.
2025-01-03 20:30:05,050 - audio.transcription - ERROR - Chunk transcription failed: [enforce fail at alloc_cpu.cpp:114] data. DefaultCPUAllocator: not enough memory: you tried to allocate 707790274560 bytes.
2025-01-03 20:30:05,060 - audio.transcription - ERROR - Chunk transcription failed: [enforce fail at alloc_cpu.cpp:114] data. DefaultCPUAllocator: not enough memory: you tried to allocate 709756358656 bytes.
2025-01-03 20:30:05,077 - audio.transcription - ERROR - Chunk transcription failed: [enforce fail at alloc_cpu.cpp:114] data. DefaultCPUAllocator: not enough memory: you tried to allocate 711722442752 bytes.
2025-01-03 20:30:05,099 - audio.transcription - ERROR - Chunk transcription failed: [enforce fail at alloc_cpu.cpp:114] data. DefaultCPUAllocator: not enough memory: you tried to allocate 713688526848 bytes.
2025-01-03 20:30:05,138 - audio.transcription - ERROR - Chunk transcription failed: [enforce fail at alloc_cpu.cpp:114] data. DefaultCPUAllocator: not enough memory: you tried to allocate 715654610944 bytes.
2025-01-03 20:30:05,146 - audio.transcription - ERROR - Chunk transcription failed: [enforce fail at alloc_cpu.cpp:114] data. DefaultCPUAllocator: not enough memory: you tried to allocate 717620695040 bytes.
2025-01-03 20:30:05,163 - audio.transcription - ERROR - Chunk transcription failed: [enforce fail at alloc_cpu.cpp:114] data. DefaultCPUAllocator: not enough memory: you tried to allocate 719586779136 bytes.
2025-01-03 20:30:05,201 - audio.transcription - ERROR - Chunk transcription failed: [enforce fail at alloc_cpu.cpp:114] data. DefaultCPUAllocator: not enough memory: you tried to allocate 721552863232 bytes.
2025-01-03 20:30:05,234 - audio.transcription - ERROR - Chunk transcription failed: [enforce fail at alloc_cpu.cpp:114] data. DefaultCPUAllocator: not enough memory: you tried to allocate 723518947328 bytes.
2025-01-03 20:30:05,251 - audio.transcription - ERROR - Chunk transcription failed: [enforce fail at alloc_cpu.cpp:114] data. DefaultCPUAllocator: not enough memory: you tried to allocate 725485031424 bytes.
2025-01-03 20:30:05,288 - audio.transcription - ERROR - Chunk transcription failed: [enforce fail at alloc_cpu.cpp:114] data. DefaultCPUAllocator: not enough memory: you tried to allocate 727451115520 bytes.
2025-01-03 20:30:05,313 - audio.transcription - ERROR - Chunk transcription failed: [enforce fail at alloc_cpu.cpp:114] data. DefaultCPUAllocator: not enough memory: you tried to allocate 729417199616 bytes.
2025-01-03 20:30:05,322 - audio.transcription - ERROR - Chunk transcription failed: [enforce fail at alloc_cpu.cpp:114] data. DefaultCPUAllocator: not enough memory: you tried to allocate 731383283712 bytes.
2025-01-03 20:30:05,341 - audio.transcription - ERROR - Chunk transcription failed: [enforce fail at alloc_cpu.cpp:114] data. DefaultCPUAllocator: not enough memory: you tried to allocate 733349367808 bytes.
2025-01-03 20:30:05,381 - audio.transcription - ERROR - Chunk transcription failed: [enforce fail at alloc_cpu.cpp:114] data. DefaultCPUAllocator: not enough memory: you tried to allocate 735315451904 bytes.
2025-01-03 20:30:05,402 - audio.transcription - ERROR - Chunk transcription failed: [enforce fail at alloc_cpu.cpp:114] data. DefaultCPUAllocator: not enough memory: you tried to allocate 737281536000 bytes.
2025-01-03 20:30:05,417 - audio.transcription - ERROR - Chunk transcription failed: [enforce fail at alloc_cpu.cpp:114] data. DefaultCPUAllocator: not enough memory: you tried to allocate 739247620096 bytes.
2025-01-03 20:30:05,448 - audio.transcription - ERROR - Chunk transcription failed: [enforce fail at alloc_cpu.cpp:114] data. DefaultCPUAllocator: not enough memory: you tried to allocate 741213704192 bytes.
2025-01-03 20:30:05,488 - audio.transcription - ERROR - Chunk transcription failed: [enforce fail at alloc_cpu.cpp:114] data. DefaultCPUAllocator: not enough memory: you tried to allocate 743179788288 bytes.
2025-01-03 20:30:05,495 - audio.transcription - ERROR - Chunk transcription failed: [enforce fail at alloc_cpu.cpp:114] data. DefaultCPUAllocator: not enough memory: you tried to allocate 745145872384 bytes.
2025-01-03 20:30:05,507 - audio.transcription - ERROR - Chunk transcription failed: [enforce fail at alloc_cpu.cpp:114] data. DefaultCPUAllocator: not enough memory: you tried to allocate 747111956480 bytes.
2025-01-03 20:30:05,548 - audio.transcription - ERROR - Chunk transcription failed: [enforce fail at alloc_cpu.cpp:114] data. DefaultCPUAllocator: not enough memory: you tried to allocate 749078040576 bytes.
2025-01-03 20:30:05,570 - audio.transcription - ERROR - Chunk transcription failed: [enforce fail at alloc_cpu.cpp:114] data. DefaultCPUAllocator: not enough memory: you tried to allocate 751044124672 bytes.
2025-01-03 20:30:05,580 - audio.transcription - ERROR - Chunk transcription failed: [enforce fail at alloc_cpu.cpp:114] data. DefaultCPUAllocator: not enough memory: you tried to allocate 753010208768 bytes.
2025-01-03 20:30:05,619 - audio.transcription - ERROR - Chunk transcription failed: [enforce fail at alloc_cpu.cpp:114] data. DefaultCPUAllocator: not enough memory: you tried to allocate 754976292864 bytes.
2025-01-03 20:30:05,658 - audio.transcription - ERROR - Chunk transcription failed: [enforce fail at alloc_cpu.cpp:114] data. DefaultCPUAllocator: not enough memory: you tried to allocate 756942376960 bytes.
2025-01-03 20:30:05,665 - audio.transcription - ERROR - Chunk transcription failed: [enforce fail at alloc_cpu.cpp:114] data. DefaultCPUAllocator: not enough memory: you tried to allocate 758908461056 bytes.
2025-01-03 20:30:05,674 - audio.transcription - ERROR - Chunk transcription failed: [enforce fail at alloc_cpu.cpp:114] data. DefaultCPUAllocator: not enough memory: you tried to allocate 760874545152 bytes.
2025-01-03 20:30:05,693 - audio.transcription - ERROR - Chunk transcription failed: [enforce fail at alloc_cpu.cpp:114] data. DefaultCPUAllocator: not enough memory: you tried to allocate 762840629248 bytes.
2025-01-03 20:30:05,745 - audio.transcription - ERROR - Chunk transcription failed: [enforce fail at alloc_cpu.cpp:114] data. DefaultCPUAllocator: not enough memory: you tried to allocate 764806713344 bytes.
2025-01-03 20:30:05,761 - audio.transcription - ERROR - Chunk transcription failed: [enforce fail at alloc_cpu.cpp:114] data. DefaultCPUAllocator: not enough memory: you tried to allocate 766772797440 bytes.
2025-01-03 20:30:05,769 - audio.transcription - ERROR - Chunk transcription failed: [enforce fail at alloc_cpu.cpp:114] data. DefaultCPUAllocator: not enough memory: you tried to allocate 768738881536 bytes.
2025-01-03 20:30:05,819 - audio.transcription - ERROR - Chunk transcription failed: [enforce fail at alloc_cpu.cpp:114] data. DefaultCPUAllocator: not enough memory: you tried to allocate 770704965632 bytes.
2025-01-03 20:30:05,846 - audio.transcription - ERROR - Chunk transcription failed: [enforce fail at alloc_cpu.cpp:114] data. DefaultCPUAllocator: not enough memory: you tried to allocate 772671049728 bytes.
2025-01-03 20:30:05,858 - audio.transcription - ERROR - Chunk transcription failed: [enforce fail at alloc_cpu.cpp:114] data. DefaultCPUAllocator: not enough memory: you tried to allocate 774637133824 bytes.
2025-01-03 20:30:05,906 - audio.transcription - ERROR - Chunk transcription failed: [enforce fail at alloc_cpu.cpp:114] data. DefaultCPUAllocator: not enough memory: you tried to allocate 776603217920 bytes.
2025-01-03 20:30:05,931 - audio.transcription - ERROR - Chunk transcription failed: [enforce fail at alloc_cpu.cpp:114] data. DefaultCPUAllocator: not enough memory: you tried to allocate 778569302016 bytes.
2025-01-03 20:30:05,941 - audio.transcription - ERROR - Chunk transcription failed: [enforce fail at alloc_cpu.cpp:114] data. DefaultCPUAllocator: not enough memory: you tried to allocate 780535386112 bytes.
2025-01-03 20:30:05,990 - audio.transcription - ERROR - Chunk transcription failed: [enforce fail at alloc_cpu.cpp:114] data. DefaultCPUAllocator: not enough memory: you tried to allocate 782501470208 bytes.
2025-01-03 20:30:06,018 - audio.transcription - ERROR - Chunk transcription failed: [enforce fail at alloc_cpu.cpp:114] data. DefaultCPUAllocator: not enough memory: you tried to allocate 784467554304 bytes.
2025-01-03 20:30:06,029 - audio.transcription - ERROR - Chunk transcription failed: [enforce fail at alloc_cpu.cpp:114] data. DefaultCPUAllocator: not enough memory: you tried to allocate 786433638400 bytes.
2025-01-03 20:30:06,078 - audio.transcription - ERROR - Chunk transcription failed: [enforce fail at alloc_cpu.cpp:114] data. DefaultCPUAllocator: not enough memory: you tried to allocate 788399722496 bytes.
2025-01-03 20:30:06,102 - audio.transcription - ERROR - Chunk transcription failed: [enforce fail at alloc_cpu.cpp:114] data. DefaultCPUAllocator: not enough memory: you tried to allocate 790365806592 bytes.
2025-01-03 20:30:06,115 - audio.transcription - ERROR - Chunk transcription failed: [enforce fail at alloc_cpu.cpp:114] data. DefaultCPUAllocator: not enough memory: you tried to allocate 792331890688 bytes.
2025-01-03 20:30:06,152 - audio.transcription - ERROR - Chunk transcription failed: [enforce fail at alloc_cpu.cpp:114] data. DefaultCPUAllocator: not enough memory: you tried to allocate 794297974784 bytes.
2025-01-03 20:30:06,176 - audio.transcription - ERROR - Chunk transcription failed: [enforce fail at alloc_cpu.cpp:114] data. DefaultCPUAllocator: not enough memory: you tried to allocate 796264058880 bytes.
2025-01-03 20:30:06,192 - audio.transcription - ERROR - Chunk transcription failed: [enforce fail at alloc_cpu.cpp:114] data. DefaultCPUAllocator: not enough memory: you tried to allocate 798230142976 bytes.
2025-01-03 20:30:06,240 - audio.transcription - ERROR - Chunk transcription failed: [enforce fail at alloc_cpu.cpp:114] data. DefaultCPUAllocator: not enough memory: you tried to allocate 800196227072 bytes.
2025-01-03 20:30:06,262 - audio.transcription - ERROR - Chunk transcription failed: [enforce fail at alloc_cpu.cpp:114] data. DefaultCPUAllocator: not enough memory: you tried to allocate 802162311168 bytes.
2025-01-03 20:30:06,276 - audio.transcription - ERROR - Chunk transcription failed: [enforce fail at alloc_cpu.cpp:114] data. DefaultCPUAllocator: not enough memory: you tried to allocate 804128395264 bytes.
2025-01-03 20:30:06,330 - audio.transcription - ERROR - Chunk transcription failed: [enforce fail at alloc_cpu.cpp:114] data. DefaultCPUAllocator: not enough memory: you tried to allocate 806094479360 bytes.
2025-01-03 20:30:06,354 - audio.transcription - ERROR - Chunk transcription failed: [enforce fail at alloc_cpu.cpp:114] data. DefaultCPUAllocator: not enough memory: you tried to allocate 808060563456 bytes.
2025-01-03 20:30:06,372 - audio.transcription - ERROR - Chunk transcription failed: [enforce fail at alloc_cpu.cpp:114] data. DefaultCPUAllocator: not enough memory: you tried to allocate 810026647552 bytes.
2025-01-03 20:30:06,410 - audio.transcription - ERROR - Chunk transcription failed: [enforce fail at alloc_cpu.cpp:114] data. DefaultCPUAllocator: not enough memory: you tried to allocate 811992731648 bytes.
2025-01-03 20:30:06,438 - audio.transcription - ERROR - Chunk transcription failed: [enforce fail at alloc_cpu.cpp:114] data. DefaultCPUAllocator: not enough memory: you tried to allocate 813958815744 bytes.
2025-01-03 20:30:06,447 - audio.transcription - ERROR - Chunk transcription failed: [enforce fail at alloc_cpu.cpp:114] data. DefaultCPUAllocator: not enough memory: you tried to allocate 815924899840 bytes.
2025-01-03 20:30:06,461 - audio.transcription - ERROR - Chunk transcription failed: [enforce fail at alloc_cpu.cpp:114] data. DefaultCPUAllocator: not enough memory: you tried to allocate 817890983936 bytes.
2025-01-03 20:30:06,500 - audio.transcription - ERROR - Chunk transcription failed: [enforce fail at alloc_cpu.cpp:114] data. DefaultCPUAllocator: not enough memory: you tried to allocate 819857068032 bytes.
2025-01-03 20:30:06,534 - audio.transcription - ERROR - Chunk transcription failed: [enforce fail at alloc_cpu.cpp:114] data. DefaultCPUAllocator: not enough memory: you tried to allocate 821823152128 bytes.
2025-01-03 20:30:06,547 - audio.transcription - ERROR - Chunk transcription failed: [enforce fail at alloc_cpu.cpp:114] data. DefaultCPUAllocator: not enough memory: you tried to allocate 823789236224 bytes.
2025-01-03 20:30:06,589 - audio.transcription - ERROR - Chunk transcription failed: [enforce fail at alloc_cpu.cpp:114] data. DefaultCPUAllocator: not enough memory: you tried to allocate 825755320320 bytes.
2025-01-03 20:30:06,621 - audio.transcription - ERROR - Chunk transcription failed: [enforce fail at alloc_cpu.cpp:114] data. DefaultCPUAllocator: not enough memory: you tried to allocate 827721404416 bytes.
2025-01-03 20:30:06,636 - audio.transcription - ERROR - Chunk transcription failed: [enforce fail at alloc_cpu.cpp:114] data. DefaultCPUAllocator: not enough memory: you tried to allocate 829687488512 bytes.
2025-01-03 20:30:06,689 - audio.transcription - ERROR - Chunk transcription failed: [enforce fail at alloc_cpu.cpp:114] data. DefaultCPUAllocator: not enough memory: you tried to allocate 831653572608 bytes.
2025-01-03 20:30:06,704 - audio.transcription - ERROR - Chunk transcription failed: [enforce fail at alloc_cpu.cpp:114] data. DefaultCPUAllocator: not enough memory: you tried to allocate 833619656704 bytes.
2025-01-03 20:30:06,724 - audio.transcription - ERROR - Chunk transcription failed: [enforce fail at alloc_cpu.cpp:114] data. DefaultCPUAllocator: not enough memory: you tried to allocate 835585740800 bytes.
2025-01-03 20:30:06,763 - audio.transcription - ERROR - Chunk transcription failed: [enforce fail at alloc_cpu.cpp:114] data. DefaultCPUAllocator: not enough memory: you tried to allocate 837551824896 bytes.
2025-01-03 20:30:06,791 - audio.transcription - ERROR - Chunk transcription failed: [enforce fail at alloc_cpu.cpp:114] data. DefaultCPUAllocator: not enough memory: you tried to allocate 839517908992 bytes.
2025-01-03 20:30:06,799 - audio.transcription - ERROR - Chunk transcription failed: [enforce fail at alloc_cpu.cpp:114] data. DefaultCPUAllocator: not enough memory: you tried to allocate 841483993088 bytes.
2025-01-03 20:30:06,820 - audio.transcription - ERROR - Chunk transcription failed: [enforce fail at alloc_cpu.cpp:114] data. DefaultCPUAllocator: not enough memory: you tried to allocate 843450077184 bytes.
2025-01-03 20:30:06,864 - audio.transcription - ERROR - Chunk transcription failed: [enforce fail at alloc_cpu.cpp:114] data. DefaultCPUAllocator: not enough memory: you tried to allocate 845416161280 bytes.
2025-01-03 20:30:06,883 - audio.transcription - ERROR - Chunk transcription failed: [enforce fail at alloc_cpu.cpp:114] data. DefaultCPUAllocator: not enough memory: you tried to allocate 847382245376 bytes.
2025-01-03 20:30:06,903 - audio.transcription - ERROR - Chunk transcription failed: [enforce fail at alloc_cpu.cpp:114] data. DefaultCPUAllocator: not enough memory: you tried to allocate 849348329472 bytes.
2025-01-03 20:30:06,942 - audio.transcription - ERROR - Chunk transcription failed: [enforce fail at alloc_cpu.cpp:114] data. DefaultCPUAllocator: not enough memory: you tried to allocate 851314413568 bytes.
2025-01-03 20:30:06,969 - audio.transcription - ERROR - Chunk transcription failed: [enforce fail at alloc_cpu.cpp:114] data. DefaultCPUAllocator: not enough memory: you tried to allocate 853280497664 bytes.
2025-01-03 20:30:06,981 - audio.transcription - ERROR - Chunk transcription failed: [enforce fail at alloc_cpu.cpp:114] data. DefaultCPUAllocator: not enough memory: you tried to allocate 855246581760 bytes.
2025-01-03 20:30:07,023 - audio.transcription - ERROR - Chunk transcription failed: [enforce fail at alloc_cpu.cpp:114] data. DefaultCPUAllocator: not enough memory: you tried to allocate 857212665856 bytes.
2025-01-03 20:30:07,057 - audio.transcription - ERROR - Chunk transcription failed: [enforce fail at alloc_cpu.cpp:114] data. DefaultCPUAllocator: not enough memory: you tried to allocate 859178749952 bytes.
2025-01-03 20:30:07,068 - audio.transcription - ERROR - Chunk transcription failed: [enforce fail at alloc_cpu.cpp:114] data. DefaultCPUAllocator: not enough memory: you tried to allocate 861144834048 bytes.
2025-01-03 20:30:07,127 - audio.transcription - ERROR - Chunk transcription failed: [enforce fail at alloc_cpu.cpp:114] data. DefaultCPUAllocator: not enough memory: you tried to allocate 863110918144 bytes.
2025-01-03 20:30:07,143 - audio.transcription - ERROR - Chunk transcription failed: [enforce fail at alloc_cpu.cpp:114] data. DefaultCPUAllocator: not enough memory: you tried to allocate 865077002240 bytes.
2025-01-03 20:30:07,158 - audio.transcription - ERROR - Chunk transcription failed: [enforce fail at alloc_cpu.cpp:114] data. DefaultCPUAllocator: not enough memory: you tried to allocate 867043086336 bytes.
2025-01-03 20:30:07,190 - audio.transcription - ERROR - Chunk transcription failed: [enforce fail at alloc_cpu.cpp:114] data. DefaultCPUAllocator: not enough memory: you tried to allocate 869009170432 bytes.
2025-01-03 20:30:07,229 - audio.transcription - ERROR - Chunk transcription failed: [enforce fail at alloc_cpu.cpp:114] data. DefaultCPUAllocator: not enough memory: you tried to allocate 870975254528 bytes.
2025-01-03 20:30:07,246 - audio.transcription - ERROR - Chunk transcription failed: [enforce fail at alloc_cpu.cpp:114] data. DefaultCPUAllocator: not enough memory: you tried to allocate 872941338624 bytes.
2025-01-03 20:30:07,293 - audio.transcription - ERROR - Chunk transcription failed: [enforce fail at alloc_cpu.cpp:114] data. DefaultCPUAllocator: not enough memory: you tried to allocate 874907422720 bytes.
2025-01-03 20:30:07,319 - audio.transcription - ERROR - Chunk transcription failed: [enforce fail at alloc_cpu.cpp:114] data. DefaultCPUAllocator: not enough memory: you tried to allocate 876873506816 bytes.
2025-01-03 20:30:07,333 - audio.transcription - ERROR - Chunk transcription failed: [enforce fail at alloc_cpu.cpp:114] data. DefaultCPUAllocator: not enough memory: you tried to allocate 878839590912 bytes.
2025-01-03 20:30:07,369 - audio.transcription - ERROR - Chunk transcription failed: [enforce fail at alloc_cpu.cpp:114] data. DefaultCPUAllocator: not enough memory: you tried to allocate 880805675008 bytes.
2025-01-03 20:30:07,421 - audio.transcription - ERROR - Chunk transcription failed: [enforce fail at alloc_cpu.cpp:114] data. DefaultCPUAllocator: not enough memory: you tried to allocate 882771759104 bytes.
2025-01-03 20:30:07,463 - audio.transcription - ERROR - Chunk transcription failed: [enforce fail at alloc_cpu.cpp:114] data. DefaultCPUAllocator: not enough memory: you tried to allocate 884737843200 bytes.
2025-01-03 20:30:07,479 - audio.transcription - ERROR - Chunk transcription failed: [enforce fail at alloc_cpu.cpp:114] data. DefaultCPUAllocator: not enough memory: you tried to allocate 886703927296 bytes.
2025-01-03 20:30:07,541 - audio.transcription - ERROR - Chunk transcription failed: [enforce fail at alloc_cpu.cpp:114] data. DefaultCPUAllocator: not enough memory: you tried to allocate 888670011392 bytes.
2025-01-03 20:30:07,577 - audio.transcription - ERROR - Chunk transcription failed: [enforce fail at alloc_cpu.cpp:114] data. DefaultCPUAllocator: not enough memory: you tried to allocate 890636095488 bytes.
2025-01-03 20:30:07,606 - audio.transcription - ERROR - Chunk transcription failed: [enforce fail at alloc_cpu.cpp:114] data. DefaultCPUAllocator: not enough memory: you tried to allocate 892602179584 bytes.
2025-01-03 20:30:07,618 - audio.transcription - ERROR - Chunk transcription failed: [enforce fail at alloc_cpu.cpp:114] data. DefaultCPUAllocator: not enough memory: you tried to allocate 894568263680 bytes.
2025-01-03 20:30:07,658 - audio.transcription - ERROR - Chunk transcription failed: [enforce fail at alloc_cpu.cpp:114] data. DefaultCPUAllocator: not enough memory: you tried to allocate 896534347776 bytes.
2025-01-03 20:30:07,711 - audio.transcription - ERROR - Chunk transcription failed: [enforce fail at alloc_cpu.cpp:114] data. DefaultCPUAllocator: not enough memory: you tried to allocate 898500431872 bytes.
2025-01-03 20:30:07,728 - audio.transcription - ERROR - Chunk transcription failed: [enforce fail at alloc_cpu.cpp:114] data. DefaultCPUAllocator: not enough memory: you tried to allocate 900466515968 bytes.
2025-01-03 20:30:07,742 - audio.transcription - ERROR - Chunk transcription failed: [enforce fail at alloc_cpu.cpp:114] data. DefaultCPUAllocator: not enough memory: you tried to allocate 902432600064 bytes.
2025-01-03 20:30:07,799 - audio.transcription - ERROR - Chunk transcription failed: [enforce fail at alloc_cpu.cpp:114] data. DefaultCPUAllocator: not enough memory: you tried to allocate 904398684160 bytes.
2025-01-03 20:30:07,819 - audio.transcription - ERROR - Chunk transcription failed: [enforce fail at alloc_cpu.cpp:114] data. DefaultCPUAllocator: not enough memory: you tried to allocate 906364768256 bytes.
2025-01-03 20:30:07,838 - audio.transcription - ERROR - Chunk transcription failed: [enforce fail at alloc_cpu.cpp:114] data. DefaultCPUAllocator: not enough memory: you tried to allocate 908330852352 bytes.
2025-01-03 20:30:07,884 - audio.transcription - ERROR - Chunk transcription failed: [enforce fail at alloc_cpu.cpp:114] data. DefaultCPUAllocator: not enough memory: you tried to allocate 910296936448 bytes.
2025-01-03 20:30:07,900 - audio.transcription - ERROR - Chunk transcription failed: [enforce fail at alloc_cpu.cpp:114] data. DefaultCPUAllocator: not enough memory: you tried to allocate 912263020544 bytes.
2025-01-03 20:30:07,918 - audio.transcription - ERROR - Chunk transcription failed: [enforce fail at alloc_cpu.cpp:114] data. DefaultCPUAllocator: not enough memory: you tried to allocate 914229104640 bytes.
2025-01-03 20:30:07,962 - audio.transcription - ERROR - Chunk transcription failed: [enforce fail at alloc_cpu.cpp:114] data. DefaultCPUAllocator: not enough memory: you tried to allocate 916195188736 bytes.
2025-01-03 20:30:07,985 - audio.transcription - ERROR - Chunk transcription failed: [enforce fail at alloc_cpu.cpp:114] data. DefaultCPUAllocator: not enough memory: you tried to allocate 918161272832 bytes.
2025-01-03 20:30:08,004 - audio.transcription - ERROR - Chunk transcription failed: [enforce fail at alloc_cpu.cpp:114] data. DefaultCPUAllocator: not enough memory: you tried to allocate 920127356928 bytes.
2025-01-03 20:30:08,049 - audio.transcription - ERROR - Chunk transcription failed: [enforce fail at alloc_cpu.cpp:114] data. DefaultCPUAllocator: not enough memory: you tried to allocate 922093441024 bytes.
2025-01-03 20:30:08,079 - audio.transcription - ERROR - Chunk transcription failed: [enforce fail at alloc_cpu.cpp:114] data. DefaultCPUAllocator: not enough memory: you tried to allocate 924059525120 bytes.
2025-01-03 20:30:08,093 - audio.transcription - ERROR - Chunk transcription failed: [enforce fail at alloc_cpu.cpp:114] data. DefaultCPUAllocator: not enough memory: you tried to allocate 926025609216 bytes.
2025-01-03 20:30:08,138 - audio.transcription - ERROR - Chunk transcription failed: [enforce fail at alloc_cpu.cpp:114] data. DefaultCPUAllocator: not enough memory: you tried to allocate 927991693312 bytes.
2025-01-03 20:30:08,168 - audio.transcription - ERROR - Chunk transcription failed: [enforce fail at alloc_cpu.cpp:114] data. DefaultCPUAllocator: not enough memory: you tried to allocate 929957777408 bytes.
2025-01-03 20:30:08,188 - audio.transcription - ERROR - Chunk transcription failed: [enforce fail at alloc_cpu.cpp:114] data. DefaultCPUAllocator: not enough memory: you tried to allocate 931923861504 bytes.
2025-01-03 20:30:08,231 - audio.transcription - ERROR - Chunk transcription failed: [enforce fail at alloc_cpu.cpp:114] data. DefaultCPUAllocator: not enough memory: you tried to allocate 933889945600 bytes.
2025-01-03 20:30:08,246 - audio.transcription - ERROR - Chunk transcription failed: [enforce fail at alloc_cpu.cpp:114] data. DefaultCPUAllocator: not enough memory: you tried to allocate 935856029696 bytes.
2025-01-03 20:30:08,262 - audio.transcription - ERROR - Chunk transcription failed: [enforce fail at alloc_cpu.cpp:114] data. DefaultCPUAllocator: not enough memory: you tried to allocate 937822113792 bytes.
2025-01-03 20:30:08,304 - audio.transcription - ERROR - Chunk transcription failed: [enforce fail at alloc_cpu.cpp:114] data. DefaultCPUAllocator: not enough memory: you tried to allocate 939788197888 bytes.
2025-01-03 20:30:08,329 - audio.transcription - ERROR - Chunk transcription failed: [enforce fail at alloc_cpu.cpp:114] data. DefaultCPUAllocator: not enough memory: you tried to allocate 941754281984 bytes.
2025-01-03 20:30:08,344 - audio.transcription - ERROR - Chunk transcription failed: [enforce fail at alloc_cpu.cpp:114] data. DefaultCPUAllocator: not enough memory: you tried to allocate 943720366080 bytes.
2025-01-03 20:30:08,392 - audio.transcription - ERROR - Chunk transcription failed: [enforce fail at alloc_cpu.cpp:114] data. DefaultCPUAllocator: not enough memory: you tried to allocate 945686450176 bytes.
2025-01-03 20:30:08,412 - audio.transcription - ERROR - Chunk transcription failed: [enforce fail at alloc_cpu.cpp:114] data. DefaultCPUAllocator: not enough memory: you tried to allocate 947652534272 bytes.
2025-01-03 20:30:08,427 - audio.transcription - ERROR - Chunk transcription failed: [enforce fail at alloc_cpu.cpp:114] data. DefaultCPUAllocator: not enough memory: you tried to allocate 949618618368 bytes.
2025-01-03 20:30:08,454 - audio.transcription - ERROR - Chunk transcription failed: [enforce fail at alloc_cpu.cpp:114] data. DefaultCPUAllocator: not enough memory: you tried to allocate 951584702464 bytes.
2025-01-03 20:30:08,511 - audio.transcription - ERROR - Chunk transcription failed: [enforce fail at alloc_cpu.cpp:114] data. DefaultCPUAllocator: not enough memory: you tried to allocate 953550786560 bytes.
2025-01-03 20:30:08,527 - audio.transcription - ERROR - Chunk transcription failed: [enforce fail at alloc_cpu.cpp:114] data. DefaultCPUAllocator: not enough memory: you tried to allocate 955516870656 bytes.
2025-01-03 20:30:08,543 - audio.transcription - ERROR - Chunk transcription failed: [enforce fail at alloc_cpu.cpp:114] data. DefaultCPUAllocator: not enough memory: you tried to allocate 957482954752 bytes.
2025-01-03 20:30:08,583 - audio.transcription - ERROR - Chunk transcription failed: [enforce fail at alloc_cpu.cpp:114] data. DefaultCPUAllocator: not enough memory: you tried to allocate 959449038848 bytes.
2025-01-03 20:30:08,607 - audio.transcription - ERROR - Chunk transcription failed: [enforce fail at alloc_cpu.cpp:114] data. DefaultCPUAllocator: not enough memory: you tried to allocate 961415122944 bytes.
2025-01-03 20:30:08,619 - audio.transcription - ERROR - Chunk transcription failed: [enforce fail at alloc_cpu.cpp:114] data. DefaultCPUAllocator: not enough memory: you tried to allocate 963381207040 bytes.
2025-01-03 20:30:08,671 - audio.transcription - ERROR - Chunk transcription failed: [enforce fail at alloc_cpu.cpp:114] data. DefaultCPUAllocator: not enough memory: you tried to allocate 965347291136 bytes.
2025-01-03 20:30:08,688 - audio.transcription - ERROR - Chunk transcription failed: [enforce fail at alloc_cpu.cpp:114] data. DefaultCPUAllocator: not enough memory: you tried to allocate 967313375232 bytes.
2025-01-03 20:30:08,711 - audio.transcription - ERROR - Chunk transcription failed: [enforce fail at alloc_cpu.cpp:114] data. DefaultCPUAllocator: not enough memory: you tried to allocate 969279459328 bytes.
2025-01-03 20:30:08,760 - audio.transcription - ERROR - Chunk transcription failed: [enforce fail at alloc_cpu.cpp:114] data. DefaultCPUAllocator: not enough memory: you tried to allocate 971245543424 bytes.
2025-01-03 20:30:08,770 - audio.transcription - ERROR - Chunk transcription failed: [enforce fail at alloc_cpu.cpp:114] data. DefaultCPUAllocator: not enough memory: you tried to allocate 973211627520 bytes.
2025-01-03 20:30:08,783 - audio.transcription - ERROR - Chunk transcription failed: [enforce fail at alloc_cpu.cpp:114] data. DefaultCPUAllocator: not enough memory: you tried to allocate 975177711616 bytes.
2025-01-03 20:30:08,837 - audio.transcription - ERROR - Chunk transcription failed: [enforce fail at alloc_cpu.cpp:114] data. DefaultCPUAllocator: not enough memory: you tried to allocate 977143795712 bytes.
2025-01-03 20:30:08,857 - audio.transcription - ERROR - Chunk transcription failed: [enforce fail at alloc_cpu.cpp:114] data. DefaultCPUAllocator: not enough memory: you tried to allocate 979109879808 bytes.
2025-01-03 20:30:08,875 - audio.transcription - ERROR - Chunk transcription failed: [enforce fail at alloc_cpu.cpp:114] data. DefaultCPUAllocator: not enough memory: you tried to allocate 981075963904 bytes.
2025-01-03 20:30:08,928 - audio.transcription - ERROR - Chunk transcription failed: [enforce fail at alloc_cpu.cpp:114] data. DefaultCPUAllocator: not enough memory: you tried to allocate 983042048000 bytes.
2025-01-03 20:30:08,939 - audio.transcription - ERROR - Chunk transcription failed: [enforce fail at alloc_cpu.cpp:114] data. DefaultCPUAllocator: not enough memory: you tried to allocate 985008132096 bytes.
2025-01-03 20:30:08,970 - audio.transcription - ERROR - Chunk transcription failed: [enforce fail at alloc_cpu.cpp:114] data. DefaultCPUAllocator: not enough memory: you tried to allocate 986974216192 bytes.
2025-01-03 20:30:09,016 - audio.transcription - ERROR - Chunk transcription failed: [enforce fail at alloc_cpu.cpp:114] data. DefaultCPUAllocator: not enough memory: you tried to allocate 988940300288 bytes.
2025-01-03 20:30:09,025 - audio.transcription - ERROR - Chunk transcription failed: [enforce fail at alloc_cpu.cpp:114] data. DefaultCPUAllocator: not enough memory: you tried to allocate 990906384384 bytes.
2025-01-03 20:30:09,041 - audio.transcription - ERROR - Chunk transcription failed: [enforce fail at alloc_cpu.cpp:114] data. DefaultCPUAllocator: not enough memory: you tried to allocate 992872468480 bytes.
2025-01-03 20:30:09,095 - audio.transcription - ERROR - Chunk transcription failed: [enforce fail at alloc_cpu.cpp:114] data. DefaultCPUAllocator: not enough memory: you tried to allocate 994838552576 bytes.
2025-01-03 20:30:09,114 - audio.transcription - ERROR - Chunk transcription failed: [enforce fail at alloc_cpu.cpp:114] data. DefaultCPUAllocator: not enough memory: you tried to allocate 996804636672 bytes.
2025-01-03 20:30:09,133 - audio.transcription - ERROR - Chunk transcription failed: [enforce fail at alloc_cpu.cpp:114] data. DefaultCPUAllocator: not enough memory: you tried to allocate 998770720768 bytes.
2025-01-03 20:30:09,186 - audio.transcription - ERROR - Chunk transcription failed: [enforce fail at alloc_cpu.cpp:114] data. DefaultCPUAllocator: not enough memory: you tried to allocate 1000736804864 bytes.
2025-01-03 20:30:09,207 - audio.transcription - ERROR - Chunk transcription failed: [enforce fail at alloc_cpu.cpp:114] data. DefaultCPUAllocator: not enough memory: you tried to allocate 1002702888960 bytes.
2025-01-03 20:30:09,221 - audio.transcription - ERROR - Chunk transcription failed: [enforce fail at alloc_cpu.cpp:114] data. DefaultCPUAllocator: not enough memory: you tried to allocate 1004668973056 bytes.
2025-01-03 20:30:09,268 - audio.transcription - ERROR - Chunk transcription failed: [enforce fail at alloc_cpu.cpp:114] data. DefaultCPUAllocator: not enough memory: you tried to allocate 1006635057152 bytes.
2025-01-03 20:30:09,295 - audio.transcription - ERROR - Chunk transcription failed: [enforce fail at alloc_cpu.cpp:114] data. DefaultCPUAllocator: not enough memory: you tried to allocate 1008601141248 bytes.
2025-01-03 20:30:09,310 - audio.transcription - ERROR - Chunk transcription failed: [enforce fail at alloc_cpu.cpp:114] data. DefaultCPUAllocator: not enough memory: you tried to allocate 1010567225344 bytes.
2025-01-03 20:30:09,368 - audio.transcription - ERROR - Chunk transcription failed: [enforce fail at alloc_cpu.cpp:114] data. DefaultCPUAllocator: not enough memory: you tried to allocate 1012533309440 bytes.
2025-01-03 20:30:09,390 - audio.transcription - ERROR - Chunk transcription failed: [enforce fail at alloc_cpu.cpp:114] data. DefaultCPUAllocator: not enough memory: you tried to allocate 1014499393536 bytes.
2025-01-03 20:30:09,453 - audio.transcription - ERROR - Chunk transcription failed: [enforce fail at alloc_cpu.cpp:114] data. DefaultCPUAllocator: not enough memory: you tried to allocate 1016465477632 bytes.
2025-01-03 20:30:09,479 - audio.transcription - ERROR - Chunk transcription failed: [enforce fail at alloc_cpu.cpp:114] data. DefaultCPUAllocator: not enough memory: you tried to allocate 1018431561728 bytes.
2025-01-03 20:30:09,492 - audio.transcription - ERROR - Chunk transcription failed: [enforce fail at alloc_cpu.cpp:114] data. DefaultCPUAllocator: not enough memory: you tried to allocate 1020397645824 bytes.
2025-01-03 20:30:09,551 - audio.transcription - ERROR - Chunk transcription failed: [enforce fail at alloc_cpu.cpp:114] data. DefaultCPUAllocator: not enough memory: you tried to allocate 1022363729920 bytes.
2025-01-03 20:30:09,569 - audio.transcription - ERROR - Chunk transcription failed: [enforce fail at alloc_cpu.cpp:114] data. DefaultCPUAllocator: not enough memory: you tried to allocate 1024329814016 bytes.
2025-01-03 20:30:09,586 - audio.transcription - ERROR - Chunk transcription failed: [enforce fail at alloc_cpu.cpp:114] data. DefaultCPUAllocator: not enough memory: you tried to allocate 1026295898112 bytes.
2025-01-03 20:30:09,643 - audio.transcription - ERROR - Chunk transcription failed: [enforce fail at alloc_cpu.cpp:114] data. DefaultCPUAllocator: not enough memory: you tried to allocate 1028261982208 bytes.
2025-01-03 20:30:09,662 - audio.transcription - ERROR - Chunk transcription failed: [enforce fail at alloc_cpu.cpp:114] data. DefaultCPUAllocator: not enough memory: you tried to allocate 1030228066304 bytes.
2025-01-03 20:30:09,693 - audio.transcription - ERROR - Chunk transcription failed: [enforce fail at alloc_cpu.cpp:114] data. DefaultCPUAllocator: not enough memory: you tried to allocate 1032194150400 bytes.
2025-01-03 20:30:09,742 - audio.transcription - ERROR - Chunk transcription failed: [enforce fail at alloc_cpu.cpp:114] data. DefaultCPUAllocator: not enough memory: you tried to allocate 1034160234496 bytes.
2025-01-03 20:30:09,760 - audio.transcription - ERROR - Chunk transcription failed: [enforce fail at alloc_cpu.cpp:114] data. DefaultCPUAllocator: not enough memory: you tried to allocate 1036126318592 bytes.
2025-01-03 20:30:09,814 - audio.transcription - ERROR - Chunk transcription failed: [enforce fail at alloc_cpu.cpp:114] data. DefaultCPUAllocator: not enough memory: you tried to allocate 1038092402688 bytes.
2025-01-03 20:30:09,831 - audio.transcription - ERROR - Chunk transcription failed: [enforce fail at alloc_cpu.cpp:114] data. DefaultCPUAllocator: not enough memory: you tried to allocate 1040058486784 bytes.
2025-01-03 20:30:09,844 - audio.transcription - ERROR - Chunk transcription failed: [enforce fail at alloc_cpu.cpp:114] data. DefaultCPUAllocator: not enough memory: you tried to allocate 1042024570880 bytes.
2025-01-03 20:30:09,891 - audio.transcription - ERROR - Chunk transcription failed: [enforce fail at alloc_cpu.cpp:114] data. DefaultCPUAllocator: not enough memory: you tried to allocate 1043990654976 bytes.
2025-01-03 20:30:09,912 - audio.transcription - ERROR - Chunk transcription failed: [enforce fail at alloc_cpu.cpp:114] data. DefaultCPUAllocator: not enough memory: you tried to allocate 1045956739072 bytes.
2025-01-03 20:30:09,930 - audio.transcription - ERROR - Chunk transcription failed: [enforce fail at alloc_cpu.cpp:114] data. DefaultCPUAllocator: not enough memory: you tried to allocate 1047922823168 bytes.
2025-01-03 20:30:09,972 - audio.transcription - ERROR - Chunk transcription failed: [enforce fail at alloc_cpu.cpp:114] data. DefaultCPUAllocator: not enough memory: you tried to allocate 1049888907264 bytes.
2025-01-03 20:30:09,991 - audio.transcription - ERROR - Chunk transcription failed: [enforce fail at alloc_cpu.cpp:114] data. DefaultCPUAllocator: not enough memory: you tried to allocate 1051854991360 bytes.
2025-01-03 20:30:10,010 - audio.transcription - ERROR - Chunk transcription failed: [enforce fail at alloc_cpu.cpp:114] data. DefaultCPUAllocator: not enough memory: you tried to allocate 1053821075456 bytes.
2025-01-03 20:30:10,057 - audio.transcription - ERROR - Chunk transcription failed: [enforce fail at alloc_cpu.cpp:114] data. DefaultCPUAllocator: not enough memory: you tried to allocate 1055787159552 bytes.
2025-01-03 20:30:10,068 - audio.transcription - ERROR - Chunk transcription failed: [enforce fail at alloc_cpu.cpp:114] data. DefaultCPUAllocator: not enough memory: you tried to allocate 1057753243648 bytes.
2025-01-03 20:30:10,096 - audio.transcription - ERROR - Chunk transcription failed: [enforce fail at alloc_cpu.cpp:114] data. DefaultCPUAllocator: not enough memory: you tried to allocate 1059719327744 bytes.
2025-01-03 20:30:10,136 - audio.transcription - ERROR - Chunk transcription failed: [enforce fail at alloc_cpu.cpp:114] data. DefaultCPUAllocator: not enough memory: you tried to allocate 1061685411840 bytes.
2025-01-03 20:30:10,154 - audio.transcription - ERROR - Chunk transcription failed: [enforce fail at alloc_cpu.cpp:114] data. DefaultCPUAllocator: not enough memory: you tried to allocate 1063651495936 bytes.
2025-01-03 20:30:10,201 - audio.transcription - ERROR - Chunk transcription failed: [enforce fail at alloc_cpu.cpp:114] data. DefaultCPUAllocator: not enough memory: you tried to allocate 1065617580032 bytes.
2025-01-03 20:30:10,219 - audio.transcription - ERROR - Chunk transcription failed: [enforce fail at alloc_cpu.cpp:114] data. DefaultCPUAllocator: not enough memory: you tried to allocate 1067583664128 bytes.
2025-01-03 20:30:10,238 - audio.transcription - ERROR - Chunk transcription failed: [enforce fail at alloc_cpu.cpp:114] data. DefaultCPUAllocator: not enough memory: you tried to allocate 1069549748224 bytes.
2025-01-03 20:30:10,288 - audio.transcription - ERROR - Chunk transcription failed: [enforce fail at alloc_cpu.cpp:114] data. DefaultCPUAllocator: not enough memory: you tried to allocate 1071515832320 bytes.
2025-01-03 20:30:10,306 - audio.transcription - ERROR - Chunk transcription failed: [enforce fail at alloc_cpu.cpp:114] data. DefaultCPUAllocator: not enough memory: you tried to allocate 1073481916416 bytes.
2025-01-03 20:30:10,345 - audio.transcription - ERROR - Chunk transcription failed: [enforce fail at alloc_cpu.cpp:114] data. DefaultCPUAllocator: not enough memory: you tried to allocate 1075448000512 bytes.
2025-01-03 20:30:10,370 - audio.transcription - ERROR - Chunk transcription failed: [enforce fail at alloc_cpu.cpp:114] data. DefaultCPUAllocator: not enough memory: you tried to allocate 1077414084608 bytes.
2025-01-03 20:30:10,417 - audio.transcription - ERROR - Chunk transcription failed: [enforce fail at alloc_cpu.cpp:114] data. DefaultCPUAllocator: not enough memory: you tried to allocate 1079380168704 bytes.
2025-01-03 20:30:10,440 - audio.transcription - ERROR - Chunk transcription failed: [enforce fail at alloc_cpu.cpp:114] data. DefaultCPUAllocator: not enough memory: you tried to allocate 1081346252800 bytes.
2025-01-03 20:30:10,455 - audio.transcription - ERROR - Chunk transcription failed: [enforce fail at alloc_cpu.cpp:114] data. DefaultCPUAllocator: not enough memory: you tried to allocate 1083312336896 bytes.
2025-01-03 20:30:10,499 - audio.transcription - ERROR - Chunk transcription failed: [enforce fail at alloc_cpu.cpp:114] data. DefaultCPUAllocator: not enough memory: you tried to allocate 1085278420992 bytes.
2025-01-03 20:30:10,517 - audio.transcription - ERROR - Chunk transcription failed: [enforce fail at alloc_cpu.cpp:114] data. DefaultCPUAllocator: not enough memory: you tried to allocate 1087244505088 bytes.
2025-01-03 20:30:10,562 - audio.transcription - ERROR - Chunk transcription failed: [enforce fail at alloc_cpu.cpp:114] data. DefaultCPUAllocator: not enough memory: you tried to allocate 1089210589184 bytes.
2025-01-03 20:30:10,584 - audio.transcription - ERROR - Chunk transcription failed: [enforce fail at alloc_cpu.cpp:114] data. DefaultCPUAllocator: not enough memory: you tried to allocate 1091176673280 bytes.
2025-01-03 20:30:10,603 - audio.transcription - ERROR - Chunk transcription failed: [enforce fail at alloc_cpu.cpp:114] data. DefaultCPUAllocator: not enough memory: you tried to allocate 1093142757376 bytes.
2025-01-03 20:30:10,650 - audio.transcription - ERROR - Chunk transcription failed: [enforce fail at alloc_cpu.cpp:114] data. DefaultCPUAllocator: not enough memory: you tried to allocate 1095108841472 bytes.
2025-01-03 20:30:10,658 - audio.transcription - ERROR - Chunk transcription failed: [enforce fail at alloc_cpu.cpp:114] data. DefaultCPUAllocator: not enough memory: you tried to allocate 1097074925568 bytes.
2025-01-03 20:30:10,713 - audio.transcription - ERROR - Chunk transcription failed: [enforce fail at alloc_cpu.cpp:114] data. DefaultCPUAllocator: not enough memory: you tried to allocate 1099041009664 bytes.
2025-01-03 20:30:10,731 - audio.transcription - ERROR - Chunk transcription failed: [enforce fail at alloc_cpu.cpp:114] data. DefaultCPUAllocator: not enough memory: you tried to allocate 1101007093760 bytes.
2025-01-03 20:30:10,749 - audio.transcription - ERROR - Chunk transcription failed: [enforce fail at alloc_cpu.cpp:114] data. DefaultCPUAllocator: not enough memory: you tried to allocate 1102973177856 bytes.
2025-01-03 20:30:10,790 - audio.transcription - ERROR - Chunk transcription failed: [enforce fail at alloc_cpu.cpp:114] data. DefaultCPUAllocator: not enough memory: you tried to allocate 1104939261952 bytes.
2025-01-03 20:30:10,819 - audio.transcription - ERROR - Chunk transcription failed: [enforce fail at alloc_cpu.cpp:114] data. DefaultCPUAllocator: not enough memory: you tried to allocate 1106905346048 bytes.
2025-01-03 20:30:10,863 - audio.transcription - ERROR - Chunk transcription failed: [enforce fail at alloc_cpu.cpp:114] data. DefaultCPUAllocator: not enough memory: you tried to allocate 1108871430144 bytes.
2025-01-03 20:30:10,882 - audio.transcription - ERROR - Chunk transcription failed: [enforce fail at alloc_cpu.cpp:114] data. DefaultCPUAllocator: not enough memory: you tried to allocate 1110837514240 bytes.
2025-01-03 20:30:10,900 - audio.transcription - ERROR - Chunk transcription failed: [enforce fail at alloc_cpu.cpp:114] data. DefaultCPUAllocator: not enough memory: you tried to allocate 1112803598336 bytes.
2025-01-03 20:30:10,940 - audio.transcription - ERROR - Chunk transcription failed: [enforce fail at alloc_cpu.cpp:114] data. DefaultCPUAllocator: not enough memory: you tried to allocate 1114769682432 bytes.
2025-01-03 20:30:10,958 - audio.transcription - ERROR - Chunk transcription failed: [enforce fail at alloc_cpu.cpp:114] data. DefaultCPUAllocator: not enough memory: you tried to allocate 1116735766528 bytes.
2025-01-03 20:30:11,009 - audio.transcription - ERROR - Chunk transcription failed: [enforce fail at alloc_cpu.cpp:114] data. DefaultCPUAllocator: not enough memory: you tried to allocate 1118701850624 bytes.
2025-01-03 20:30:11,025 - audio.transcription - ERROR - Chunk transcription failed: [enforce fail at alloc_cpu.cpp:114] data. DefaultCPUAllocator: not enough memory: you tried to allocate 1120667934720 bytes.
2025-01-03 20:30:11,082 - audio.transcription - ERROR - Chunk transcription failed: [enforce fail at alloc_cpu.cpp:114] data. DefaultCPUAllocator: not enough memory: you tried to allocate 1122634018816 bytes.
2025-01-03 20:30:11,102 - audio.transcription - ERROR - Chunk transcription failed: [enforce fail at alloc_cpu.cpp:114] data. DefaultCPUAllocator: not enough memory: you tried to allocate 1124600102912 bytes.
2025-01-03 20:30:11,125 - audio.transcription - ERROR - Chunk transcription failed: [enforce fail at alloc_cpu.cpp:114] data. DefaultCPUAllocator: not enough memory: you tried to allocate 1126566187008 bytes.
2025-01-03 20:30:11,165 - audio.transcription - ERROR - Chunk transcription failed: [enforce fail at alloc_cpu.cpp:114] data. DefaultCPUAllocator: not enough memory: you tried to allocate 1128532271104 bytes.
2025-01-03 20:30:11,175 - audio.transcription - ERROR - Chunk transcription failed: [enforce fail at alloc_cpu.cpp:114] data. DefaultCPUAllocator: not enough memory: you tried to allocate 1130498355200 bytes.
2025-01-03 20:30:11,218 - audio.transcription - ERROR - Chunk transcription failed: [enforce fail at alloc_cpu.cpp:114] data. DefaultCPUAllocator: not enough memory: you tried to allocate 1132464439296 bytes.
2025-01-03 20:30:11,248 - audio.transcription - ERROR - Chunk transcription failed: [enforce fail at alloc_cpu.cpp:114] data. DefaultCPUAllocator: not enough memory: you tried to allocate 1134430523392 bytes.
2025-01-03 20:30:11,279 - audio.transcription - ERROR - Chunk transcription failed: [enforce fail at alloc_cpu.cpp:114] data. DefaultCPUAllocator: not enough memory: you tried to allocate 1136396607488 bytes.
2025-01-03 20:30:11,328 - audio.transcription - ERROR - Chunk transcription failed: [enforce fail at alloc_cpu.cpp:114] data. DefaultCPUAllocator: not enough memory: you tried to allocate 1138362691584 bytes.
2025-01-03 20:30:11,348 - audio.transcription - ERROR - Chunk transcription failed: [enforce fail at alloc_cpu.cpp:114] data. DefaultCPUAllocator: not enough memory: you tried to allocate 1140328775680 bytes.
2025-01-03 20:30:11,407 - audio.transcription - ERROR - Chunk transcription failed: [enforce fail at alloc_cpu.cpp:114] data. DefaultCPUAllocator: not enough memory: you tried to allocate 1142294859776 bytes.
2025-01-03 20:30:11,437 - audio.transcription - ERROR - Chunk transcription failed: [enforce fail at alloc_cpu.cpp:114] data. DefaultCPUAllocator: not enough memory: you tried to allocate 1144260943872 bytes.
2025-01-03 20:30:11,480 - audio.transcription - ERROR - Chunk transcription failed: [enforce fail at alloc_cpu.cpp:114] data. DefaultCPUAllocator: not enough memory: you tried to allocate 1146227027968 bytes.
2025-01-03 20:30:11,494 - audio.transcription - ERROR - Chunk transcription failed: [enforce fail at alloc_cpu.cpp:114] data. DefaultCPUAllocator: not enough memory: you tried to allocate 1148193112064 bytes.
2025-01-03 20:30:11,534 - audio.transcription - ERROR - Chunk transcription failed: [enforce fail at alloc_cpu.cpp:114] data. DefaultCPUAllocator: not enough memory: you tried to allocate 1150159196160 bytes.
2025-01-03 20:30:11,581 - audio.transcription - ERROR - Chunk transcription failed: [enforce fail at alloc_cpu.cpp:114] data. DefaultCPUAllocator: not enough memory: you tried to allocate 1152125280256 bytes.
2025-01-03 20:30:11,606 - audio.transcription - ERROR - Chunk transcription failed: [enforce fail at alloc_cpu.cpp:114] data. DefaultCPUAllocator: not enough memory: you tried to allocate 1154091364352 bytes.
2025-01-03 20:30:11,657 - audio.transcription - ERROR - Chunk transcription failed: [enforce fail at alloc_cpu.cpp:114] data. DefaultCPUAllocator: not enough memory: you tried to allocate 1156057448448 bytes.
2025-01-03 20:30:11,689 - audio.transcription - ERROR - Chunk transcription failed: [enforce fail at alloc_cpu.cpp:114] data. DefaultCPUAllocator: not enough memory: you tried to allocate 1158023532544 bytes.
2025-01-03 20:30:11,740 - audio.transcription - ERROR - Chunk transcription failed: [enforce fail at alloc_cpu.cpp:114] data. DefaultCPUAllocator: not enough memory: you tried to allocate 1159989616640 bytes.
2025-01-03 20:30:11,778 - audio.transcription - ERROR - Chunk transcription failed: [enforce fail at alloc_cpu.cpp:114] data. DefaultCPUAllocator: not enough memory: you tried to allocate 1161955700736 bytes.
2025-01-03 20:30:11,827 - audio.transcription - ERROR - Chunk transcription failed: [enforce fail at alloc_cpu.cpp:114] data. DefaultCPUAllocator: not enough memory: you tried to allocate 1163921784832 bytes.
2025-01-03 20:30:11,849 - audio.transcription - ERROR - Chunk transcription failed: [enforce fail at alloc_cpu.cpp:114] data. DefaultCPUAllocator: not enough memory: you tried to allocate 1165887868928 bytes.
2025-01-03 20:30:11,904 - audio.transcription - ERROR - Chunk transcription failed: [enforce fail at alloc_cpu.cpp:114] data. DefaultCPUAllocator: not enough memory: you tried to allocate 1167853953024 bytes.
2025-01-03 20:30:11,922 - audio.transcription - ERROR - Chunk transcription failed: [enforce fail at alloc_cpu.cpp:114] data. DefaultCPUAllocator: not enough memory: you tried to allocate 1169820037120 bytes.
2025-01-03 20:30:11,972 - audio.transcription - ERROR - Chunk transcription failed: [enforce fail at alloc_cpu.cpp:114] data. DefaultCPUAllocator: not enough memory: you tried to allocate 1171786121216 bytes.
2025-01-03 20:30:11,993 - audio.transcription - ERROR - Chunk transcription failed: [enforce fail at alloc_cpu.cpp:114] data. DefaultCPUAllocator: not enough memory: you tried to allocate 1173752205312 bytes.
2025-01-03 20:30:12,016 - audio.transcription - ERROR - Chunk transcription failed: [enforce fail at alloc_cpu.cpp:114] data. DefaultCPUAllocator: not enough memory: you tried to allocate 1175718289408 bytes.
2025-01-03 20:30:12,079 - audio.transcription - ERROR - Chunk transcription failed: [enforce fail at alloc_cpu.cpp:114] data. DefaultCPUAllocator: not enough memory: you tried to allocate 1177684373504 bytes.
2025-01-03 20:30:12,101 - audio.transcription - ERROR - Chunk transcription failed: [enforce fail at alloc_cpu.cpp:114] data. DefaultCPUAllocator: not enough memory: you tried to allocate 1179650457600 bytes.
2025-01-03 20:30:12,145 - audio.transcription - ERROR - Chunk transcription failed: [enforce fail at alloc_cpu.cpp:114] data. DefaultCPUAllocator: not enough memory: you tried to allocate 1181616541696 bytes.
2025-01-03 20:30:12,163 - audio.transcription - ERROR - Chunk transcription failed: [enforce fail at alloc_cpu.cpp:114] data. DefaultCPUAllocator: not enough memory: you tried to allocate 1183582625792 bytes.
2025-01-03 20:30:12,184 - audio.transcription - ERROR - Chunk transcription failed: [enforce fail at alloc_cpu.cpp:114] data. DefaultCPUAllocator: not enough memory: you tried to allocate 1185548709888 bytes.
2025-01-03 20:30:12,249 - audio.transcription - ERROR - Chunk transcription failed: [enforce fail at alloc_cpu.cpp:114] data. DefaultCPUAllocator: not enough memory: you tried to allocate 1187514793984 bytes.
2025-01-03 20:30:12,270 - audio.transcription - ERROR - Chunk transcription failed: [enforce fail at alloc_cpu.cpp:114] data. DefaultCPUAllocator: not enough memory: you tried to allocate 1189480878080 bytes.
2025-01-03 20:30:12,322 - audio.transcription - ERROR - Chunk transcription failed: [enforce fail at alloc_cpu.cpp:114] data. DefaultCPUAllocator: not enough memory: you tried to allocate 1191446962176 bytes.
2025-01-03 20:30:12,340 - audio.transcription - ERROR - Chunk transcription failed: [enforce fail at alloc_cpu.cpp:114] data. DefaultCPUAllocator: not enough memory: you tried to allocate 1193413046272 bytes.
2025-01-03 20:30:12,373 - audio.transcription - ERROR - Chunk transcription failed: [enforce fail at alloc_cpu.cpp:114] data. DefaultCPUAllocator: not enough memory: you tried to allocate 1195379130368 bytes.
2025-01-03 20:30:12,423 - audio.transcription - ERROR - Chunk transcription failed: [enforce fail at alloc_cpu.cpp:114] data. DefaultCPUAllocator: not enough memory: you tried to allocate 1197345214464 bytes.
2025-01-03 20:30:12,468 - audio.transcription - ERROR - Chunk transcription failed: [enforce fail at alloc_cpu.cpp:114] data. DefaultCPUAllocator: not enough memory: you tried to allocate 1199311298560 bytes.
2025-01-03 20:30:12,507 - audio.transcription - ERROR - Chunk transcription failed: [enforce fail at alloc_cpu.cpp:114] data. DefaultCPUAllocator: not enough memory: you tried to allocate 1201277382656 bytes.
2025-01-03 20:30:12,537 - audio.transcription - ERROR - Chunk transcription failed: [enforce fail at alloc_cpu.cpp:114] data. DefaultCPUAllocator: not enough memory: you tried to allocate 1203243466752 bytes.
2025-01-03 20:30:12,587 - audio.transcription - ERROR - Chunk transcription failed: [enforce fail at alloc_cpu.cpp:114] data. DefaultCPUAllocator: not enough memory: you tried to allocate 1205209550848 bytes.
2025-01-03 20:30:12,618 - audio.transcription - ERROR - Chunk transcription failed: [enforce fail at alloc_cpu.cpp:114] data. DefaultCPUAllocator: not enough memory: you tried to allocate 1207175634944 bytes.
2025-01-03 20:30:12,666 - audio.transcription - ERROR - Chunk transcription failed: [enforce fail at alloc_cpu.cpp:114] data. DefaultCPUAllocator: not enough memory: you tried to allocate 1209141719040 bytes.
2025-01-03 20:30:12,679 - audio.transcription - ERROR - Chunk transcription failed: [enforce fail at alloc_cpu.cpp:114] data. DefaultCPUAllocator: not enough memory: you tried to allocate 1211107803136 bytes.
2025-01-03 20:30:12,733 - audio.transcription - ERROR - Chunk transcription failed: [enforce fail at alloc_cpu.cpp:114] data. DefaultCPUAllocator: not enough memory: you tried to allocate 1213073887232 bytes.
2025-01-03 20:30:12,752 - audio.transcription - ERROR - Chunk transcription failed: [enforce fail at alloc_cpu.cpp:114] data. DefaultCPUAllocator: not enough memory: you tried to allocate 1215039971328 bytes.
2025-01-03 20:30:12,806 - audio.transcription - ERROR - Chunk transcription failed: [enforce fail at alloc_cpu.cpp:114] data. DefaultCPUAllocator: not enough memory: you tried to allocate 1217006055424 bytes.
2025-01-03 20:30:12,834 - audio.transcription - ERROR - Chunk transcription failed: [enforce fail at alloc_cpu.cpp:114] data. DefaultCPUAllocator: not enough memory: you tried to allocate 1218972139520 bytes.
2025-01-03 20:30:12,848 - audio.transcription - ERROR - Chunk transcription failed: [enforce fail at alloc_cpu.cpp:114] data. DefaultCPUAllocator: not enough memory: you tried to allocate 1220938223616 bytes.
2025-01-03 20:30:12,902 - audio.transcription - ERROR - Chunk transcription failed: [enforce fail at alloc_cpu.cpp:114] data. DefaultCPUAllocator: not enough memory: you tried to allocate 1222904307712 bytes.
2025-01-03 20:30:12,919 - audio.transcription - ERROR - Chunk transcription failed: [enforce fail at alloc_cpu.cpp:114] data. DefaultCPUAllocator: not enough memory: you tried to allocate 1224870391808 bytes.
2025-01-03 20:30:12,947 - audio.transcription - ERROR - Chunk transcription failed: [enforce fail at alloc_cpu.cpp:114] data. DefaultCPUAllocator: not enough memory: you tried to allocate 1226836475904 bytes.
2025-01-03 20:30:12,996 - audio.transcription - ERROR - Chunk transcription failed: [enforce fail at alloc_cpu.cpp:114] data. DefaultCPUAllocator: not enough memory: you tried to allocate 1228802560000 bytes.
2025-01-03 20:30:13,018 - audio.transcription - ERROR - Chunk transcription failed: [enforce fail at alloc_cpu.cpp:114] data. DefaultCPUAllocator: not enough memory: you tried to allocate 1230768644096 bytes.
2025-01-03 20:30:13,079 - audio.transcription - ERROR - Chunk transcription failed: [enforce fail at alloc_cpu.cpp:114] data. DefaultCPUAllocator: not enough memory: you tried to allocate 1232734728192 bytes.
2025-01-03 20:30:13,108 - audio.transcription - ERROR - Chunk transcription failed: [enforce fail at alloc_cpu.cpp:114] data. DefaultCPUAllocator: not enough memory: you tried to allocate 1234700812288 bytes.
2025-01-03 20:30:13,162 - audio.transcription - ERROR - Chunk transcription failed: [enforce fail at alloc_cpu.cpp:114] data. DefaultCPUAllocator: not enough memory: you tried to allocate 1236666896384 bytes.
2025-01-03 20:30:13,180 - audio.transcription - ERROR - Chunk transcription failed: [enforce fail at alloc_cpu.cpp:114] data. DefaultCPUAllocator: not enough memory: you tried to allocate 1238632980480 bytes.
2025-01-03 20:30:13,231 - audio.transcription - ERROR - Chunk transcription failed: [enforce fail at alloc_cpu.cpp:114] data. DefaultCPUAllocator: not enough memory: you tried to allocate 1240599064576 bytes.
2025-01-03 20:30:13,250 - audio.transcription - ERROR - Chunk transcription failed: [enforce fail at alloc_cpu.cpp:114] data. DefaultCPUAllocator: not enough memory: you tried to allocate 1242565148672 bytes.
2025-01-03 20:30:13,272 - audio.transcription - ERROR - Chunk transcription failed: [enforce fail at alloc_cpu.cpp:114] data. DefaultCPUAllocator: not enough memory: you tried to allocate 1244531232768 bytes.
2025-01-03 20:30:13,322 - audio.transcription - ERROR - Chunk transcription failed: [enforce fail at alloc_cpu.cpp:114] data. DefaultCPUAllocator: not enough memory: you tried to allocate 1246497316864 bytes.
2025-01-03 20:30:13,341 - audio.transcription - ERROR - Chunk transcription failed: [enforce fail at alloc_cpu.cpp:114] data. DefaultCPUAllocator: not enough memory: you tried to allocate 1248463400960 bytes.
2025-01-03 20:30:13,403 - audio.transcription - ERROR - Chunk transcription failed: [enforce fail at alloc_cpu.cpp:114] data. DefaultCPUAllocator: not enough memory: you tried to allocate 1250429485056 bytes.
2025-01-03 20:30:13,420 - audio.transcription - ERROR - Chunk transcription failed: [enforce fail at alloc_cpu.cpp:114] data. DefaultCPUAllocator: not enough memory: you tried to allocate 1252395569152 bytes.
2025-01-03 20:30:13,466 - audio.transcription - ERROR - Chunk transcription failed: [enforce fail at alloc_cpu.cpp:114] data. DefaultCPUAllocator: not enough memory: you tried to allocate 1254361653248 bytes.
2025-01-03 20:30:13,496 - audio.transcription - ERROR - Chunk transcription failed: [enforce fail at alloc_cpu.cpp:114] data. DefaultCPUAllocator: not enough memory: you tried to allocate 1256327737344 bytes.
2025-01-03 20:30:13,548 - audio.transcription - ERROR - Chunk transcription failed: [enforce fail at alloc_cpu.cpp:114] data. DefaultCPUAllocator: not enough memory: you tried to allocate 1258293821440 bytes.
2025-01-03 20:30:13,563 - audio.transcription - ERROR - Chunk transcription failed: [enforce fail at alloc_cpu.cpp:114] data. DefaultCPUAllocator: not enough memory: you tried to allocate 1260259905536 bytes.
2025-01-03 20:30:13,626 - audio.transcription - ERROR - Chunk transcription failed: [enforce fail at alloc_cpu.cpp:114] data. DefaultCPUAllocator: not enough memory: you tried to allocate 1262225989632 bytes.
2025-01-03 20:30:13,651 - audio.transcription - ERROR - Chunk transcription failed: [enforce fail at alloc_cpu.cpp:114] data. DefaultCPUAllocator: not enough memory: you tried to allocate 1264192073728 bytes.
2025-01-03 20:30:13,719 - audio.transcription - ERROR - Chunk transcription failed: [enforce fail at alloc_cpu.cpp:114] data. DefaultCPUAllocator: not enough memory: you tried to allocate 1266158157824 bytes.
2025-01-03 20:30:13,734 - audio.transcription - ERROR - Chunk transcription failed: [enforce fail at alloc_cpu.cpp:114] data. DefaultCPUAllocator: not enough memory: you tried to allocate 1268124241920 bytes.
2025-01-03 20:30:13,796 - audio.transcription - ERROR - Chunk transcription failed: [enforce fail at alloc_cpu.cpp:114] data. DefaultCPUAllocator: not enough memory: you tried to allocate 1270090326016 bytes.
2025-01-03 20:30:13,816 - audio.transcription - ERROR - Chunk transcription failed: [enforce fail at alloc_cpu.cpp:114] data. DefaultCPUAllocator: not enough memory: you tried to allocate 1272056410112 bytes.
2025-01-03 20:30:13,836 - audio.transcription - ERROR - Chunk transcription failed: [enforce fail at alloc_cpu.cpp:114] data. DefaultCPUAllocator: not enough memory: you tried to allocate 1274022494208 bytes.
2025-01-03 20:30:13,892 - audio.transcription - ERROR - Chunk transcription failed: [enforce fail at alloc_cpu.cpp:114] data. DefaultCPUAllocator: not enough memory: you tried to allocate 1275988578304 bytes.
2025-01-03 20:30:13,911 - audio.transcription - ERROR - Chunk transcription failed: [enforce fail at alloc_cpu.cpp:114] data. DefaultCPUAllocator: not enough memory: you tried to allocate 1277954662400 bytes.
2025-01-03 20:30:13,965 - audio.transcription - ERROR - Chunk transcription failed: [enforce fail at alloc_cpu.cpp:114] data. DefaultCPUAllocator: not enough memory: you tried to allocate 1279920746496 bytes.
2025-01-03 20:30:13,996 - audio.transcription - ERROR - Chunk transcription failed: [enforce fail at alloc_cpu.cpp:114] data. DefaultCPUAllocator: not enough memory: you tried to allocate 1281886830592 bytes.
2025-01-03 20:30:14,057 - audio.transcription - ERROR - Chunk transcription failed: [enforce fail at alloc_cpu.cpp:114] data. DefaultCPUAllocator: not enough memory: you tried to allocate 1283852914688 bytes.
2025-01-03 20:30:14,081 - audio.transcription - ERROR - Chunk transcription failed: [enforce fail at alloc_cpu.cpp:114] data. DefaultCPUAllocator: not enough memory: you tried to allocate 1285818998784 bytes.
2025-01-03 20:30:14,107 - audio.transcription - ERROR - Chunk transcription failed: [enforce fail at alloc_cpu.cpp:114] data. DefaultCPUAllocator: not enough memory: you tried to allocate 1287785082880 bytes.
2025-01-03 20:30:14,162 - audio.transcription - ERROR - Chunk transcription failed: [enforce fail at alloc_cpu.cpp:114] data. DefaultCPUAllocator: not enough memory: you tried to allocate 1289751166976 bytes.
2025-01-03 20:30:14,186 - audio.transcription - ERROR - Chunk transcription failed: [enforce fail at alloc_cpu.cpp:114] data. DefaultCPUAllocator: not enough memory: you tried to allocate 1291717251072 bytes.
2025-01-03 20:30:14,240 - audio.transcription - ERROR - Chunk transcription failed: [enforce fail at alloc_cpu.cpp:114] data. DefaultCPUAllocator: not enough memory: you tried to allocate 1293683335168 bytes.
2025-01-03 20:30:14,254 - audio.transcription - ERROR - Chunk transcription failed: [enforce fail at alloc_cpu.cpp:114] data. DefaultCPUAllocator: not enough memory: you tried to allocate 1295649419264 bytes.
2025-01-03 20:30:14,308 - audio.transcription - ERROR - Chunk transcription failed: [enforce fail at alloc_cpu.cpp:114] data. DefaultCPUAllocator: not enough memory: you tried to allocate 1297615503360 bytes.
2025-01-03 20:30:14,344 - audio.transcription - ERROR - Chunk transcription failed: [enforce fail at alloc_cpu.cpp:114] data. DefaultCPUAllocator: not enough memory: you tried to allocate 1299581587456 bytes.
2025-01-03 20:30:14,401 - audio.transcription - ERROR - Chunk transcription failed: [enforce fail at alloc_cpu.cpp:114] data. DefaultCPUAllocator: not enough memory: you tried to allocate 1301547671552 bytes.
2025-01-03 20:30:14,421 - audio.transcription - ERROR - Chunk transcription failed: [enforce fail at alloc_cpu.cpp:114] data. DefaultCPUAllocator: not enough memory: you tried to allocate 1303513755648 bytes.
2025-01-03 20:30:14,481 - audio.transcription - ERROR - Chunk transcription failed: [enforce fail at alloc_cpu.cpp:114] data. DefaultCPUAllocator: not enough memory: you tried to allocate 1305479839744 bytes.
2025-01-03 20:30:14,504 - audio.transcription - ERROR - Chunk transcription failed: [enforce fail at alloc_cpu.cpp:114] data. DefaultCPUAllocator: not enough memory: you tried to allocate 1307445923840 bytes.
2025-01-03 20:30:14,559 - audio.transcription - ERROR - Chunk transcription failed: [enforce fail at alloc_cpu.cpp:114] data. DefaultCPUAllocator: not enough memory: you tried to allocate 1309412007936 bytes.
2025-01-03 20:30:14,575 - audio.transcription - ERROR - Chunk transcription failed: [enforce fail at alloc_cpu.cpp:114] data. DefaultCPUAllocator: not enough memory: you tried to allocate 1311378092032 bytes.
2025-01-03 20:30:14,628 - audio.transcription - ERROR - Chunk transcription failed: [enforce fail at alloc_cpu.cpp:114] data. DefaultCPUAllocator: not enough memory: you tried to allocate 1313344176128 bytes.
2025-01-03 20:30:14,666 - audio.transcription - ERROR - Chunk transcription failed: [enforce fail at alloc_cpu.cpp:114] data. DefaultCPUAllocator: not enough memory: you tried to allocate 1315310260224 bytes.
2025-01-03 20:30:14,718 - audio.transcription - ERROR - Chunk transcription failed: [enforce fail at alloc_cpu.cpp:114] data. DefaultCPUAllocator: not enough memory: you tried to allocate 1317276344320 bytes.
2025-01-03 20:30:14,741 - audio.transcription - ERROR - Chunk transcription failed: [enforce fail at alloc_cpu.cpp:114] data. DefaultCPUAllocator: not enough memory: you tried to allocate 1319242428416 bytes.
2025-01-03 20:30:14,799 - audio.transcription - ERROR - Chunk transcription failed: [enforce fail at alloc_cpu.cpp:114] data. DefaultCPUAllocator: not enough memory: you tried to allocate 1321208512512 bytes.
2025-01-03 20:30:14,821 - audio.transcription - ERROR - Chunk transcription failed: [enforce fail at alloc_cpu.cpp:114] data. DefaultCPUAllocator: not enough memory: you tried to allocate 1323174596608 bytes.
2025-01-03 20:30:14,882 - audio.transcription - ERROR - Chunk transcription failed: [enforce fail at alloc_cpu.cpp:114] data. DefaultCPUAllocator: not enough memory: you tried to allocate 1325140680704 bytes.
2025-01-03 20:30:14,904 - audio.transcription - ERROR - Chunk transcription failed: [enforce fail at alloc_cpu.cpp:114] data. DefaultCPUAllocator: not enough memory: you tried to allocate 1327106764800 bytes.
2025-01-03 20:30:14,930 - audio.transcription - ERROR - Chunk transcription failed: [enforce fail at alloc_cpu.cpp:114] data. DefaultCPUAllocator: not enough memory: you tried to allocate 1329072848896 bytes.
2025-01-03 20:30:14,986 - audio.transcription - ERROR - Chunk transcription failed: [enforce fail at alloc_cpu.cpp:114] data. DefaultCPUAllocator: not enough memory: you tried to allocate 1331038932992 bytes.
2025-01-03 20:30:15,045 - audio.transcription - ERROR - Chunk transcription failed: [enforce fail at alloc_cpu.cpp:114] data. DefaultCPUAllocator: not enough memory: you tried to allocate 1333005017088 bytes.
2025-01-03 20:30:15,068 - audio.transcription - ERROR - Chunk transcription failed: [enforce fail at alloc_cpu.cpp:114] data. DefaultCPUAllocator: not enough memory: you tried to allocate 1334971101184 bytes.
2025-01-03 20:30:15,118 - audio.transcription - ERROR - Chunk transcription failed: [enforce fail at alloc_cpu.cpp:114] data. DefaultCPUAllocator: not enough memory: you tried to allocate 1336937185280 bytes.
2025-01-03 20:30:15,154 - audio.transcription - ERROR - Chunk transcription failed: [enforce fail at alloc_cpu.cpp:114] data. DefaultCPUAllocator: not enough memory: you tried to allocate 1338903269376 bytes.
2025-01-03 20:30:15,177 - audio.transcription - ERROR - Chunk transcription failed: [enforce fail at alloc_cpu.cpp:114] data. DefaultCPUAllocator: not enough memory: you tried to allocate 1340869353472 bytes.
2025-01-03 20:30:15,240 - audio.transcription - ERROR - Chunk transcription failed: [enforce fail at alloc_cpu.cpp:114] data. DefaultCPUAllocator: not enough memory: you tried to allocate 1342835437568 bytes.
2025-01-03 20:30:15,274 - audio.transcription - ERROR - Chunk transcription failed: [enforce fail at alloc_cpu.cpp:114] data. DefaultCPUAllocator: not enough memory: you tried to allocate 1344801521664 bytes.
2025-01-03 20:30:15,324 - audio.transcription - ERROR - Chunk transcription failed: [enforce fail at alloc_cpu.cpp:114] data. DefaultCPUAllocator: not enough memory: you tried to allocate 1346767605760 bytes.
2025-01-03 20:30:15,387 - audio.transcription - ERROR - Chunk transcription failed: [enforce fail at alloc_cpu.cpp:114] data. DefaultCPUAllocator: not enough memory: you tried to allocate 1348733689856 bytes.
2025-01-03 20:30:15,416 - audio.transcription - ERROR - Chunk transcription failed: [enforce fail at alloc_cpu.cpp:114] data. DefaultCPUAllocator: not enough memory: you tried to allocate 1350699773952 bytes.
2025-01-03 20:30:15,470 - audio.transcription - ERROR - Chunk transcription failed: [enforce fail at alloc_cpu.cpp:114] data. DefaultCPUAllocator: not enough memory: you tried to allocate 1352665858048 bytes.
2025-01-03 20:30:15,488 - audio.transcription - ERROR - Chunk transcription failed: [enforce fail at alloc_cpu.cpp:114] data. DefaultCPUAllocator: not enough memory: you tried to allocate 1354631942144 bytes.
2025-01-03 20:30:15,514 - audio.transcription - ERROR - Chunk transcription failed: [enforce fail at alloc_cpu.cpp:114] data. DefaultCPUAllocator: not enough memory: you tried to allocate 1356598026240 bytes.
2025-01-03 20:30:15,585 - audio.transcription - ERROR - Chunk transcription failed: [enforce fail at alloc_cpu.cpp:114] data. DefaultCPUAllocator: not enough memory: you tried to allocate 1358564110336 bytes.
2025-01-03 20:30:15,614 - audio.transcription - ERROR - Chunk transcription failed: [enforce fail at alloc_cpu.cpp:114] data. DefaultCPUAllocator: not enough memory: you tried to allocate 1360530194432 bytes.
2025-01-03 20:30:15,680 - audio.transcription - ERROR - Chunk transcription failed: [enforce fail at alloc_cpu.cpp:114] data. DefaultCPUAllocator: not enough memory: you tried to allocate 1362496278528 bytes.
2025-01-03 20:30:15,709 - audio.transcription - ERROR - Chunk transcription failed: [enforce fail at alloc_cpu.cpp:114] data. DefaultCPUAllocator: not enough memory: you tried to allocate 1364462362624 bytes.
2025-01-03 20:30:15,770 - audio.transcription - ERROR - Chunk transcription failed: [enforce fail at alloc_cpu.cpp:114] data. DefaultCPUAllocator: not enough memory: you tried to allocate 1366428446720 bytes.
2025-01-03 20:30:15,792 - audio.transcription - ERROR - Chunk transcription failed: [enforce fail at alloc_cpu.cpp:114] data. DefaultCPUAllocator: not enough memory: you tried to allocate 1368394530816 bytes.
2025-01-03 20:30:15,819 - audio.transcription - ERROR - Chunk transcription failed: [enforce fail at alloc_cpu.cpp:114] data. DefaultCPUAllocator: not enough memory: you tried to allocate 1370360614912 bytes.
2025-01-03 20:30:15,885 - audio.transcription - ERROR - Chunk transcription failed: [enforce fail at alloc_cpu.cpp:114] data. DefaultCPUAllocator: not enough memory: you tried to allocate 1372326699008 bytes.
2025-01-03 20:30:15,963 - audio.transcription - ERROR - Chunk transcription failed: [enforce fail at alloc_cpu.cpp:114] data. DefaultCPUAllocator: not enough memory: you tried to allocate 1374292783104 bytes.
2025-01-03 20:30:15,982 - audio.transcription - ERROR - Chunk transcription failed: [enforce fail at alloc_cpu.cpp:114] data. DefaultCPUAllocator: not enough memory: you tried to allocate 1376258867200 bytes.
2025-01-03 20:30:16,053 - audio.transcription - ERROR - Chunk transcription failed: [enforce fail at alloc_cpu.cpp:114] data. DefaultCPUAllocator: not enough memory: you tried to allocate 1378224951296 bytes.
2025-01-03 20:30:16,072 - audio.transcription - ERROR - Chunk transcription failed: [enforce fail at alloc_cpu.cpp:114] data. DefaultCPUAllocator: not enough memory: you tried to allocate 1380191035392 bytes.
2025-01-03 20:30:16,127 - audio.transcription - ERROR - Chunk transcription failed: [enforce fail at alloc_cpu.cpp:114] data. DefaultCPUAllocator: not enough memory: you tried to allocate 1382157119488 bytes.
2025-01-03 20:30:16,147 - audio.transcription - ERROR - Chunk transcription failed: [enforce fail at alloc_cpu.cpp:114] data. DefaultCPUAllocator: not enough memory: you tried to allocate 1384123203584 bytes.
2025-01-03 20:30:16,208 - audio.transcription - ERROR - Chunk transcription failed: [enforce fail at alloc_cpu.cpp:114] data. DefaultCPUAllocator: not enough memory: you tried to allocate 1386089287680 bytes.
2025-01-03 20:30:16,241 - audio.transcription - ERROR - Chunk transcription failed: [enforce fail at alloc_cpu.cpp:114] data. DefaultCPUAllocator: not enough memory: you tried to allocate 1388055371776 bytes.
2025-01-03 20:30:16,298 - audio.transcription - ERROR - Chunk transcription failed: [enforce fail at alloc_cpu.cpp:114] data. DefaultCPUAllocator: not enough memory: you tried to allocate 1390021455872 bytes.
2025-01-03 20:30:16,320 - audio.transcription - ERROR - Chunk transcription failed: [enforce fail at alloc_cpu.cpp:114] data. DefaultCPUAllocator: not enough memory: you tried to allocate 1391987539968 bytes.
2025-01-03 20:30:16,373 - audio.transcription - ERROR - Chunk transcription failed: [enforce fail at alloc_cpu.cpp:114] data. DefaultCPUAllocator: not enough memory: you tried to allocate 1393953624064 bytes.
2025-01-03 20:30:16,407 - audio.transcription - ERROR - Chunk transcription failed: [enforce fail at alloc_cpu.cpp:114] data. DefaultCPUAllocator: not enough memory: you tried to allocate 1395919708160 bytes.
2025-01-03 20:30:16,457 - audio.transcription - ERROR - Chunk transcription failed: [enforce fail at alloc_cpu.cpp:114] data. DefaultCPUAllocator: not enough memory: you tried to allocate 1397885792256 bytes.
2025-01-03 20:30:16,477 - audio.transcription - ERROR - Chunk transcription failed: [enforce fail at alloc_cpu.cpp:114] data. DefaultCPUAllocator: not enough memory: you tried to allocate 1399851876352 bytes.
2025-01-03 20:30:16,506 - audio.transcription - ERROR - Chunk transcription failed: [enforce fail at alloc_cpu.cpp:114] data. DefaultCPUAllocator: not enough memory: you tried to allocate 1401817960448 bytes.
2025-01-03 20:30:16,570 - audio.transcription - ERROR - Chunk transcription failed: [enforce fail at alloc_cpu.cpp:114] data. DefaultCPUAllocator: not enough memory: you tried to allocate 1403784044544 bytes.
2025-01-03 20:30:16,633 - audio.transcription - ERROR - Chunk transcription failed: [enforce fail at alloc_cpu.cpp:114] data. DefaultCPUAllocator: not enough memory: you tried to allocate 1405750128640 bytes.
2025-01-03 20:30:16,664 - audio.transcription - ERROR - Chunk transcription failed: [enforce fail at alloc_cpu.cpp:114] data. DefaultCPUAllocator: not enough memory: you tried to allocate 1407716212736 bytes.
2025-01-03 20:30:16,726 - audio.transcription - ERROR - Chunk transcription failed: [enforce fail at alloc_cpu.cpp:114] data. DefaultCPUAllocator: not enough memory: you tried to allocate 1409682296832 bytes.
2025-01-03 20:30:16,756 - audio.transcription - ERROR - Chunk transcription failed: [enforce fail at alloc_cpu.cpp:114] data. DefaultCPUAllocator: not enough memory: you tried to allocate 1411648380928 bytes.
2025-01-03 20:30:16,808 - audio.transcription - ERROR - Chunk transcription failed: [enforce fail at alloc_cpu.cpp:114] data. DefaultCPUAllocator: not enough memory: you tried to allocate 1413614465024 bytes.
2025-01-03 20:30:16,834 - audio.transcription - ERROR - Chunk transcription failed: [enforce fail at alloc_cpu.cpp:114] data. DefaultCPUAllocator: not enough memory: you tried to allocate 1415580549120 bytes.
2025-01-03 20:30:16,896 - audio.transcription - ERROR - Chunk transcription failed: [enforce fail at alloc_cpu.cpp:114] data. DefaultCPUAllocator: not enough memory: you tried to allocate 1417546633216 bytes.
2025-01-03 20:30:16,917 - audio.transcription - ERROR - Chunk transcription failed: [enforce fail at alloc_cpu.cpp:114] data. DefaultCPUAllocator: not enough memory: you tried to allocate 1419512717312 bytes.
2025-01-03 20:30:16,968 - audio.transcription - ERROR - Chunk transcription failed: [enforce fail at alloc_cpu.cpp:114] data. DefaultCPUAllocator: not enough memory: you tried to allocate 1421478801408 bytes.
2025-01-03 20:30:16,992 - audio.transcription - ERROR - Chunk transcription failed: [enforce fail at alloc_cpu.cpp:114] data. DefaultCPUAllocator: not enough memory: you tried to allocate 1423444885504 bytes.
2025-01-03 20:30:17,045 - audio.transcription - ERROR - Chunk transcription failed: [enforce fail at alloc_cpu.cpp:114] data. DefaultCPUAllocator: not enough memory: you tried to allocate 1425410969600 bytes.
2025-01-03 20:30:17,089 - audio.transcription - ERROR - Chunk transcription failed: [enforce fail at alloc_cpu.cpp:114] data. DefaultCPUAllocator: not enough memory: you tried to allocate 1427377053696 bytes.
2025-01-03 20:30:17,122 - audio.transcription - ERROR - Chunk transcription failed: [enforce fail at alloc_cpu.cpp:114] data. DefaultCPUAllocator: not enough memory: you tried to allocate 1429343137792 bytes.
2025-01-03 20:30:17,183 - audio.transcription - ERROR - Chunk transcription failed: [enforce fail at alloc_cpu.cpp:114] data. DefaultCPUAllocator: not enough memory: you tried to allocate 1431309221888 bytes.
2025-01-03 20:30:17,200 - audio.transcription - ERROR - Chunk transcription failed: [enforce fail at alloc_cpu.cpp:114] data. DefaultCPUAllocator: not enough memory: you tried to allocate 1433275305984 bytes.
2025-01-03 20:30:17,253 - audio.transcription - ERROR - Chunk transcription failed: [enforce fail at alloc_cpu.cpp:114] data. DefaultCPUAllocator: not enough memory: you tried to allocate 1435241390080 bytes.
2025-01-03 20:30:17,270 - audio.transcription - ERROR - Chunk transcription failed: [enforce fail at alloc_cpu.cpp:114] data. DefaultCPUAllocator: not enough memory: you tried to allocate 1437207474176 bytes.
2025-01-03 20:30:17,324 - audio.transcription - ERROR - Chunk transcription failed: [enforce fail at alloc_cpu.cpp:114] data. DefaultCPUAllocator: not enough memory: you tried to allocate 1439173558272 bytes.
2025-01-03 20:30:17,342 - audio.transcription - ERROR - Chunk transcription failed: [enforce fail at alloc_cpu.cpp:114] data. DefaultCPUAllocator: not enough memory: you tried to allocate 1441139642368 bytes.
2025-01-03 20:30:17,392 - audio.transcription - ERROR - Chunk transcription failed: [enforce fail at alloc_cpu.cpp:114] data. DefaultCPUAllocator: not enough memory: you tried to allocate 1443105726464 bytes.
2025-01-03 20:30:17,417 - audio.transcription - ERROR - Chunk transcription failed: [enforce fail at alloc_cpu.cpp:114] data. DefaultCPUAllocator: not enough memory: you tried to allocate 1445071810560 bytes.
2025-01-03 20:30:17,469 - audio.transcription - ERROR - Chunk transcription failed: [enforce fail at alloc_cpu.cpp:114] data. DefaultCPUAllocator: not enough memory: you tried to allocate 1447037894656 bytes.
2025-01-03 20:30:17,484 - audio.transcription - ERROR - Chunk transcription failed: [enforce fail at alloc_cpu.cpp:114] data. DefaultCPUAllocator: not enough memory: you tried to allocate 1449003978752 bytes.
2025-01-03 20:30:17,541 - audio.transcription - ERROR - Chunk transcription failed: [enforce fail at alloc_cpu.cpp:114] data. DefaultCPUAllocator: not enough memory: you tried to allocate 1450970062848 bytes.
2025-01-03 20:30:17,556 - audio.transcription - ERROR - Chunk transcription failed: [enforce fail at alloc_cpu.cpp:114] data. DefaultCPUAllocator: not enough memory: you tried to allocate 1452936146944 bytes.
2025-01-03 20:30:17,602 - audio.transcription - ERROR - Chunk transcription failed: [enforce fail at alloc_cpu.cpp:114] data. DefaultCPUAllocator: not enough memory: you tried to allocate 1454902231040 bytes.
2025-01-03 20:30:17,628 - audio.transcription - ERROR - Chunk transcription failed: [enforce fail at alloc_cpu.cpp:114] data. DefaultCPUAllocator: not enough memory: you tried to allocate 1456868315136 bytes.
2025-01-03 20:30:17,675 - audio.transcription - ERROR - Chunk transcription failed: [enforce fail at alloc_cpu.cpp:114] data. DefaultCPUAllocator: not enough memory: you tried to allocate 1458834399232 bytes.
2025-01-03 20:30:17,696 - audio.transcription - ERROR - Chunk transcription failed: [enforce fail at alloc_cpu.cpp:114] data. DefaultCPUAllocator: not enough memory: you tried to allocate 1460800483328 bytes.
2025-01-03 20:30:17,745 - audio.transcription - ERROR - Chunk transcription failed: [enforce fail at alloc_cpu.cpp:114] data. DefaultCPUAllocator: not enough memory: you tried to allocate 1462766567424 bytes.
2025-01-03 20:30:17,766 - audio.transcription - ERROR - Chunk transcription failed: [enforce fail at alloc_cpu.cpp:114] data. DefaultCPUAllocator: not enough memory: you tried to allocate 1464732651520 bytes.
2025-01-03 20:30:17,812 - audio.transcription - ERROR - Chunk transcription failed: [enforce fail at alloc_cpu.cpp:114] data. DefaultCPUAllocator: not enough memory: you tried to allocate 1466698735616 bytes.
2025-01-03 20:30:17,834 - audio.transcription - ERROR - Chunk transcription failed: [enforce fail at alloc_cpu.cpp:114] data. DefaultCPUAllocator: not enough memory: you tried to allocate 1468664819712 bytes.
2025-01-03 20:30:17,882 - audio.transcription - ERROR - Chunk transcription failed: [enforce fail at alloc_cpu.cpp:114] data. DefaultCPUAllocator: not enough memory: you tried to allocate 1470630903808 bytes.
2025-01-03 20:30:17,909 - audio.transcription - ERROR - Chunk transcription failed: [enforce fail at alloc_cpu.cpp:114] data. DefaultCPUAllocator: not enough memory: you tried to allocate 1472596987904 bytes.
2025-01-03 20:30:17,960 - audio.transcription - ERROR - Chunk transcription failed: [enforce fail at alloc_cpu.cpp:114] data. DefaultCPUAllocator: not enough memory: you tried to allocate 1474563072000 bytes.
2025-01-03 20:30:17,982 - audio.transcription - ERROR - Chunk transcription failed: [enforce fail at alloc_cpu.cpp:114] data. DefaultCPUAllocator: not enough memory: you tried to allocate 1476529156096 bytes.
2025-01-03 20:30:18,033 - audio.transcription - ERROR - Chunk transcription failed: [enforce fail at alloc_cpu.cpp:114] data. DefaultCPUAllocator: not enough memory: you tried to allocate 1478495240192 bytes.
2025-01-03 20:30:18,050 - audio.transcription - ERROR - Chunk transcription failed: [enforce fail at alloc_cpu.cpp:114] data. DefaultCPUAllocator: not enough memory: you tried to allocate 1480461324288 bytes.
2025-01-03 20:30:18,104 - audio.transcription - ERROR - Chunk transcription failed: [enforce fail at alloc_cpu.cpp:114] data. DefaultCPUAllocator: not enough memory: you tried to allocate 1482427408384 bytes.
2025-01-03 20:30:18,120 - audio.transcription - ERROR - Chunk transcription failed: [enforce fail at alloc_cpu.cpp:114] data. DefaultCPUAllocator: not enough memory: you tried to allocate 1484393492480 bytes.
2025-01-03 20:30:18,178 - audio.transcription - ERROR - Chunk transcription failed: [enforce fail at alloc_cpu.cpp:114] data. DefaultCPUAllocator: not enough memory: you tried to allocate 1486359576576 bytes.
2025-01-03 20:30:18,192 - audio.transcription - ERROR - Chunk transcription failed: [enforce fail at alloc_cpu.cpp:114] data. DefaultCPUAllocator: not enough memory: you tried to allocate 1488325660672 bytes.
2025-01-03 20:30:18,245 - audio.transcription - ERROR - Chunk transcription failed: [enforce fail at alloc_cpu.cpp:114] data. DefaultCPUAllocator: not enough memory: you tried to allocate 1490291744768 bytes.
2025-01-03 20:30:18,266 - audio.transcription - ERROR - Chunk transcription failed: [enforce fail at alloc_cpu.cpp:114] data. DefaultCPUAllocator: not enough memory: you tried to allocate 1492257828864 bytes.
2025-01-03 20:30:18,312 - audio.transcription - ERROR - Chunk transcription failed: [enforce fail at alloc_cpu.cpp:114] data. DefaultCPUAllocator: not enough memory: you tried to allocate 1494223912960 bytes.
2025-01-03 20:30:18,336 - audio.transcription - ERROR - Chunk transcription failed: [enforce fail at alloc_cpu.cpp:114] data. DefaultCPUAllocator: not enough memory: you tried to allocate 1496189997056 bytes.
2025-01-03 20:30:18,390 - audio.transcription - ERROR - Chunk transcription failed: [enforce fail at alloc_cpu.cpp:114] data. DefaultCPUAllocator: not enough memory: you tried to allocate 1498156081152 bytes.
2025-01-03 20:30:18,404 - audio.transcription - ERROR - Chunk transcription failed: [enforce fail at alloc_cpu.cpp:114] data. DefaultCPUAllocator: not enough memory: you tried to allocate 1500122165248 bytes.
2025-01-03 20:30:18,462 - audio.transcription - ERROR - Chunk transcription failed: [enforce fail at alloc_cpu.cpp:114] data. DefaultCPUAllocator: not enough memory: you tried to allocate 1502088249344 bytes.
2025-01-03 20:30:18,477 - audio.transcription - ERROR - Chunk transcription failed: [enforce fail at alloc_cpu.cpp:114] data. DefaultCPUAllocator: not enough memory: you tried to allocate 1504054333440 bytes.
2025-01-03 20:30:18,548 - audio.transcription - ERROR - Chunk transcription failed: [enforce fail at alloc_cpu.cpp:114] data. DefaultCPUAllocator: not enough memory: you tried to allocate 1506020417536 bytes.
2025-01-03 20:30:18,576 - audio.transcription - ERROR - Chunk transcription failed: [enforce fail at alloc_cpu.cpp:114] data. DefaultCPUAllocator: not enough memory: you tried to allocate 1507986501632 bytes.
2025-01-03 20:30:18,631 - audio.transcription - ERROR - Chunk transcription failed: [enforce fail at alloc_cpu.cpp:114] data. DefaultCPUAllocator: not enough memory: you tried to allocate 1509952585728 bytes.
2025-01-03 20:30:18,683 - audio.transcription - ERROR - Chunk transcription failed: [enforce fail at alloc_cpu.cpp:114] data. DefaultCPUAllocator: not enough memory: you tried to allocate 1511918669824 bytes.
2025-01-03 20:30:18,710 - audio.transcription - ERROR - Chunk transcription failed: [enforce fail at alloc_cpu.cpp:114] data. DefaultCPUAllocator: not enough memory: you tried to allocate 1513884753920 bytes.
2025-01-03 20:30:18,769 - audio.transcription - ERROR - Chunk transcription failed: [enforce fail at alloc_cpu.cpp:114] data. DefaultCPUAllocator: not enough memory: you tried to allocate 1515850838016 bytes.
2025-01-03 20:30:18,823 - audio.transcription - ERROR - Chunk transcription failed: [enforce fail at alloc_cpu.cpp:114] data. DefaultCPUAllocator: not enough memory: you tried to allocate 1517816922112 bytes.
2025-01-03 20:30:18,837 - audio.transcription - ERROR - Chunk transcription failed: [enforce fail at alloc_cpu.cpp:114] data. DefaultCPUAllocator: not enough memory: you tried to allocate 1519783006208 bytes.
2025-01-03 20:30:18,886 - audio.transcription - ERROR - Chunk transcription failed: [enforce fail at alloc_cpu.cpp:114] data. DefaultCPUAllocator: not enough memory: you tried to allocate 1521749090304 bytes.
2025-01-03 20:30:18,909 - audio.transcription - ERROR - Chunk transcription failed: [enforce fail at alloc_cpu.cpp:114] data. DefaultCPUAllocator: not enough memory: you tried to allocate 1523715174400 bytes.
2025-01-03 20:30:18,952 - audio.transcription - ERROR - Chunk transcription failed: [enforce fail at alloc_cpu.cpp:114] data. DefaultCPUAllocator: not enough memory: you tried to allocate 1525681258496 bytes.
2025-01-03 20:30:18,978 - audio.transcription - ERROR - Chunk transcription failed: [enforce fail at alloc_cpu.cpp:114] data. DefaultCPUAllocator: not enough memory: you tried to allocate 1527647342592 bytes.
2025-01-03 20:30:19,023 - audio.transcription - ERROR - Chunk transcription failed: [enforce fail at alloc_cpu.cpp:114] data. DefaultCPUAllocator: not enough memory: you tried to allocate 1529613426688 bytes.
2025-01-03 20:30:19,048 - audio.transcription - ERROR - Chunk transcription failed: [enforce fail at alloc_cpu.cpp:114] data. DefaultCPUAllocator: not enough memory: you tried to allocate 1531579510784 bytes.
2025-01-03 20:30:19,105 - audio.transcription - ERROR - Chunk transcription failed: [enforce fail at alloc_cpu.cpp:114] data. DefaultCPUAllocator: not enough memory: you tried to allocate 1533545594880 bytes.
2025-01-03 20:30:19,120 - audio.transcription - ERROR - Chunk transcription failed: [enforce fail at alloc_cpu.cpp:114] data. DefaultCPUAllocator: not enough memory: you tried to allocate 1535511678976 bytes.
2025-01-03 20:30:19,173 - audio.transcription - ERROR - Chunk transcription failed: [enforce fail at alloc_cpu.cpp:114] data. DefaultCPUAllocator: not enough memory: you tried to allocate 1537477763072 bytes.
2025-01-03 20:30:19,188 - audio.transcription - ERROR - Chunk transcription failed: [enforce fail at alloc_cpu.cpp:114] data. DefaultCPUAllocator: not enough memory: you tried to allocate 1539443847168 bytes.
2025-01-03 20:30:19,239 - audio.transcription - ERROR - Chunk transcription failed: [enforce fail at alloc_cpu.cpp:114] data. DefaultCPUAllocator: not enough memory: you tried to allocate 1541409931264 bytes.
2025-01-03 20:30:19,267 - audio.transcription - ERROR - Chunk transcription failed: [enforce fail at alloc_cpu.cpp:114] data. DefaultCPUAllocator: not enough memory: you tried to allocate 1543376015360 bytes.
2025-01-03 20:30:19,319 - audio.transcription - ERROR - Chunk transcription failed: [enforce fail at alloc_cpu.cpp:114] data. DefaultCPUAllocator: not enough memory: you tried to allocate 1545342099456 bytes.
2025-01-03 20:30:19,338 - audio.transcription - ERROR - Chunk transcription failed: [enforce fail at alloc_cpu.cpp:114] data. DefaultCPUAllocator: not enough memory: you tried to allocate 1547308183552 bytes.
2025-01-03 20:30:19,387 - audio.transcription - ERROR - Chunk transcription failed: [enforce fail at alloc_cpu.cpp:114] data. DefaultCPUAllocator: not enough memory: you tried to allocate 1549274267648 bytes.
2025-01-03 20:30:19,408 - audio.transcription - ERROR - Chunk transcription failed: [enforce fail at alloc_cpu.cpp:114] data. DefaultCPUAllocator: not enough memory: you tried to allocate 1551240351744 bytes.
2025-01-03 20:30:19,460 - audio.transcription - ERROR - Chunk transcription failed: [enforce fail at alloc_cpu.cpp:114] data. DefaultCPUAllocator: not enough memory: you tried to allocate 1553206435840 bytes.
2025-01-03 20:30:19,479 - audio.transcription - ERROR - Chunk transcription failed: [enforce fail at alloc_cpu.cpp:114] data. DefaultCPUAllocator: not enough memory: you tried to allocate 1555172519936 bytes.
2025-01-03 20:30:19,530 - audio.transcription - ERROR - Chunk transcription failed: [enforce fail at alloc_cpu.cpp:114] data. DefaultCPUAllocator: not enough memory: you tried to allocate 1557138604032 bytes.
2025-01-03 20:30:19,552 - audio.transcription - ERROR - Chunk transcription failed: [enforce fail at alloc_cpu.cpp:114] data. DefaultCPUAllocator: not enough memory: you tried to allocate 1559104688128 bytes.
2025-01-03 20:30:19,611 - audio.transcription - ERROR - Chunk transcription failed: [enforce fail at alloc_cpu.cpp:114] data. DefaultCPUAllocator: not enough memory: you tried to allocate 1561070772224 bytes.
2025-01-03 20:30:19,664 - audio.transcription - ERROR - Chunk transcription failed: [enforce fail at alloc_cpu.cpp:114] data. DefaultCPUAllocator: not enough memory: you tried to allocate 1563036856320 bytes.
2025-01-03 20:30:19,745 - audio.transcription - ERROR - Chunk transcription failed: [enforce fail at alloc_cpu.cpp:114] data. DefaultCPUAllocator: not enough memory: you tried to allocate 1565002940416 bytes.
2025-01-03 20:30:19,793 - audio.transcription - ERROR - Chunk transcription failed: [enforce fail at alloc_cpu.cpp:114] data. DefaultCPUAllocator: not enough memory: you tried to allocate 1566969024512 bytes.
2025-01-03 20:30:19,846 - audio.transcription - ERROR - Chunk transcription failed: [enforce fail at alloc_cpu.cpp:114] data. DefaultCPUAllocator: not enough memory: you tried to allocate 1568935108608 bytes.
2025-01-03 20:30:19,908 - audio.transcription - ERROR - Chunk transcription failed: [enforce fail at alloc_cpu.cpp:114] data. DefaultCPUAllocator: not enough memory: you tried to allocate 1570901192704 bytes.
2025-01-03 20:30:19,976 - audio.transcription - ERROR - Chunk transcription failed: [enforce fail at alloc_cpu.cpp:114] data. DefaultCPUAllocator: not enough memory: you tried to allocate 1572867276800 bytes.
2025-01-03 20:30:20,006 - audio.transcription - ERROR - Chunk transcription failed: [enforce fail at alloc_cpu.cpp:114] data. DefaultCPUAllocator: not enough memory: you tried to allocate 1574833360896 bytes.
2025-01-03 20:30:20,060 - audio.transcription - ERROR - Chunk transcription failed: [enforce fail at alloc_cpu.cpp:114] data. DefaultCPUAllocator: not enough memory: you tried to allocate 1576799444992 bytes.
2025-01-03 20:30:20,131 - audio.transcription - ERROR - Chunk transcription failed: [enforce fail at alloc_cpu.cpp:114] data. DefaultCPUAllocator: not enough memory: you tried to allocate 1578765529088 bytes.
2025-01-03 20:30:20,147 - audio.transcription - ERROR - Chunk transcription failed: [enforce fail at alloc_cpu.cpp:114] data. DefaultCPUAllocator: not enough memory: you tried to allocate 1580731613184 bytes.
2025-01-03 20:30:20,205 - audio.transcription - ERROR - Chunk transcription failed: [enforce fail at alloc_cpu.cpp:114] data. DefaultCPUAllocator: not enough memory: you tried to allocate 1582697697280 bytes.
2025-01-03 20:30:20,221 - audio.transcription - ERROR - Chunk transcription failed: [enforce fail at alloc_cpu.cpp:114] data. DefaultCPUAllocator: not enough memory: you tried to allocate 1584663781376 bytes.
2025-01-03 20:30:20,277 - audio.transcription - ERROR - Chunk transcription failed: [enforce fail at alloc_cpu.cpp:114] data. DefaultCPUAllocator: not enough memory: you tried to allocate 1586629865472 bytes.
2025-01-03 20:30:20,292 - audio.transcription - ERROR - Chunk transcription failed: [enforce fail at alloc_cpu.cpp:114] data. DefaultCPUAllocator: not enough memory: you tried to allocate 1588595949568 bytes.
2025-01-03 20:30:20,340 - audio.transcription - ERROR - Chunk transcription failed: [enforce fail at alloc_cpu.cpp:114] data. DefaultCPUAllocator: not enough memory: you tried to allocate 1590562033664 bytes.
2025-01-03 20:30:20,364 - audio.transcription - ERROR - Chunk transcription failed: [enforce fail at alloc_cpu.cpp:114] data. DefaultCPUAllocator: not enough memory: you tried to allocate 1592528117760 bytes.
2025-01-03 20:30:20,408 - audio.transcription - ERROR - Chunk transcription failed: [enforce fail at alloc_cpu.cpp:114] data. DefaultCPUAllocator: not enough memory: you tried to allocate 1594494201856 bytes.
2025-01-03 20:30:20,436 - audio.transcription - ERROR - Chunk transcription failed: [enforce fail at alloc_cpu.cpp:114] data. DefaultCPUAllocator: not enough memory: you tried to allocate 1596460285952 bytes.
2025-01-03 20:30:20,491 - audio.transcription - ERROR - Chunk transcription failed: [enforce fail at alloc_cpu.cpp:114] data. DefaultCPUAllocator: not enough memory: you tried to allocate 1598426370048 bytes.
2025-01-03 20:30:20,519 - audio.transcription - ERROR - Chunk transcription failed: [enforce fail at alloc_cpu.cpp:114] data. DefaultCPUAllocator: not enough memory: you tried to allocate 1600392454144 bytes.
2025-01-03 20:30:20,567 - audio.transcription - ERROR - Chunk transcription failed: [enforce fail at alloc_cpu.cpp:114] data. DefaultCPUAllocator: not enough memory: you tried to allocate 1602358538240 bytes.
2025-01-03 20:30:20,597 - audio.transcription - ERROR - Chunk transcription failed: [enforce fail at alloc_cpu.cpp:114] data. DefaultCPUAllocator: not enough memory: you tried to allocate 1604324622336 bytes.
2025-01-03 20:30:20,646 - audio.transcription - ERROR - Chunk transcription failed: [enforce fail at alloc_cpu.cpp:114] data. DefaultCPUAllocator: not enough memory: you tried to allocate 1606290706432 bytes.
2025-01-03 20:30:20,705 - audio.transcription - ERROR - Chunk transcription failed: [enforce fail at alloc_cpu.cpp:114] data. DefaultCPUAllocator: not enough memory: you tried to allocate 1608256790528 bytes.
2025-01-03 20:30:20,723 - audio.transcription - ERROR - Chunk transcription failed: [enforce fail at alloc_cpu.cpp:114] data. DefaultCPUAllocator: not enough memory: you tried to allocate 1610222874624 bytes.
2025-01-03 20:30:20,773 - audio.transcription - ERROR - Chunk transcription failed: [enforce fail at alloc_cpu.cpp:114] data. DefaultCPUAllocator: not enough memory: you tried to allocate 1612188958720 bytes.
2025-01-03 20:30:20,795 - audio.transcription - ERROR - Chunk transcription failed: [enforce fail at alloc_cpu.cpp:114] data. DefaultCPUAllocator: not enough memory: you tried to allocate 1614155042816 bytes.
2025-01-03 20:30:20,848 - audio.transcription - ERROR - Chunk transcription failed: [enforce fail at alloc_cpu.cpp:114] data. DefaultCPUAllocator: not enough memory: you tried to allocate 1616121126912 bytes.
2025-01-03 20:30:20,864 - audio.transcription - ERROR - Chunk transcription failed: [enforce fail at alloc_cpu.cpp:114] data. DefaultCPUAllocator: not enough memory: you tried to allocate 1618087211008 bytes.
2025-01-03 20:30:20,916 - audio.transcription - ERROR - Chunk transcription failed: [enforce fail at alloc_cpu.cpp:114] data. DefaultCPUAllocator: not enough memory: you tried to allocate 1620053295104 bytes.
2025-01-03 20:30:20,934 - audio.transcription - ERROR - Chunk transcription failed: [enforce fail at alloc_cpu.cpp:114] data. DefaultCPUAllocator: not enough memory: you tried to allocate 1622019379200 bytes.
2025-01-03 20:30:20,992 - audio.transcription - ERROR - Chunk transcription failed: [enforce fail at alloc_cpu.cpp:114] data. DefaultCPUAllocator: not enough memory: you tried to allocate 1623985463296 bytes.
2025-01-03 20:30:21,015 - audio.transcription - ERROR - Chunk transcription failed: [enforce fail at alloc_cpu.cpp:114] data. DefaultCPUAllocator: not enough memory: you tried to allocate 1625951547392 bytes.
2025-01-03 20:30:21,083 - audio.transcription - ERROR - Chunk transcription failed: [enforce fail at alloc_cpu.cpp:114] data. DefaultCPUAllocator: not enough memory: you tried to allocate 1627917631488 bytes.
2025-01-03 20:30:21,136 - audio.transcription - ERROR - Chunk transcription failed: [enforce fail at alloc_cpu.cpp:114] data. DefaultCPUAllocator: not enough memory: you tried to allocate 1629883715584 bytes.
2025-01-03 20:30:21,151 - audio.transcription - ERROR - Chunk transcription failed: [enforce fail at alloc_cpu.cpp:114] data. DefaultCPUAllocator: not enough memory: you tried to allocate 1631849799680 bytes.
2025-01-03 20:30:21,204 - audio.transcription - ERROR - Chunk transcription failed: [enforce fail at alloc_cpu.cpp:114] data. DefaultCPUAllocator: not enough memory: you tried to allocate 1633815883776 bytes.
2025-01-03 20:30:21,219 - audio.transcription - ERROR - Chunk transcription failed: [enforce fail at alloc_cpu.cpp:114] data. DefaultCPUAllocator: not enough memory: you tried to allocate 1635781967872 bytes.
2025-01-03 20:30:21,285 - audio.transcription - ERROR - Chunk transcription failed: [enforce fail at alloc_cpu.cpp:114] data. DefaultCPUAllocator: not enough memory: you tried to allocate 1637748051968 bytes.
2025-01-03 20:30:21,333 - audio.transcription - ERROR - Chunk transcription failed: [enforce fail at alloc_cpu.cpp:114] data. DefaultCPUAllocator: not enough memory: you tried to allocate 1639714136064 bytes.
2025-01-03 20:30:21,358 - audio.transcription - ERROR - Chunk transcription failed: [enforce fail at alloc_cpu.cpp:114] data. DefaultCPUAllocator: not enough memory: you tried to allocate 1641680220160 bytes.
2025-01-03 20:30:21,407 - audio.transcription - ERROR - Chunk transcription failed: [enforce fail at alloc_cpu.cpp:114] data. DefaultCPUAllocator: not enough memory: you tried to allocate 1643646304256 bytes.
2025-01-03 20:30:21,422 - audio.transcription - ERROR - Chunk transcription failed: [enforce fail at alloc_cpu.cpp:114] data. DefaultCPUAllocator: not enough memory: you tried to allocate 1645612388352 bytes.
2025-01-03 20:30:21,479 - audio.transcription - ERROR - Chunk transcription failed: [enforce fail at alloc_cpu.cpp:114] data. DefaultCPUAllocator: not enough memory: you tried to allocate 1647578472448 bytes.
2025-01-03 20:30:21,495 - audio.transcription - ERROR - Chunk transcription failed: [enforce fail at alloc_cpu.cpp:114] data. DefaultCPUAllocator: not enough memory: you tried to allocate 1649544556544 bytes.
2025-01-03 20:30:21,550 - audio.transcription - ERROR - Chunk transcription failed: [enforce fail at alloc_cpu.cpp:114] data. DefaultCPUAllocator: not enough memory: you tried to allocate 1651510640640 bytes.
2025-01-03 20:30:21,567 - audio.transcription - ERROR - Chunk transcription failed: [enforce fail at alloc_cpu.cpp:114] data. DefaultCPUAllocator: not enough memory: you tried to allocate 1653476724736 bytes.
2025-01-03 20:30:21,614 - audio.transcription - ERROR - Chunk transcription failed: [enforce fail at alloc_cpu.cpp:114] data. DefaultCPUAllocator: not enough memory: you tried to allocate 1655442808832 bytes.
2025-01-03 20:30:21,630 - audio.transcription - ERROR - Chunk transcription failed: [enforce fail at alloc_cpu.cpp:114] data. DefaultCPUAllocator: not enough memory: you tried to allocate 1657408892928 bytes.
2025-01-03 20:30:21,693 - audio.transcription - ERROR - Chunk transcription failed: [enforce fail at alloc_cpu.cpp:114] data. DefaultCPUAllocator: not enough memory: you tried to allocate 1659374977024 bytes.
2025-01-03 20:30:21,707 - audio.transcription - ERROR - Chunk transcription failed: [enforce fail at alloc_cpu.cpp:114] data. DefaultCPUAllocator: not enough memory: you tried to allocate 1661341061120 bytes.
2025-01-03 20:30:21,758 - audio.transcription - ERROR - Chunk transcription failed: [enforce fail at alloc_cpu.cpp:114] data. DefaultCPUAllocator: not enough memory: you tried to allocate 1663307145216 bytes.
2025-01-03 20:30:21,779 - audio.transcription - ERROR - Chunk transcription failed: [enforce fail at alloc_cpu.cpp:114] data. DefaultCPUAllocator: not enough memory: you tried to allocate 1665273229312 bytes.
2025-01-03 20:30:21,838 - audio.transcription - ERROR - Chunk transcription failed: [enforce fail at alloc_cpu.cpp:114] data. DefaultCPUAllocator: not enough memory: you tried to allocate 1667239313408 bytes.
2025-01-03 20:30:21,852 - audio.transcription - ERROR - Chunk transcription failed: [enforce fail at alloc_cpu.cpp:114] data. DefaultCPUAllocator: not enough memory: you tried to allocate 1669205397504 bytes.
2025-01-03 20:30:21,900 - audio.transcription - ERROR - Chunk transcription failed: [enforce fail at alloc_cpu.cpp:114] data. DefaultCPUAllocator: not enough memory: you tried to allocate 1671171481600 bytes.
2025-01-03 20:30:21,925 - audio.transcription - ERROR - Chunk transcription failed: [enforce fail at alloc_cpu.cpp:114] data. DefaultCPUAllocator: not enough memory: you tried to allocate 1673137565696 bytes.
2025-01-03 20:30:21,982 - audio.transcription - ERROR - Chunk transcription failed: [enforce fail at alloc_cpu.cpp:114] data. DefaultCPUAllocator: not enough memory: you tried to allocate 1675103649792 bytes.
2025-01-03 20:30:22,005 - audio.transcription - ERROR - Chunk transcription failed: [enforce fail at alloc_cpu.cpp:114] data. DefaultCPUAllocator: not enough memory: you tried to allocate 1677069733888 bytes.
2025-01-03 20:30:22,062 - audio.transcription - ERROR - Chunk transcription failed: [enforce fail at alloc_cpu.cpp:114] data. DefaultCPUAllocator: not enough memory: you tried to allocate 1679035817984 bytes.
2025-01-03 20:30:22,125 - audio.transcription - ERROR - Chunk transcription failed: [enforce fail at alloc_cpu.cpp:114] data. DefaultCPUAllocator: not enough memory: you tried to allocate 1681001902080 bytes.
2025-01-03 20:30:22,160 - audio.transcription - ERROR - Chunk transcription failed: [enforce fail at alloc_cpu.cpp:114] data. DefaultCPUAllocator: not enough memory: you tried to allocate 1682967986176 bytes.
2025-01-03 20:30:22,229 - audio.transcription - ERROR - Chunk transcription failed: [enforce fail at alloc_cpu.cpp:114] data. DefaultCPUAllocator: not enough memory: you tried to allocate 1684934070272 bytes.
2025-01-03 20:30:22,284 - audio.transcription - ERROR - Chunk transcription failed: [enforce fail at alloc_cpu.cpp:114] data. DefaultCPUAllocator: not enough memory: you tried to allocate 1686900154368 bytes.
2025-01-03 20:30:22,307 - audio.transcription - ERROR - Chunk transcription failed: [enforce fail at alloc_cpu.cpp:114] data. DefaultCPUAllocator: not enough memory: you tried to allocate 1688866238464 bytes.
2025-01-03 20:30:22,371 - audio.transcription - ERROR - Chunk transcription failed: [enforce fail at alloc_cpu.cpp:114] data. DefaultCPUAllocator: not enough memory: you tried to allocate 1690832322560 bytes.
2025-01-03 20:30:22,388 - audio.transcription - ERROR - Chunk transcription failed: [enforce fail at alloc_cpu.cpp:114] data. DefaultCPUAllocator: not enough memory: you tried to allocate 1692798406656 bytes.
2025-01-03 20:30:22,458 - audio.transcription - ERROR - Chunk transcription failed: [enforce fail at alloc_cpu.cpp:114] data. DefaultCPUAllocator: not enough memory: you tried to allocate 1694764490752 bytes.
2025-01-03 20:30:22,492 - audio.transcription - ERROR - Chunk transcription failed: [enforce fail at alloc_cpu.cpp:114] data. DefaultCPUAllocator: not enough memory: you tried to allocate 1696730574848 bytes.
2025-01-03 20:30:22,548 - audio.transcription - ERROR - Chunk transcription failed: [enforce fail at alloc_cpu.cpp:114] data. DefaultCPUAllocator: not enough memory: you tried to allocate 1698696658944 bytes.
2025-01-03 20:30:22,622 - audio.transcription - ERROR - Chunk transcription failed: [enforce fail at alloc_cpu.cpp:114] data. DefaultCPUAllocator: not enough memory: you tried to allocate 1700662743040 bytes.
2025-01-03 20:30:22,703 - audio.transcription - ERROR - Chunk transcription failed: [enforce fail at alloc_cpu.cpp:114] data. DefaultCPUAllocator: not enough memory: you tried to allocate 1702628827136 bytes.
2025-01-03 20:30:22,762 - audio.transcription - ERROR - Chunk transcription failed: [enforce fail at alloc_cpu.cpp:114] data. DefaultCPUAllocator: not enough memory: you tried to allocate 1704594911232 bytes.
2025-01-03 20:30:22,788 - audio.transcription - ERROR - Chunk transcription failed: [enforce fail at alloc_cpu.cpp:114] data. DefaultCPUAllocator: not enough memory: you tried to allocate 1706560995328 bytes.
2025-01-03 20:30:22,860 - audio.transcription - ERROR - Chunk transcription failed: [enforce fail at alloc_cpu.cpp:114] data. DefaultCPUAllocator: not enough memory: you tried to allocate 1708527079424 bytes.
2025-01-03 20:30:22,923 - audio.transcription - ERROR - Chunk transcription failed: [enforce fail at alloc_cpu.cpp:114] data. DefaultCPUAllocator: not enough memory: you tried to allocate 1710493163520 bytes.
2025-01-03 20:30:22,940 - audio.transcription - ERROR - Chunk transcription failed: [enforce fail at alloc_cpu.cpp:114] data. DefaultCPUAllocator: not enough memory: you tried to allocate 1712459247616 bytes.
2025-01-03 20:30:23,013 - audio.transcription - ERROR - Chunk transcription failed: [enforce fail at alloc_cpu.cpp:114] data. DefaultCPUAllocator: not enough memory: you tried to allocate 1714425331712 bytes.
2025-01-03 20:30:23,071 - audio.transcription - ERROR - Chunk transcription failed: [enforce fail at alloc_cpu.cpp:114] data. DefaultCPUAllocator: not enough memory: you tried to allocate 1716391415808 bytes.
2025-01-03 20:30:23,088 - audio.transcription - ERROR - Chunk transcription failed: [enforce fail at alloc_cpu.cpp:114] data. DefaultCPUAllocator: not enough memory: you tried to allocate 1718357499904 bytes.
2025-01-03 20:30:23,147 - audio.transcription - ERROR - Chunk transcription failed: [enforce fail at alloc_cpu.cpp:114] data. DefaultCPUAllocator: not enough memory: you tried to allocate 1720323584000 bytes.
2025-01-03 20:30:23,165 - audio.transcription - ERROR - Chunk transcription failed: [enforce fail at alloc_cpu.cpp:114] data. DefaultCPUAllocator: not enough memory: you tried to allocate 1722289668096 bytes.
2025-01-03 20:30:23,230 - audio.transcription - ERROR - Chunk transcription failed: [enforce fail at alloc_cpu.cpp:114] data. DefaultCPUAllocator: not enough memory: you tried to allocate 1724255752192 bytes.
2025-01-03 20:30:23,260 - audio.transcription - ERROR - Chunk transcription failed: [enforce fail at alloc_cpu.cpp:114] data. DefaultCPUAllocator: not enough memory: you tried to allocate 1726221836288 bytes.
2025-01-03 20:30:23,321 - audio.transcription - ERROR - Chunk transcription failed: [enforce fail at alloc_cpu.cpp:114] data. DefaultCPUAllocator: not enough memory: you tried to allocate 1728187920384 bytes.
2025-01-03 20:30:23,382 - audio.transcription - ERROR - Chunk transcription failed: [enforce fail at alloc_cpu.cpp:114] data. DefaultCPUAllocator: not enough memory: you tried to allocate 1730154004480 bytes.
2025-01-03 20:30:23,420 - audio.transcription - ERROR - Chunk transcription failed: [enforce fail at alloc_cpu.cpp:114] data. DefaultCPUAllocator: not enough memory: you tried to allocate 1732120088576 bytes.
2025-01-03 20:30:23,482 - audio.transcription - ERROR - Chunk transcription failed: [enforce fail at alloc_cpu.cpp:114] data. DefaultCPUAllocator: not enough memory: you tried to allocate 1734086172672 bytes.
2025-01-03 20:30:23,558 - audio.transcription - ERROR - Chunk transcription failed: [enforce fail at alloc_cpu.cpp:114] data. DefaultCPUAllocator: not enough memory: you tried to allocate 1736052256768 bytes.
2025-01-03 20:30:23,623 - audio.transcription - ERROR - Chunk transcription failed: [enforce fail at alloc_cpu.cpp:114] data. DefaultCPUAllocator: not enough memory: you tried to allocate 1738018340864 bytes.
2025-01-03 20:30:23,646 - audio.transcription - ERROR - Chunk transcription failed: [enforce fail at alloc_cpu.cpp:114] data. DefaultCPUAllocator: not enough memory: you tried to allocate 1739984424960 bytes.
2025-01-03 20:30:23,728 - audio.transcription - ERROR - Chunk transcription failed: [enforce fail at alloc_cpu.cpp:114] data. DefaultCPUAllocator: not enough memory: you tried to allocate 1741950509056 bytes.
2025-01-03 20:30:23,794 - audio.transcription - ERROR - Chunk transcription failed: [enforce fail at alloc_cpu.cpp:114] data. DefaultCPUAllocator: not enough memory: you tried to allocate 1743916593152 bytes.
2025-01-03 20:30:23,813 - audio.transcription - ERROR - Chunk transcription failed: [enforce fail at alloc_cpu.cpp:114] data. DefaultCPUAllocator: not enough memory: you tried to allocate 1745882677248 bytes.
2025-01-03 20:30:23,878 - audio.transcription - ERROR - Chunk transcription failed: [enforce fail at alloc_cpu.cpp:114] data. DefaultCPUAllocator: not enough memory: you tried to allocate 1747848761344 bytes.
2025-01-03 20:30:23,899 - audio.transcription - ERROR - Chunk transcription failed: [enforce fail at alloc_cpu.cpp:114] data. DefaultCPUAllocator: not enough memory: you tried to allocate 1749814845440 bytes.
2025-01-03 20:30:23,967 - audio.transcription - ERROR - Chunk transcription failed: [enforce fail at alloc_cpu.cpp:114] data. DefaultCPUAllocator: not enough memory: you tried to allocate 1751780929536 bytes.
2025-01-03 20:30:23,999 - audio.transcription - ERROR - Chunk transcription failed: [enforce fail at alloc_cpu.cpp:114] data. DefaultCPUAllocator: not enough memory: you tried to allocate 1753747013632 bytes.
2025-01-03 20:30:24,063 - audio.transcription - ERROR - Chunk transcription failed: [enforce fail at alloc_cpu.cpp:114] data. DefaultCPUAllocator: not enough memory: you tried to allocate 1755713097728 bytes.
2025-01-03 20:30:24,151 - audio.transcription - ERROR - Chunk transcription failed: [enforce fail at alloc_cpu.cpp:114] data. DefaultCPUAllocator: not enough memory: you tried to allocate 1757679181824 bytes.
2025-01-03 20:30:24,225 - audio.transcription - ERROR - Chunk transcription failed: [enforce fail at alloc_cpu.cpp:114] data. DefaultCPUAllocator: not enough memory: you tried to allocate 1759645265920 bytes.
2025-01-03 20:30:24,247 - audio.transcription - ERROR - Chunk transcription failed: [enforce fail at alloc_cpu.cpp:114] data. DefaultCPUAllocator: not enough memory: you tried to allocate 1761611350016 bytes.
2025-01-03 20:30:24,313 - audio.transcription - ERROR - Chunk transcription failed: [enforce fail at alloc_cpu.cpp:114] data. DefaultCPUAllocator: not enough memory: you tried to allocate 1763577434112 bytes.
2025-01-03 20:30:24,382 - audio.transcription - ERROR - Chunk transcription failed: [enforce fail at alloc_cpu.cpp:114] data. DefaultCPUAllocator: not enough memory: you tried to allocate 1765543518208 bytes.
2025-01-03 20:30:24,408 - audio.transcription - ERROR - Chunk transcription failed: [enforce fail at alloc_cpu.cpp:114] data. DefaultCPUAllocator: not enough memory: you tried to allocate 1767509602304 bytes.
2025-01-03 20:30:24,475 - audio.transcription - ERROR - Chunk transcription failed: [enforce fail at alloc_cpu.cpp:114] data. DefaultCPUAllocator: not enough memory: you tried to allocate 1769475686400 bytes.
2025-01-03 20:30:24,550 - audio.transcription - ERROR - Chunk transcription failed: [enforce fail at alloc_cpu.cpp:114] data. DefaultCPUAllocator: not enough memory: you tried to allocate 1771441770496 bytes.
2025-01-03 20:30:24,608 - audio.transcription - ERROR - Chunk transcription failed: [enforce fail at alloc_cpu.cpp:114] data. DefaultCPUAllocator: not enough memory: you tried to allocate 1773407854592 bytes.
2025-01-03 20:30:24,640 - audio.transcription - ERROR - Chunk transcription failed: [enforce fail at alloc_cpu.cpp:114] data. DefaultCPUAllocator: not enough memory: you tried to allocate 1775373938688 bytes.
2025-01-03 20:30:24,703 - audio.transcription - ERROR - Chunk transcription failed: [enforce fail at alloc_cpu.cpp:114] data. DefaultCPUAllocator: not enough memory: you tried to allocate 1777340022784 bytes.
2025-01-03 20:30:24,723 - audio.transcription - ERROR - Chunk transcription failed: [enforce fail at alloc_cpu.cpp:114] data. DefaultCPUAllocator: not enough memory: you tried to allocate 1779306106880 bytes.
2025-01-03 20:30:24,798 - audio.transcription - ERROR - Chunk transcription failed: [enforce fail at alloc_cpu.cpp:114] data. DefaultCPUAllocator: not enough memory: you tried to allocate 1781272190976 bytes.
2025-01-03 20:30:24,875 - audio.transcription - ERROR - Chunk transcription failed: [enforce fail at alloc_cpu.cpp:114] data. DefaultCPUAllocator: not enough memory: you tried to allocate 1783238275072 bytes.
2025-01-03 20:30:24,950 - audio.transcription - ERROR - Chunk transcription failed: [enforce fail at alloc_cpu.cpp:114] data. DefaultCPUAllocator: not enough memory: you tried to allocate 1785204359168 bytes.
2025-01-03 20:30:25,025 - audio.transcription - ERROR - Chunk transcription failed: [enforce fail at alloc_cpu.cpp:114] data. DefaultCPUAllocator: not enough memory: you tried to allocate 1787170443264 bytes.
2025-01-03 20:30:25,109 - audio.transcription - ERROR - Chunk transcription failed: [enforce fail at alloc_cpu.cpp:114] data. DefaultCPUAllocator: not enough memory: you tried to allocate 1789136527360 bytes.
2025-01-03 20:30:25,187 - audio.transcription - ERROR - Chunk transcription failed: [enforce fail at alloc_cpu.cpp:114] data. DefaultCPUAllocator: not enough memory: you tried to allocate 1791102611456 bytes.
2025-01-03 20:30:25,265 - audio.transcription - ERROR - Chunk transcription failed: [enforce fail at alloc_cpu.cpp:114] data. DefaultCPUAllocator: not enough memory: you tried to allocate 1793068695552 bytes.
2025-01-03 20:30:25,330 - audio.transcription - ERROR - Chunk transcription failed: [enforce fail at alloc_cpu.cpp:114] data. DefaultCPUAllocator: not enough memory: you tried to allocate 1795034779648 bytes.
2025-01-03 20:30:25,361 - audio.transcription - ERROR - Chunk transcription failed: [enforce fail at alloc_cpu.cpp:114] data. DefaultCPUAllocator: not enough memory: you tried to allocate 1797000863744 bytes.
2025-01-03 20:30:25,423 - audio.transcription - ERROR - Chunk transcription failed: [enforce fail at alloc_cpu.cpp:114] data. DefaultCPUAllocator: not enough memory: you tried to allocate 1798966947840 bytes.
2025-01-03 20:30:25,488 - audio.transcription - ERROR - Chunk transcription failed: [enforce fail at alloc_cpu.cpp:114] data. DefaultCPUAllocator: not enough memory: you tried to allocate 1800933031936 bytes.
2025-01-03 20:30:25,550 - audio.transcription - ERROR - Chunk transcription failed: [enforce fail at alloc_cpu.cpp:114] data. DefaultCPUAllocator: not enough memory: you tried to allocate 1802899116032 bytes.
2025-01-03 20:30:25,571 - audio.transcription - ERROR - Chunk transcription failed: [enforce fail at alloc_cpu.cpp:114] data. DefaultCPUAllocator: not enough memory: you tried to allocate 1804865200128 bytes.
2025-01-03 20:30:25,631 - audio.transcription - ERROR - Chunk transcription failed: [enforce fail at alloc_cpu.cpp:114] data. DefaultCPUAllocator: not enough memory: you tried to allocate 1806831284224 bytes.
2025-01-03 20:30:25,660 - audio.transcription - ERROR - Chunk transcription failed: [enforce fail at alloc_cpu.cpp:114] data. DefaultCPUAllocator: not enough memory: you tried to allocate 1808797368320 bytes.
2025-01-03 20:30:25,716 - audio.transcription - ERROR - Chunk transcription failed: [enforce fail at alloc_cpu.cpp:114] data. DefaultCPUAllocator: not enough memory: you tried to allocate 1810763452416 bytes.
2025-01-03 20:30:25,773 - audio.transcription - ERROR - Chunk transcription failed: [enforce fail at alloc_cpu.cpp:114] data. DefaultCPUAllocator: not enough memory: you tried to allocate 1812729536512 bytes.
2025-01-03 20:30:25,801 - audio.transcription - ERROR - Chunk transcription failed: [enforce fail at alloc_cpu.cpp:114] data. DefaultCPUAllocator: not enough memory: you tried to allocate 1814695620608 bytes.
2025-01-03 20:30:25,856 - audio.transcription - ERROR - Chunk transcription failed: [enforce fail at alloc_cpu.cpp:114] data. DefaultCPUAllocator: not enough memory: you tried to allocate 1816661704704 bytes.
2025-01-03 20:30:25,907 - audio.transcription - ERROR - Chunk transcription failed: [enforce fail at alloc_cpu.cpp:114] data. DefaultCPUAllocator: not enough memory: you tried to allocate 1818627788800 bytes.
2025-01-03 20:30:25,928 - audio.transcription - ERROR - Chunk transcription failed: [enforce fail at alloc_cpu.cpp:114] data. DefaultCPUAllocator: not enough memory: you tried to allocate 1820593872896 bytes.
2025-01-03 20:30:25,986 - audio.transcription - ERROR - Chunk transcription failed: [enforce fail at alloc_cpu.cpp:114] data. DefaultCPUAllocator: not enough memory: you tried to allocate 1822559956992 bytes.
2025-01-03 20:30:26,042 - audio.transcription - ERROR - Chunk transcription failed: [enforce fail at alloc_cpu.cpp:114] data. DefaultCPUAllocator: not enough memory: you tried to allocate 1824526041088 bytes.
2025-01-03 20:30:26,070 - audio.transcription - ERROR - Chunk transcription failed: [enforce fail at alloc_cpu.cpp:114] data. DefaultCPUAllocator: not enough memory: you tried to allocate 1826492125184 bytes.
2025-01-03 20:30:26,138 - audio.transcription - ERROR - Chunk transcription failed: [enforce fail at alloc_cpu.cpp:114] data. DefaultCPUAllocator: not enough memory: you tried to allocate 1828458209280 bytes.
2025-01-03 20:30:26,205 - audio.transcription - ERROR - Chunk transcription failed: [enforce fail at alloc_cpu.cpp:114] data. DefaultCPUAllocator: not enough memory: you tried to allocate 1830424293376 bytes.
2025-01-03 20:30:26,278 - audio.transcription - ERROR - Chunk transcription failed: [enforce fail at alloc_cpu.cpp:114] data. DefaultCPUAllocator: not enough memory: you tried to allocate 1832390377472 bytes.
2025-01-03 20:30:26,350 - audio.transcription - ERROR - Chunk transcription failed: [enforce fail at alloc_cpu.cpp:114] data. DefaultCPUAllocator: not enough memory: you tried to allocate 1834356461568 bytes.
2025-01-03 20:30:26,380 - audio.transcription - ERROR - Chunk transcription failed: [enforce fail at alloc_cpu.cpp:114] data. DefaultCPUAllocator: not enough memory: you tried to allocate 1836322545664 bytes.
2025-01-03 20:30:26,446 - audio.transcription - ERROR - Chunk transcription failed: [enforce fail at alloc_cpu.cpp:114] data. DefaultCPUAllocator: not enough memory: you tried to allocate 1838288629760 bytes.
2025-01-03 20:30:26,526 - audio.transcription - ERROR - Chunk transcription failed: [enforce fail at alloc_cpu.cpp:114] data. DefaultCPUAllocator: not enough memory: you tried to allocate 1840254713856 bytes.
2025-01-03 20:30:26,591 - audio.transcription - ERROR - Chunk transcription failed: [enforce fail at alloc_cpu.cpp:114] data. DefaultCPUAllocator: not enough memory: you tried to allocate 1842220797952 bytes.
2025-01-03 20:30:26,620 - audio.transcription - ERROR - Chunk transcription failed: [enforce fail at alloc_cpu.cpp:114] data. DefaultCPUAllocator: not enough memory: you tried to allocate 1844186882048 bytes.
2025-01-03 20:30:26,681 - audio.transcription - ERROR - Chunk transcription failed: [enforce fail at alloc_cpu.cpp:114] data. DefaultCPUAllocator: not enough memory: you tried to allocate 1846152966144 bytes.
2025-01-03 20:30:26,756 - audio.transcription - ERROR - Chunk transcription failed: [enforce fail at alloc_cpu.cpp:114] data. DefaultCPUAllocator: not enough memory: you tried to allocate 1848119050240 bytes.
2025-01-03 20:30:26,790 - audio.transcription - ERROR - Chunk transcription failed: [enforce fail at alloc_cpu.cpp:114] data. DefaultCPUAllocator: not enough memory: you tried to allocate 1850085134336 bytes.
2025-01-03 20:30:26,849 - audio.transcription - ERROR - Chunk transcription failed: [enforce fail at alloc_cpu.cpp:114] data. DefaultCPUAllocator: not enough memory: you tried to allocate 1852051218432 bytes.
2025-01-03 20:30:26,922 - audio.transcription - ERROR - Chunk transcription failed: [enforce fail at alloc_cpu.cpp:114] data. DefaultCPUAllocator: not enough memory: you tried to allocate 1854017302528 bytes.
2025-01-03 20:30:26,988 - audio.transcription - ERROR - Chunk transcription failed: [enforce fail at alloc_cpu.cpp:114] data. DefaultCPUAllocator: not enough memory: you tried to allocate 1855983386624 bytes.
2025-01-03 20:30:27,065 - audio.transcription - ERROR - Chunk transcription failed: [enforce fail at alloc_cpu.cpp:114] data. DefaultCPUAllocator: not enough memory: you tried to allocate 1857949470720 bytes.
2025-01-03 20:30:27,122 - audio.transcription - ERROR - Chunk transcription failed: [enforce fail at alloc_cpu.cpp:114] data. DefaultCPUAllocator: not enough memory: you tried to allocate 1859915554816 bytes.
2025-01-03 20:30:27,148 - audio.transcription - ERROR - Chunk transcription failed: [enforce fail at alloc_cpu.cpp:114] data. DefaultCPUAllocator: not enough memory: you tried to allocate 1861881638912 bytes.
2025-01-03 20:30:27,221 - audio.transcription - ERROR - Chunk transcription failed: [enforce fail at alloc_cpu.cpp:114] data. DefaultCPUAllocator: not enough memory: you tried to allocate 1863847723008 bytes.
2025-01-03 20:30:27,301 - audio.transcription - ERROR - Chunk transcription failed: [enforce fail at alloc_cpu.cpp:114] data. DefaultCPUAllocator: not enough memory: you tried to allocate 1865813807104 bytes.
2025-01-03 20:30:27,366 - audio.transcription - ERROR - Chunk transcription failed: [enforce fail at alloc_cpu.cpp:114] data. DefaultCPUAllocator: not enough memory: you tried to allocate 1867779891200 bytes.
2025-01-03 20:30:27,393 - audio.transcription - ERROR - Chunk transcription failed: [enforce fail at alloc_cpu.cpp:114] data. DefaultCPUAllocator: not enough memory: you tried to allocate 1869745975296 bytes.
2025-01-03 20:30:27,465 - audio.transcription - ERROR - Chunk transcription failed: [enforce fail at alloc_cpu.cpp:114] data. DefaultCPUAllocator: not enough memory: you tried to allocate 1871712059392 bytes.
2025-01-03 20:30:27,535 - audio.transcription - ERROR - Chunk transcription failed: [enforce fail at alloc_cpu.cpp:114] data. DefaultCPUAllocator: not enough memory: you tried to allocate 1873678143488 bytes.
2025-01-03 20:30:27,602 - audio.transcription - ERROR - Chunk transcription failed: [enforce fail at alloc_cpu.cpp:114] data. DefaultCPUAllocator: not enough memory: you tried to allocate 1875644227584 bytes.
2025-01-03 20:30:27,632 - audio.transcription - ERROR - Chunk transcription failed: [enforce fail at alloc_cpu.cpp:114] data. DefaultCPUAllocator: not enough memory: you tried to allocate 1877610311680 bytes.
2025-01-03 20:30:27,696 - audio.transcription - ERROR - Chunk transcription failed: [enforce fail at alloc_cpu.cpp:114] data. DefaultCPUAllocator: not enough memory: you tried to allocate 1879576395776 bytes.
2025-01-03 20:30:27,770 - audio.transcription - ERROR - Chunk transcription failed: [enforce fail at alloc_cpu.cpp:114] data. DefaultCPUAllocator: not enough memory: you tried to allocate 1881542479872 bytes.
2025-01-03 20:30:27,838 - audio.transcription - ERROR - Chunk transcription failed: [enforce fail at alloc_cpu.cpp:114] data. DefaultCPUAllocator: not enough memory: you tried to allocate 1883508563968 bytes.
2025-01-03 20:30:27,869 - audio.transcription - ERROR - Chunk transcription failed: [enforce fail at alloc_cpu.cpp:114] data. DefaultCPUAllocator: not enough memory: you tried to allocate 1885474648064 bytes.
2025-01-03 20:30:27,936 - audio.transcription - ERROR - Chunk transcription failed: [enforce fail at alloc_cpu.cpp:114] data. DefaultCPUAllocator: not enough memory: you tried to allocate 1887440732160 bytes.
2025-01-03 20:30:28,011 - audio.transcription - ERROR - Chunk transcription failed: [enforce fail at alloc_cpu.cpp:114] data. DefaultCPUAllocator: not enough memory: you tried to allocate 1889406816256 bytes.
2025-01-03 20:30:28,083 - audio.transcription - ERROR - Chunk transcription failed: [enforce fail at alloc_cpu.cpp:114] data. DefaultCPUAllocator: not enough memory: you tried to allocate 1891372900352 bytes.
2025-01-03 20:30:28,158 - audio.transcription - ERROR - Chunk transcription failed: [enforce fail at alloc_cpu.cpp:114] data. DefaultCPUAllocator: not enough memory: you tried to allocate 1893338984448 bytes.
2025-01-03 20:30:28,178 - audio.transcription - ERROR - Chunk transcription failed: [enforce fail at alloc_cpu.cpp:114] data. DefaultCPUAllocator: not enough memory: you tried to allocate 1895305068544 bytes.
2025-01-03 20:30:28,257 - audio.transcription - ERROR - Chunk transcription failed: [enforce fail at alloc_cpu.cpp:114] data. DefaultCPUAllocator: not enough memory: you tried to allocate 1897271152640 bytes.
2025-01-03 20:30:28,324 - audio.transcription - ERROR - Chunk transcription failed: [enforce fail at alloc_cpu.cpp:114] data. DefaultCPUAllocator: not enough memory: you tried to allocate 1899237236736 bytes.
2025-01-03 20:30:28,388 - audio.transcription - ERROR - Chunk transcription failed: [enforce fail at alloc_cpu.cpp:114] data. DefaultCPUAllocator: not enough memory: you tried to allocate 1901203320832 bytes.
2025-01-03 20:30:28,421 - audio.transcription - ERROR - Chunk transcription failed: [enforce fail at alloc_cpu.cpp:114] data. DefaultCPUAllocator: not enough memory: you tried to allocate 1903169404928 bytes.
2025-01-03 20:30:28,488 - audio.transcription - ERROR - Chunk transcription failed: [enforce fail at alloc_cpu.cpp:114] data. DefaultCPUAllocator: not enough memory: you tried to allocate 1905135489024 bytes.
2025-01-03 20:30:28,520 - audio.transcription - ERROR - Chunk transcription failed: [enforce fail at alloc_cpu.cpp:114] data. DefaultCPUAllocator: not enough memory: you tried to allocate 1907101573120 bytes.
2025-01-03 20:30:28,586 - audio.transcription - ERROR - Chunk transcription failed: [enforce fail at alloc_cpu.cpp:114] data. DefaultCPUAllocator: not enough memory: you tried to allocate 1909067657216 bytes.
2025-01-03 20:30:28,658 - audio.transcription - ERROR - Chunk transcription failed: [enforce fail at alloc_cpu.cpp:114] data. DefaultCPUAllocator: not enough memory: you tried to allocate 1911033741312 bytes.
2025-01-03 20:30:28,741 - audio.transcription - ERROR - Chunk transcription failed: [enforce fail at alloc_cpu.cpp:114] data. DefaultCPUAllocator: not enough memory: you tried to allocate 1912999825408 bytes.
2025-01-03 20:30:28,805 - audio.transcription - ERROR - Chunk transcription failed: [enforce fail at alloc_cpu.cpp:114] data. DefaultCPUAllocator: not enough memory: you tried to allocate 1914965909504 bytes.
2025-01-03 20:30:28,840 - audio.transcription - ERROR - Chunk transcription failed: [enforce fail at alloc_cpu.cpp:114] data. DefaultCPUAllocator: not enough memory: you tried to allocate 1916931993600 bytes.
2025-01-03 20:30:28,901 - audio.transcription - ERROR - Chunk transcription failed: [enforce fail at alloc_cpu.cpp:114] data. DefaultCPUAllocator: not enough memory: you tried to allocate 1918898077696 bytes.
2025-01-03 20:30:28,978 - audio.transcription - ERROR - Chunk transcription failed: [enforce fail at alloc_cpu.cpp:114] data. DefaultCPUAllocator: not enough memory: you tried to allocate 1920864161792 bytes.
2025-01-03 20:30:29,060 - audio.transcription - ERROR - Chunk transcription failed: [enforce fail at alloc_cpu.cpp:114] data. DefaultCPUAllocator: not enough memory: you tried to allocate 1922830245888 bytes.
2025-01-03 20:30:29,140 - audio.transcription - ERROR - Chunk transcription failed: [enforce fail at alloc_cpu.cpp:114] data. DefaultCPUAllocator: not enough memory: you tried to allocate 1924796329984 bytes.
2025-01-03 20:30:29,218 - audio.transcription - ERROR - Chunk transcription failed: [enforce fail at alloc_cpu.cpp:114] data. DefaultCPUAllocator: not enough memory: you tried to allocate 1926762414080 bytes.
2025-01-03 20:30:29,293 - audio.transcription - ERROR - Chunk transcription failed: [enforce fail at alloc_cpu.cpp:114] data. DefaultCPUAllocator: not enough memory: you tried to allocate 1928728498176 bytes.
2025-01-03 20:30:29,368 - audio.transcription - ERROR - Chunk transcription failed: [enforce fail at alloc_cpu.cpp:114] data. DefaultCPUAllocator: not enough memory: you tried to allocate 1930694582272 bytes.
2025-01-03 20:30:29,429 - audio.transcription - ERROR - Chunk transcription failed: [enforce fail at alloc_cpu.cpp:114] data. DefaultCPUAllocator: not enough memory: you tried to allocate 1932660666368 bytes.
2025-01-03 20:30:29,454 - audio.transcription - ERROR - Chunk transcription failed: [enforce fail at alloc_cpu.cpp:114] data. DefaultCPUAllocator: not enough memory: you tried to allocate 1934626750464 bytes.
2025-01-03 20:30:29,521 - audio.transcription - ERROR - Chunk transcription failed: [enforce fail at alloc_cpu.cpp:114] data. DefaultCPUAllocator: not enough memory: you tried to allocate 1936592834560 bytes.
2025-01-03 20:30:29,597 - audio.transcription - ERROR - Chunk transcription failed: [enforce fail at alloc_cpu.cpp:114] data. DefaultCPUAllocator: not enough memory: you tried to allocate 1938558918656 bytes.
2025-01-03 20:30:29,628 - audio.transcription - ERROR - Chunk transcription failed: [enforce fail at alloc_cpu.cpp:114] data. DefaultCPUAllocator: not enough memory: you tried to allocate 1940525002752 bytes.
2025-01-03 20:30:29,699 - audio.transcription - ERROR - Chunk transcription failed: [enforce fail at alloc_cpu.cpp:114] data. DefaultCPUAllocator: not enough memory: you tried to allocate 1942491086848 bytes.
2025-01-03 20:30:29,782 - audio.transcription - ERROR - Chunk transcription failed: [enforce fail at alloc_cpu.cpp:114] data. DefaultCPUAllocator: not enough memory: you tried to allocate 1944457170944 bytes.
2025-01-03 20:30:29,853 - audio.transcription - ERROR - Chunk transcription failed: [enforce fail at alloc_cpu.cpp:114] data. DefaultCPUAllocator: not enough memory: you tried to allocate 1946423255040 bytes.
2025-01-03 20:30:29,916 - audio.transcription - ERROR - Chunk transcription failed: [enforce fail at alloc_cpu.cpp:114] data. DefaultCPUAllocator: not enough memory: you tried to allocate 1948389339136 bytes.
2025-01-03 20:30:29,939 - audio.transcription - ERROR - Chunk transcription failed: [enforce fail at alloc_cpu.cpp:114] data. DefaultCPUAllocator: not enough memory: you tried to allocate 1950355423232 bytes.
2025-01-03 20:30:30,016 - audio.transcription - ERROR - Chunk transcription failed: [enforce fail at alloc_cpu.cpp:114] data. DefaultCPUAllocator: not enough memory: you tried to allocate 1952321507328 bytes.
2025-01-03 20:30:30,106 - audio.transcription - ERROR - Chunk transcription failed: [enforce fail at alloc_cpu.cpp:114] data. DefaultCPUAllocator: not enough memory: you tried to allocate 1954287591424 bytes.
2025-01-03 20:30:30,168 - audio.transcription - ERROR - Chunk transcription failed: [enforce fail at alloc_cpu.cpp:114] data. DefaultCPUAllocator: not enough memory: you tried to allocate 1956253675520 bytes.
2025-01-03 20:30:30,235 - audio.transcription - ERROR - Chunk transcription failed: [enforce fail at alloc_cpu.cpp:114] data. DefaultCPUAllocator: not enough memory: you tried to allocate 1958219759616 bytes.
2025-01-03 20:30:30,268 - audio.transcription - ERROR - Chunk transcription failed: [enforce fail at alloc_cpu.cpp:114] data. DefaultCPUAllocator: not enough memory: you tried to allocate 1960185843712 bytes.
2025-01-03 20:30:30,305 - audio.transcription - ERROR - Chunk transcription failed: [enforce fail at alloc_cpu.cpp:114] data. DefaultCPUAllocator: not enough memory: you tried to allocate 1962151927808 bytes.
2025-01-03 20:30:30,361 - audio.transcription - ERROR - Chunk transcription failed: [enforce fail at alloc_cpu.cpp:114] data. DefaultCPUAllocator: not enough memory: you tried to allocate 1964118011904 bytes.
2025-01-03 20:30:30,399 - audio.transcription - ERROR - Chunk transcription failed: [enforce fail at alloc_cpu.cpp:114] data. DefaultCPUAllocator: not enough memory: you tried to allocate 1966084096000 bytes.
2025-01-03 20:30:30,497 - audio.transcription - ERROR - Chunk transcription failed: [enforce fail at alloc_cpu.cpp:114] data. DefaultCPUAllocator: not enough memory: you tried to allocate 1968050180096 bytes.
2025-01-03 20:30:30,537 - audio.transcription - ERROR - Chunk transcription failed: [enforce fail at alloc_cpu.cpp:114] data. DefaultCPUAllocator: not enough memory: you tried to allocate 1970016264192 bytes.
2025-01-03 20:30:30,609 - audio.transcription - ERROR - Chunk transcription failed: [enforce fail at alloc_cpu.cpp:114] data. DefaultCPUAllocator: not enough memory: you tried to allocate 1971982348288 bytes.
2025-01-03 20:30:30,684 - audio.transcription - ERROR - Chunk transcription failed: [enforce fail at alloc_cpu.cpp:114] data. DefaultCPUAllocator: not enough memory: you tried to allocate 1973948432384 bytes.
2025-01-03 20:30:30,721 - audio.transcription - ERROR - Chunk transcription failed: [enforce fail at alloc_cpu.cpp:114] data. DefaultCPUAllocator: not enough memory: you tried to allocate 1975914516480 bytes.
2025-01-03 20:30:30,801 - audio.transcription - ERROR - Chunk transcription failed: [enforce fail at alloc_cpu.cpp:114] data. DefaultCPUAllocator: not enough memory: you tried to allocate 1977880600576 bytes.
2025-01-03 20:30:30,891 - audio.transcription - ERROR - Chunk transcription failed: [enforce fail at alloc_cpu.cpp:114] data. DefaultCPUAllocator: not enough memory: you tried to allocate 1979846684672 bytes.
2025-01-03 20:30:30,969 - audio.transcription - ERROR - Chunk transcription failed: [enforce fail at alloc_cpu.cpp:114] data. DefaultCPUAllocator: not enough memory: you tried to allocate 1981812768768 bytes.
2025-01-03 20:30:31,045 - audio.transcription - ERROR - Chunk transcription failed: [enforce fail at alloc_cpu.cpp:114] data. DefaultCPUAllocator: not enough memory: you tried to allocate 1983778852864 bytes.
2025-01-03 20:30:31,123 - audio.transcription - ERROR - Chunk transcription failed: [enforce fail at alloc_cpu.cpp:114] data. DefaultCPUAllocator: not enough memory: you tried to allocate 1985744936960 bytes.
2025-01-03 20:30:31,200 - audio.transcription - ERROR - Chunk transcription failed: [enforce fail at alloc_cpu.cpp:114] data. DefaultCPUAllocator: not enough memory: you tried to allocate 1987711021056 bytes.
2025-01-03 20:30:31,281 - audio.transcription - ERROR - Chunk transcription failed: [enforce fail at alloc_cpu.cpp:114] data. DefaultCPUAllocator: not enough memory: you tried to allocate 1989677105152 bytes.
2025-01-03 20:30:31,359 - audio.transcription - ERROR - Chunk transcription failed: [enforce fail at alloc_cpu.cpp:114] data. DefaultCPUAllocator: not enough memory: you tried to allocate 1991643189248 bytes.
2025-01-03 20:30:31,428 - audio.transcription - ERROR - Chunk transcription failed: [enforce fail at alloc_cpu.cpp:114] data. DefaultCPUAllocator: not enough memory: you tried to allocate 1993609273344 bytes.
2025-01-03 20:30:31,509 - audio.transcription - ERROR - Chunk transcription failed: [enforce fail at alloc_cpu.cpp:114] data. DefaultCPUAllocator: not enough memory: you tried to allocate 1995575357440 bytes.
2025-01-03 20:30:31,595 - audio.transcription - ERROR - Chunk transcription failed: [enforce fail at alloc_cpu.cpp:114] data. DefaultCPUAllocator: not enough memory: you tried to allocate 1997541441536 bytes.
2025-01-03 20:30:31,662 - audio.transcription - ERROR - Chunk transcription failed: [enforce fail at alloc_cpu.cpp:114] data. DefaultCPUAllocator: not enough memory: you tried to allocate 1999507525632 bytes.
2025-01-03 20:30:31,741 - audio.transcription - ERROR - Chunk transcription failed: [enforce fail at alloc_cpu.cpp:114] data. DefaultCPUAllocator: not enough memory: you tried to allocate 2001473609728 bytes.
2025-01-03 20:30:31,815 - audio.transcription - ERROR - Chunk transcription failed: [enforce fail at alloc_cpu.cpp:114] data. DefaultCPUAllocator: not enough memory: you tried to allocate 2003439693824 bytes.
2025-01-03 20:30:31,851 - audio.transcription - ERROR - Chunk transcription failed: [enforce fail at alloc_cpu.cpp:114] data. DefaultCPUAllocator: not enough memory: you tried to allocate 2005405777920 bytes.
2025-01-03 20:30:31,912 - audio.transcription - ERROR - Chunk transcription failed: [enforce fail at alloc_cpu.cpp:114] data. DefaultCPUAllocator: not enough memory: you tried to allocate 2007371862016 bytes.
2025-01-03 20:30:31,994 - audio.transcription - ERROR - Chunk transcription failed: [enforce fail at alloc_cpu.cpp:114] data. DefaultCPUAllocator: not enough memory: you tried to allocate 2009337946112 bytes.
2025-01-03 20:30:32,080 - audio.transcription - ERROR - Chunk transcription failed: [enforce fail at alloc_cpu.cpp:114] data. DefaultCPUAllocator: not enough memory: you tried to allocate 2011304030208 bytes.
2025-01-03 20:30:32,152 - audio.transcription - ERROR - Chunk transcription failed: [enforce fail at alloc_cpu.cpp:114] data. DefaultCPUAllocator: not enough memory: you tried to allocate 2013270114304 bytes.
2025-01-03 20:30:32,219 - audio.transcription - ERROR - Chunk transcription failed: [enforce fail at alloc_cpu.cpp:114] data. DefaultCPUAllocator: not enough memory: you tried to allocate 2015236198400 bytes.
2025-01-03 20:30:32,288 - audio.transcription - ERROR - Chunk transcription failed: [enforce fail at alloc_cpu.cpp:114] data. DefaultCPUAllocator: not enough memory: you tried to allocate 2017202282496 bytes.
2025-01-03 20:30:32,307 - audio.transcription - ERROR - Chunk transcription failed: [enforce fail at alloc_cpu.cpp:114] data. DefaultCPUAllocator: not enough memory: you tried to allocate 2019168366592 bytes.
2025-01-03 20:30:32,372 - audio.transcription - ERROR - Chunk transcription failed: [enforce fail at alloc_cpu.cpp:114] data. DefaultCPUAllocator: not enough memory: you tried to allocate 2021134450688 bytes.
2025-01-03 20:30:32,393 - audio.transcription - ERROR - Chunk transcription failed: [enforce fail at alloc_cpu.cpp:114] data. DefaultCPUAllocator: not enough memory: you tried to allocate 2023100534784 bytes.
2025-01-03 20:30:32,471 - audio.transcription - ERROR - Chunk transcription failed: [enforce fail at alloc_cpu.cpp:114] data. DefaultCPUAllocator: not enough memory: you tried to allocate 2025066618880 bytes.
2025-01-03 20:30:32,547 - audio.transcription - ERROR - Chunk transcription failed: [enforce fail at alloc_cpu.cpp:114] data. DefaultCPUAllocator: not enough memory: you tried to allocate 2027032702976 bytes.
2025-01-03 20:30:32,622 - audio.transcription - ERROR - Chunk transcription failed: [enforce fail at alloc_cpu.cpp:114] data. DefaultCPUAllocator: not enough memory: you tried to allocate 2028998787072 bytes.
2025-01-03 20:30:32,704 - audio.transcription - ERROR - Chunk transcription failed: [enforce fail at alloc_cpu.cpp:114] data. DefaultCPUAllocator: not enough memory: you tried to allocate 2030964871168 bytes.
2025-01-03 20:30:32,780 - audio.transcription - ERROR - Chunk transcription failed: [enforce fail at alloc_cpu.cpp:114] data. DefaultCPUAllocator: not enough memory: you tried to allocate 2032930955264 bytes.
2025-01-03 20:30:32,865 - audio.transcription - ERROR - Chunk transcription failed: [enforce fail at alloc_cpu.cpp:114] data. DefaultCPUAllocator: not enough memory: you tried to allocate 2034897039360 bytes.
2025-01-03 20:30:32,940 - audio.transcription - ERROR - Chunk transcription failed: [enforce fail at alloc_cpu.cpp:114] data. DefaultCPUAllocator: not enough memory: you tried to allocate 2036863123456 bytes.
2025-01-03 20:30:33,018 - audio.transcription - ERROR - Chunk transcription failed: [enforce fail at alloc_cpu.cpp:114] data. DefaultCPUAllocator: not enough memory: you tried to allocate 2038829207552 bytes.
2025-01-03 20:30:33,093 - audio.transcription - ERROR - Chunk transcription failed: [enforce fail at alloc_cpu.cpp:114] data. DefaultCPUAllocator: not enough memory: you tried to allocate 2040795291648 bytes.
2025-01-03 20:30:33,122 - audio.transcription - ERROR - Chunk transcription failed: [enforce fail at alloc_cpu.cpp:114] data. DefaultCPUAllocator: not enough memory: you tried to allocate 2042761375744 bytes.
2025-01-03 20:30:33,175 - audio.transcription - ERROR - Chunk transcription failed: [enforce fail at alloc_cpu.cpp:114] data. DefaultCPUAllocator: not enough memory: you tried to allocate 2044727459840 bytes.
2025-01-03 20:30:33,233 - audio.transcription - ERROR - Chunk transcription failed: [enforce fail at alloc_cpu.cpp:114] data. DefaultCPUAllocator: not enough memory: you tried to allocate 2046693543936 bytes.
2025-01-03 20:30:33,264 - audio.transcription - ERROR - Chunk transcription failed: [enforce fail at alloc_cpu.cpp:114] data. DefaultCPUAllocator: not enough memory: you tried to allocate 2048659628032 bytes.
2025-01-03 20:30:33,352 - audio.transcription - ERROR - Chunk transcription failed: [enforce fail at alloc_cpu.cpp:114] data. DefaultCPUAllocator: not enough memory: you tried to allocate 2050625712128 bytes.
2025-01-03 20:30:33,428 - audio.transcription - ERROR - Chunk transcription failed: [enforce fail at alloc_cpu.cpp:114] data. DefaultCPUAllocator: not enough memory: you tried to allocate 2052591796224 bytes.
2025-01-03 20:30:33,510 - audio.transcription - ERROR - Chunk transcription failed: [enforce fail at alloc_cpu.cpp:114] data. DefaultCPUAllocator: not enough memory: you tried to allocate 2054557880320 bytes.
2025-01-03 20:30:33,585 - audio.transcription - ERROR - Chunk transcription failed: [enforce fail at alloc_cpu.cpp:114] data. DefaultCPUAllocator: not enough memory: you tried to allocate 2056523964416 bytes.
2025-01-03 20:30:33,665 - audio.transcription - ERROR - Chunk transcription failed: [enforce fail at alloc_cpu.cpp:114] data. DefaultCPUAllocator: not enough memory: you tried to allocate 2058490048512 bytes.
2025-01-03 20:30:33,744 - audio.transcription - ERROR - Chunk transcription failed: [enforce fail at alloc_cpu.cpp:114] data. DefaultCPUAllocator: not enough memory: you tried to allocate 2060456132608 bytes.
2025-01-03 20:30:33,780 - audio.transcription - ERROR - Chunk transcription failed: [enforce fail at alloc_cpu.cpp:114] data. DefaultCPUAllocator: not enough memory: you tried to allocate 2062422216704 bytes.
2025-01-03 20:30:33,847 - audio.transcription - ERROR - Chunk transcription failed: [enforce fail at alloc_cpu.cpp:114] data. DefaultCPUAllocator: not enough memory: you tried to allocate 2064388300800 bytes.
2025-01-03 20:30:33,923 - audio.transcription - ERROR - Chunk transcription failed: [enforce fail at alloc_cpu.cpp:114] data. DefaultCPUAllocator: not enough memory: you tried to allocate 2066354384896 bytes.
2025-01-03 20:30:34,000 - audio.transcription - ERROR - Chunk transcription failed: [enforce fail at alloc_cpu.cpp:114] data. DefaultCPUAllocator: not enough memory: you tried to allocate 2068320468992 bytes.
2025-01-03 20:30:34,084 - audio.transcription - ERROR - Chunk transcription failed: [enforce fail at alloc_cpu.cpp:114] data. DefaultCPUAllocator: not enough memory: you tried to allocate 2070286553088 bytes.
2025-01-03 20:30:34,162 - audio.transcription - ERROR - Chunk transcription failed: [enforce fail at alloc_cpu.cpp:114] data. DefaultCPUAllocator: not enough memory: you tried to allocate 2072252637184 bytes.
2025-01-03 20:30:34,236 - audio.transcription - ERROR - Chunk transcription failed: [enforce fail at alloc_cpu.cpp:114] data. DefaultCPUAllocator: not enough memory: you tried to allocate 2074218721280 bytes.
2025-01-03 20:30:34,309 - audio.transcription - ERROR - Chunk transcription failed: [enforce fail at alloc_cpu.cpp:114] data. DefaultCPUAllocator: not enough memory: you tried to allocate 2076184805376 bytes.
2025-01-03 20:30:34,382 - audio.transcription - ERROR - Chunk transcription failed: [enforce fail at alloc_cpu.cpp:114] data. DefaultCPUAllocator: not enough memory: you tried to allocate 2078150889472 bytes.
2025-01-03 20:30:34,456 - audio.transcription - ERROR - Chunk transcription failed: [enforce fail at alloc_cpu.cpp:114] data. DefaultCPUAllocator: not enough memory: you tried to allocate 2080116973568 bytes.
2025-01-03 20:30:34,537 - audio.transcription - ERROR - Chunk transcription failed: [enforce fail at alloc_cpu.cpp:114] data. DefaultCPUAllocator: not enough memory: you tried to allocate 2082083057664 bytes.
2025-01-03 20:30:34,624 - audio.transcription - ERROR - Chunk transcription failed: [enforce fail at alloc_cpu.cpp:114] data. DefaultCPUAllocator: not enough memory: you tried to allocate 2084049141760 bytes.
2025-01-03 20:30:34,713 - audio.transcription - ERROR - Chunk transcription failed: [enforce fail at alloc_cpu.cpp:114] data. DefaultCPUAllocator: not enough memory: you tried to allocate 2086015225856 bytes.
2025-01-03 20:30:34,796 - audio.transcription - ERROR - Chunk transcription failed: [enforce fail at alloc_cpu.cpp:114] data. DefaultCPUAllocator: not enough memory: you tried to allocate 2087981309952 bytes.
2025-01-03 20:30:34,878 - audio.transcription - ERROR - Chunk transcription failed: [enforce fail at alloc_cpu.cpp:114] data. DefaultCPUAllocator: not enough memory: you tried to allocate 2089947394048 bytes.
2025-01-03 20:30:34,971 - audio.transcription - ERROR - Chunk transcription failed: [enforce fail at alloc_cpu.cpp:114] data. DefaultCPUAllocator: not enough memory: you tried to allocate 2091913478144 bytes.
2025-01-03 20:30:35,026 - audio.transcription - ERROR - Chunk transcription failed: [enforce fail at alloc_cpu.cpp:114] data. DefaultCPUAllocator: not enough memory: you tried to allocate 2093879562240 bytes.
2025-01-03 20:30:35,076 - audio.transcription - ERROR - Chunk transcription failed: [enforce fail at alloc_cpu.cpp:114] data. DefaultCPUAllocator: not enough memory: you tried to allocate 2095845646336 bytes.
2025-01-03 20:30:35,161 - audio.transcription - ERROR - Chunk transcription failed: [enforce fail at alloc_cpu.cpp:114] data. DefaultCPUAllocator: not enough memory: you tried to allocate 2097811730432 bytes.
2025-01-03 20:30:35,268 - audio.transcription - ERROR - Chunk transcription failed: [enforce fail at alloc_cpu.cpp:114] data. DefaultCPUAllocator: not enough memory: you tried to allocate 2099777814528 bytes.
2025-01-03 20:30:35,351 - audio.transcription - ERROR - Chunk transcription failed: [enforce fail at alloc_cpu.cpp:114] data. DefaultCPUAllocator: not enough memory: you tried to allocate 2101743898624 bytes.
2025-01-03 20:30:35,429 - audio.transcription - ERROR - Chunk transcription failed: [enforce fail at alloc_cpu.cpp:114] data. DefaultCPUAllocator: not enough memory: you tried to allocate 2103709982720 bytes.
2025-01-03 20:30:35,506 - audio.transcription - ERROR - Chunk transcription failed: [enforce fail at alloc_cpu.cpp:114] data. DefaultCPUAllocator: not enough memory: you tried to allocate 2105676066816 bytes.
2025-01-03 20:30:35,568 - audio.transcription - ERROR - Chunk transcription failed: [enforce fail at alloc_cpu.cpp:114] data. DefaultCPUAllocator: not enough memory: you tried to allocate 2107642150912 bytes.
2025-01-03 20:30:35,606 - audio.transcription - ERROR - Chunk transcription failed: [enforce fail at alloc_cpu.cpp:114] data. DefaultCPUAllocator: not enough memory: you tried to allocate 2109608235008 bytes.
2025-01-03 20:30:35,671 - audio.transcription - ERROR - Chunk transcription failed: [enforce fail at alloc_cpu.cpp:114] data. DefaultCPUAllocator: not enough memory: you tried to allocate 2111574319104 bytes.
2025-01-03 20:30:35,745 - audio.transcription - ERROR - Chunk transcription failed: [enforce fail at alloc_cpu.cpp:114] data. DefaultCPUAllocator: not enough memory: you tried to allocate 2113540403200 bytes.
2025-01-03 20:30:35,820 - audio.transcription - ERROR - Chunk transcription failed: [enforce fail at alloc_cpu.cpp:114] data. DefaultCPUAllocator: not enough memory: you tried to allocate 2115506487296 bytes.
2025-01-03 20:30:35,886 - audio.transcription - ERROR - Chunk transcription failed: [enforce fail at alloc_cpu.cpp:114] data. DefaultCPUAllocator: not enough memory: you tried to allocate 2117472571392 bytes.
2025-01-03 20:30:35,912 - audio.transcription - ERROR - Chunk transcription failed: [enforce fail at alloc_cpu.cpp:114] data. DefaultCPUAllocator: not enough memory: you tried to allocate 2119438655488 bytes.
2025-01-03 20:30:35,987 - audio.transcription - ERROR - Chunk transcription failed: [enforce fail at alloc_cpu.cpp:114] data. DefaultCPUAllocator: not enough memory: you tried to allocate 2121404739584 bytes.
2025-01-03 20:30:36,073 - audio.transcription - ERROR - Chunk transcription failed: [enforce fail at alloc_cpu.cpp:114] data. DefaultCPUAllocator: not enough memory: you tried to allocate 2123370823680 bytes.
2025-01-03 20:30:36,148 - audio.transcription - ERROR - Chunk transcription failed: [enforce fail at alloc_cpu.cpp:114] data. DefaultCPUAllocator: not enough memory: you tried to allocate 2125336907776 bytes.
2025-01-03 20:30:36,228 - audio.transcription - ERROR - Chunk transcription failed: [enforce fail at alloc_cpu.cpp:114] data. DefaultCPUAllocator: not enough memory: you tried to allocate 2127302991872 bytes.
2025-01-03 20:30:36,301 - audio.transcription - ERROR - Chunk transcription failed: [enforce fail at alloc_cpu.cpp:114] data. DefaultCPUAllocator: not enough memory: you tried to allocate 2129269075968 bytes.
2025-01-03 20:30:36,378 - audio.transcription - ERROR - Chunk transcription failed: [enforce fail at alloc_cpu.cpp:114] data. DefaultCPUAllocator: not enough memory: you tried to allocate 2131235160064 bytes.
2025-01-03 20:30:36,461 - audio.transcription - ERROR - Chunk transcription failed: [enforce fail at alloc_cpu.cpp:114] data. DefaultCPUAllocator: not enough memory: you tried to allocate 2133201244160 bytes.
2025-01-03 20:30:36,535 - audio.transcription - ERROR - Chunk transcription failed: [enforce fail at alloc_cpu.cpp:114] data. DefaultCPUAllocator: not enough memory: you tried to allocate 2135167328256 bytes.
2025-01-03 20:30:36,614 - audio.transcription - ERROR - Chunk transcription failed: [enforce fail at alloc_cpu.cpp:114] data. DefaultCPUAllocator: not enough memory: you tried to allocate 2137133412352 bytes.
2025-01-03 20:30:36,685 - audio.transcription - ERROR - Chunk transcription failed: [enforce fail at alloc_cpu.cpp:114] data. DefaultCPUAllocator: not enough memory: you tried to allocate 2139099496448 bytes.
2025-01-03 20:30:36,756 - audio.transcription - ERROR - Chunk transcription failed: [enforce fail at alloc_cpu.cpp:114] data. DefaultCPUAllocator: not enough memory: you tried to allocate 2141065580544 bytes.
2025-01-03 20:30:36,823 - audio.transcription - ERROR - Chunk transcription failed: [enforce fail at alloc_cpu.cpp:114] data. DefaultCPUAllocator: not enough memory: you tried to allocate 2143031664640 bytes.
2025-01-03 20:30:36,902 - audio.transcription - ERROR - Chunk transcription failed: [enforce fail at alloc_cpu.cpp:114] data. DefaultCPUAllocator: not enough memory: you tried to allocate 2144997748736 bytes.
2025-01-03 20:30:36,976 - audio.transcription - ERROR - Chunk transcription failed: [enforce fail at alloc_cpu.cpp:114] data. DefaultCPUAllocator: not enough memory: you tried to allocate 2146963832832 bytes.
2025-01-03 20:30:37,053 - audio.transcription - ERROR - Chunk transcription failed: [enforce fail at alloc_cpu.cpp:114] data. DefaultCPUAllocator: not enough memory: you tried to allocate 2148929916928 bytes.
2025-01-03 20:30:37,138 - audio.transcription - ERROR - Chunk transcription failed: [enforce fail at alloc_cpu.cpp:114] data. DefaultCPUAllocator: not enough memory: you tried to allocate 2150896001024 bytes.
2025-01-03 20:30:37,204 - audio.transcription - ERROR - Chunk transcription failed: [enforce fail at alloc_cpu.cpp:114] data. DefaultCPUAllocator: not enough memory: you tried to allocate 2152862085120 bytes.
2025-01-03 20:30:37,265 - audio.transcription - ERROR - Chunk transcription failed: [enforce fail at alloc_cpu.cpp:114] data. DefaultCPUAllocator: not enough memory: you tried to allocate 2154828169216 bytes.
2025-01-03 20:30:37,303 - audio.transcription - ERROR - Chunk transcription failed: [enforce fail at alloc_cpu.cpp:114] data. DefaultCPUAllocator: not enough memory: you tried to allocate 2156794253312 bytes.
2025-01-03 20:30:37,355 - audio.transcription - ERROR - Chunk transcription failed: [enforce fail at alloc_cpu.cpp:114] data. DefaultCPUAllocator: not enough memory: you tried to allocate 2158760337408 bytes.
2025-01-03 20:30:37,427 - audio.transcription - ERROR - Chunk transcription failed: [enforce fail at alloc_cpu.cpp:114] data. DefaultCPUAllocator: not enough memory: you tried to allocate 2160726421504 bytes.
2025-01-03 20:30:37,499 - audio.transcription - ERROR - Chunk transcription failed: [enforce fail at alloc_cpu.cpp:114] data. DefaultCPUAllocator: not enough memory: you tried to allocate 2162692505600 bytes.
2025-01-03 20:30:37,567 - audio.transcription - ERROR - Chunk transcription failed: [enforce fail at alloc_cpu.cpp:114] data. DefaultCPUAllocator: not enough memory: you tried to allocate 2164658589696 bytes.
2025-01-03 20:30:37,632 - audio.transcription - ERROR - Chunk transcription failed: [enforce fail at alloc_cpu.cpp:114] data. DefaultCPUAllocator: not enough memory: you tried to allocate 2166624673792 bytes.
2025-01-03 20:30:37,700 - audio.transcription - ERROR - Chunk transcription failed: [enforce fail at alloc_cpu.cpp:114] data. DefaultCPUAllocator: not enough memory: you tried to allocate 2168590757888 bytes.
2025-01-03 20:30:37,771 - audio.transcription - ERROR - Chunk transcription failed: [enforce fail at alloc_cpu.cpp:114] data. DefaultCPUAllocator: not enough memory: you tried to allocate 2170556841984 bytes.
2025-01-03 20:30:37,841 - audio.transcription - ERROR - Chunk transcription failed: [enforce fail at alloc_cpu.cpp:114] data. DefaultCPUAllocator: not enough memory: you tried to allocate 2172522926080 bytes.
2025-01-03 20:30:37,901 - audio.transcription - ERROR - Chunk transcription failed: [enforce fail at alloc_cpu.cpp:114] data. DefaultCPUAllocator: not enough memory: you tried to allocate 2174489010176 bytes.
2025-01-03 20:30:37,964 - audio.transcription - ERROR - Chunk transcription failed: [enforce fail at alloc_cpu.cpp:114] data. DefaultCPUAllocator: not enough memory: you tried to allocate 2176455094272 bytes.
2025-01-03 20:30:37,996 - audio.transcription - ERROR - Chunk transcription failed: [enforce fail at alloc_cpu.cpp:114] data. DefaultCPUAllocator: not enough memory: you tried to allocate 2178421178368 bytes.
2025-01-03 20:30:38,053 - audio.transcription - ERROR - Chunk transcription failed: [enforce fail at alloc_cpu.cpp:114] data. DefaultCPUAllocator: not enough memory: you tried to allocate 2180387262464 bytes.
2025-01-03 20:30:38,128 - audio.transcription - ERROR - Chunk transcription failed: [enforce fail at alloc_cpu.cpp:114] data. DefaultCPUAllocator: not enough memory: you tried to allocate 2182353346560 bytes.
2025-01-03 20:30:38,202 - audio.transcription - ERROR - Chunk transcription failed: [enforce fail at alloc_cpu.cpp:114] data. DefaultCPUAllocator: not enough memory: you tried to allocate 2184319430656 bytes.
2025-01-03 20:30:38,232 - audio.transcription - ERROR - Chunk transcription failed: [enforce fail at alloc_cpu.cpp:114] data. DefaultCPUAllocator: not enough memory: you tried to allocate 2186285514752 bytes.
2025-01-03 20:30:38,289 - audio.transcription - ERROR - Chunk transcription failed: [enforce fail at alloc_cpu.cpp:114] data. DefaultCPUAllocator: not enough memory: you tried to allocate 2188251598848 bytes.
2025-01-03 20:30:38,360 - audio.transcription - ERROR - Chunk transcription failed: [enforce fail at alloc_cpu.cpp:114] data. DefaultCPUAllocator: not enough memory: you tried to allocate 2190217682944 bytes.
2025-01-03 20:30:38,427 - audio.transcription - ERROR - Chunk transcription failed: [enforce fail at alloc_cpu.cpp:114] data. DefaultCPUAllocator: not enough memory: you tried to allocate 2192183767040 bytes.
2025-01-03 20:30:38,494 - audio.transcription - ERROR - Chunk transcription failed: [enforce fail at alloc_cpu.cpp:114] data. DefaultCPUAllocator: not enough memory: you tried to allocate 2194149851136 bytes.
2025-01-03 20:30:38,564 - audio.transcription - ERROR - Chunk transcription failed: [enforce fail at alloc_cpu.cpp:114] data. DefaultCPUAllocator: not enough memory: you tried to allocate 2196115935232 bytes.
2025-01-03 20:30:38,629 - audio.transcription - ERROR - Chunk transcription failed: [enforce fail at alloc_cpu.cpp:114] data. DefaultCPUAllocator: not enough memory: you tried to allocate 2198082019328 bytes.
2025-01-03 20:30:38,696 - audio.transcription - ERROR - Chunk transcription failed: [enforce fail at alloc_cpu.cpp:114] data. DefaultCPUAllocator: not enough memory: you tried to allocate 2200048103424 bytes.
2025-01-03 20:30:38,754 - audio.transcription - ERROR - Chunk transcription failed: [enforce fail at alloc_cpu.cpp:114] data. DefaultCPUAllocator: not enough memory: you tried to allocate 2202014187520 bytes.
2025-01-03 20:30:38,781 - audio.transcription - ERROR - Chunk transcription failed: [enforce fail at alloc_cpu.cpp:114] data. DefaultCPUAllocator: not enough memory: you tried to allocate 2203980271616 bytes.
2025-01-03 20:30:38,838 - audio.transcription - ERROR - Chunk transcription failed: [enforce fail at alloc_cpu.cpp:114] data. DefaultCPUAllocator: not enough memory: you tried to allocate 2205946355712 bytes.
2025-01-03 20:30:38,904 - audio.transcription - ERROR - Chunk transcription failed: [enforce fail at alloc_cpu.cpp:114] data. DefaultCPUAllocator: not enough memory: you tried to allocate 2207912439808 bytes.
2025-01-03 20:30:38,982 - audio.transcription - ERROR - Chunk transcription failed: [enforce fail at alloc_cpu.cpp:114] data. DefaultCPUAllocator: not enough memory: you tried to allocate 2209878523904 bytes.
2025-01-03 20:30:39,070 - audio.transcription - ERROR - Chunk transcription failed: [enforce fail at alloc_cpu.cpp:114] data. DefaultCPUAllocator: not enough memory: you tried to allocate 2211844608000 bytes.
2025-01-03 20:30:39,147 - audio.transcription - ERROR - Chunk transcription failed: [enforce fail at alloc_cpu.cpp:114] data. DefaultCPUAllocator: not enough memory: you tried to allocate 2213810692096 bytes.
2025-01-03 20:30:39,235 - audio.transcription - ERROR - Chunk transcription failed: [enforce fail at alloc_cpu.cpp:114] data. DefaultCPUAllocator: not enough memory: you tried to allocate 2215776776192 bytes.
2025-01-03 20:30:39,312 - audio.transcription - ERROR - Chunk transcription failed: [enforce fail at alloc_cpu.cpp:114] data. DefaultCPUAllocator: not enough memory: you tried to allocate 2217742860288 bytes.
2025-01-03 20:30:39,383 - audio.transcription - ERROR - Chunk transcription failed: [enforce fail at alloc_cpu.cpp:114] data. DefaultCPUAllocator: not enough memory: you tried to allocate 2219708944384 bytes.
2025-01-03 20:30:39,414 - audio.transcription - ERROR - Chunk transcription failed: [enforce fail at alloc_cpu.cpp:114] data. DefaultCPUAllocator: not enough memory: you tried to allocate 2221675028480 bytes.
2025-01-03 20:30:39,473 - audio.transcription - ERROR - Chunk transcription failed: [enforce fail at alloc_cpu.cpp:114] data. DefaultCPUAllocator: not enough memory: you tried to allocate 2223641112576 bytes.
2025-01-03 20:30:39,551 - audio.transcription - ERROR - Chunk transcription failed: [enforce fail at alloc_cpu.cpp:114] data. DefaultCPUAllocator: not enough memory: you tried to allocate 2225607196672 bytes.
2025-01-03 20:30:39,634 - audio.transcription - ERROR - Chunk transcription failed: [enforce fail at alloc_cpu.cpp:114] data. DefaultCPUAllocator: not enough memory: you tried to allocate 2227573280768 bytes.
2025-01-03 20:30:39,709 - audio.transcription - ERROR - Chunk transcription failed: [enforce fail at alloc_cpu.cpp:114] data. DefaultCPUAllocator: not enough memory: you tried to allocate 2229539364864 bytes.
2025-01-03 20:30:39,787 - audio.transcription - ERROR - Chunk transcription failed: [enforce fail at alloc_cpu.cpp:114] data. DefaultCPUAllocator: not enough memory: you tried to allocate 2231505448960 bytes.
2025-01-03 20:30:39,858 - audio.transcription - ERROR - Chunk transcription failed: [enforce fail at alloc_cpu.cpp:114] data. DefaultCPUAllocator: not enough memory: you tried to allocate 2233471533056 bytes.
2025-01-03 20:30:39,933 - audio.transcription - ERROR - Chunk transcription failed: [enforce fail at alloc_cpu.cpp:114] data. DefaultCPUAllocator: not enough memory: you tried to allocate 2235437617152 bytes.
2025-01-03 20:30:40,008 - audio.transcription - ERROR - Chunk transcription failed: [enforce fail at alloc_cpu.cpp:114] data. DefaultCPUAllocator: not enough memory: you tried to allocate 2237403701248 bytes.
2025-01-03 20:30:40,095 - audio.transcription - ERROR - Chunk transcription failed: [enforce fail at alloc_cpu.cpp:114] data. DefaultCPUAllocator: not enough memory: you tried to allocate 2239369785344 bytes.
2025-01-03 20:30:40,174 - audio.transcription - ERROR - Chunk transcription failed: [enforce fail at alloc_cpu.cpp:114] data. DefaultCPUAllocator: not enough memory: you tried to allocate 2241335869440 bytes.
2025-01-03 20:30:40,250 - audio.transcription - ERROR - Chunk transcription failed: [enforce fail at alloc_cpu.cpp:114] data. DefaultCPUAllocator: not enough memory: you tried to allocate 2243301953536 bytes.
2025-01-03 20:30:40,322 - audio.transcription - ERROR - Chunk transcription failed: [enforce fail at alloc_cpu.cpp:114] data. DefaultCPUAllocator: not enough memory: you tried to allocate 2245268037632 bytes.
2025-01-03 20:30:40,396 - audio.transcription - ERROR - Chunk transcription failed: [enforce fail at alloc_cpu.cpp:114] data. DefaultCPUAllocator: not enough memory: you tried to allocate 2247234121728 bytes.
2025-01-03 20:30:40,472 - audio.transcription - ERROR - Chunk transcription failed: [enforce fail at alloc_cpu.cpp:114] data. DefaultCPUAllocator: not enough memory: you tried to allocate 2249200205824 bytes.
2025-01-03 20:30:40,548 - audio.transcription - ERROR - Chunk transcription failed: [enforce fail at alloc_cpu.cpp:114] data. DefaultCPUAllocator: not enough memory: you tried to allocate 2251166289920 bytes.
2025-01-03 20:30:40,581 - audio.transcription - ERROR - Chunk transcription failed: [enforce fail at alloc_cpu.cpp:114] data. DefaultCPUAllocator: not enough memory: you tried to allocate 2253132374016 bytes.
2025-01-03 20:30:40,641 - audio.transcription - ERROR - Chunk transcription failed: [enforce fail at alloc_cpu.cpp:114] data. DefaultCPUAllocator: not enough memory: you tried to allocate 2255098458112 bytes.
2025-01-03 20:30:40,717 - audio.transcription - ERROR - Chunk transcription failed: [enforce fail at alloc_cpu.cpp:114] data. DefaultCPUAllocator: not enough memory: you tried to allocate 2257064542208 bytes.
2025-01-03 20:30:40,799 - audio.transcription - ERROR - Chunk transcription failed: [enforce fail at alloc_cpu.cpp:114] data. DefaultCPUAllocator: not enough memory: you tried to allocate 2259030626304 bytes.
2025-01-03 20:30:40,878 - audio.transcription - ERROR - Chunk transcription failed: [enforce fail at alloc_cpu.cpp:114] data. DefaultCPUAllocator: not enough memory: you tried to allocate 2260996710400 bytes.
2025-01-03 20:30:40,954 - audio.transcription - ERROR - Chunk transcription failed: [enforce fail at alloc_cpu.cpp:114] data. DefaultCPUAllocator: not enough memory: you tried to allocate 2262962794496 bytes.
2025-01-03 20:30:41,026 - audio.transcription - ERROR - Chunk transcription failed: [enforce fail at alloc_cpu.cpp:114] data. DefaultCPUAllocator: not enough memory: you tried to allocate 2264928878592 bytes.
2025-01-03 20:30:41,108 - audio.transcription - ERROR - Chunk transcription failed: [enforce fail at alloc_cpu.cpp:114] data. DefaultCPUAllocator: not enough memory: you tried to allocate 2266894962688 bytes.
2025-01-03 20:30:41,183 - audio.transcription - ERROR - Chunk transcription failed: [enforce fail at alloc_cpu.cpp:114] data. DefaultCPUAllocator: not enough memory: you tried to allocate 2268861046784 bytes.
2025-01-03 20:30:41,251 - audio.transcription - ERROR - Chunk transcription failed: [enforce fail at alloc_cpu.cpp:114] data. DefaultCPUAllocator: not enough memory: you tried to allocate 2270827130880 bytes.
2025-01-03 20:30:41,286 - audio.transcription - ERROR - Chunk transcription failed: [enforce fail at alloc_cpu.cpp:114] data. DefaultCPUAllocator: not enough memory: you tried to allocate 2272793214976 bytes.
2025-01-03 20:30:41,351 - audio.transcription - ERROR - Chunk transcription failed: [enforce fail at alloc_cpu.cpp:114] data. DefaultCPUAllocator: not enough memory: you tried to allocate 2274759299072 bytes.
2025-01-03 20:30:41,425 - audio.transcription - ERROR - Chunk transcription failed: [enforce fail at alloc_cpu.cpp:114] data. DefaultCPUAllocator: not enough memory: you tried to allocate 2276725383168 bytes.
2025-01-03 20:30:41,503 - audio.transcription - ERROR - Chunk transcription failed: [enforce fail at alloc_cpu.cpp:114] data. DefaultCPUAllocator: not enough memory: you tried to allocate 2278691467264 bytes.
2025-01-03 20:30:41,581 - audio.transcription - ERROR - Chunk transcription failed: [enforce fail at alloc_cpu.cpp:114] data. DefaultCPUAllocator: not enough memory: you tried to allocate 2280657551360 bytes.
2025-01-03 20:30:41,670 - audio.transcription - ERROR - Chunk transcription failed: [enforce fail at alloc_cpu.cpp:114] data. DefaultCPUAllocator: not enough memory: you tried to allocate 2282623635456 bytes.
2025-01-03 20:30:41,752 - audio.transcription - ERROR - Chunk transcription failed: [enforce fail at alloc_cpu.cpp:114] data. DefaultCPUAllocator: not enough memory: you tried to allocate 2284589719552 bytes.
2025-01-03 20:30:41,830 - audio.transcription - ERROR - Chunk transcription failed: [enforce fail at alloc_cpu.cpp:114] data. DefaultCPUAllocator: not enough memory: you tried to allocate 2286555803648 bytes.
2025-01-03 20:30:41,911 - audio.transcription - ERROR - Chunk transcription failed: [enforce fail at alloc_cpu.cpp:114] data. DefaultCPUAllocator: not enough memory: you tried to allocate 2288521887744 bytes.
2025-01-03 20:30:41,986 - audio.transcription - ERROR - Chunk transcription failed: [enforce fail at alloc_cpu.cpp:114] data. DefaultCPUAllocator: not enough memory: you tried to allocate 2290487971840 bytes.
2025-01-03 20:30:42,066 - audio.transcription - ERROR - Chunk transcription failed: [enforce fail at alloc_cpu.cpp:114] data. DefaultCPUAllocator: not enough memory: you tried to allocate 2292454055936 bytes.
2025-01-03 20:30:42,148 - audio.transcription - ERROR - Chunk transcription failed: [enforce fail at alloc_cpu.cpp:114] data. DefaultCPUAllocator: not enough memory: you tried to allocate 2294420140032 bytes.
2025-01-03 20:30:42,216 - audio.transcription - ERROR - Chunk transcription failed: [enforce fail at alloc_cpu.cpp:114] data. DefaultCPUAllocator: not enough memory: you tried to allocate 2296386224128 bytes.
2025-01-03 20:30:42,285 - audio.transcription - ERROR - Chunk transcription failed: [enforce fail at alloc_cpu.cpp:114] data. DefaultCPUAllocator: not enough memory: you tried to allocate 2298352308224 bytes.
2025-01-03 20:30:42,350 - audio.transcription - ERROR - Chunk transcription failed: [enforce fail at alloc_cpu.cpp:114] data. DefaultCPUAllocator: not enough memory: you tried to allocate 2300318392320 bytes.
2025-01-03 20:30:42,436 - audio.transcription - ERROR - Chunk transcription failed: [enforce fail at alloc_cpu.cpp:114] data. DefaultCPUAllocator: not enough memory: you tried to allocate 2302284476416 bytes.
2025-01-03 20:30:42,512 - audio.transcription - ERROR - Chunk transcription failed: [enforce fail at alloc_cpu.cpp:114] data. DefaultCPUAllocator: not enough memory: you tried to allocate 2304250560512 bytes.
2025-01-03 20:30:42,587 - audio.transcription - ERROR - Chunk transcription failed: [enforce fail at alloc_cpu.cpp:114] data. DefaultCPUAllocator: not enough memory: you tried to allocate 2306216644608 bytes.
2025-01-03 20:30:42,664 - audio.transcription - ERROR - Chunk transcription failed: [enforce fail at alloc_cpu.cpp:114] data. DefaultCPUAllocator: not enough memory: you tried to allocate 2308182728704 bytes.
2025-01-03 20:30:42,743 - audio.transcription - ERROR - Chunk transcription failed: [enforce fail at alloc_cpu.cpp:114] data. DefaultCPUAllocator: not enough memory: you tried to allocate 2310148812800 bytes.
2025-01-03 20:30:42,825 - audio.transcription - ERROR - Chunk transcription failed: [enforce fail at alloc_cpu.cpp:114] data. DefaultCPUAllocator: not enough memory: you tried to allocate 2312114896896 bytes.
2025-01-03 20:30:42,907 - audio.transcription - ERROR - Chunk transcription failed: [enforce fail at alloc_cpu.cpp:114] data. DefaultCPUAllocator: not enough memory: you tried to allocate 2314080980992 bytes.
2025-01-03 20:30:42,984 - audio.transcription - ERROR - Chunk transcription failed: [enforce fail at alloc_cpu.cpp:114] data. DefaultCPUAllocator: not enough memory: you tried to allocate 2316047065088 bytes.
2025-01-03 20:30:43,067 - audio.transcription - ERROR - Chunk transcription failed: [enforce fail at alloc_cpu.cpp:114] data. DefaultCPUAllocator: not enough memory: you tried to allocate 2318013149184 bytes.
2025-01-03 20:30:43,146 - audio.transcription - ERROR - Chunk transcription failed: [enforce fail at alloc_cpu.cpp:114] data. DefaultCPUAllocator: not enough memory: you tried to allocate 2319979233280 bytes.
2025-01-03 20:30:43,219 - audio.transcription - ERROR - Chunk transcription failed: [enforce fail at alloc_cpu.cpp:114] data. DefaultCPUAllocator: not enough memory: you tried to allocate 2321945317376 bytes.
2025-01-03 20:30:43,295 - audio.transcription - ERROR - Chunk transcription failed: [enforce fail at alloc_cpu.cpp:114] data. DefaultCPUAllocator: not enough memory: you tried to allocate 2323911401472 bytes.
2025-01-03 20:30:43,366 - audio.transcription - ERROR - Chunk transcription failed: [enforce fail at alloc_cpu.cpp:114] data. DefaultCPUAllocator: not enough memory: you tried to allocate 2325877485568 bytes.
2025-01-03 20:30:43,429 - audio.transcription - ERROR - Chunk transcription failed: [enforce fail at alloc_cpu.cpp:114] data. DefaultCPUAllocator: not enough memory: you tried to allocate 2327843569664 bytes.
2025-01-03 20:30:43,506 - audio.transcription - ERROR - Chunk transcription failed: [enforce fail at alloc_cpu.cpp:114] data. DefaultCPUAllocator: not enough memory: you tried to allocate 2329809653760 bytes.
2025-01-03 20:30:43,586 - audio.transcription - ERROR - Chunk transcription failed: [enforce fail at alloc_cpu.cpp:114] data. DefaultCPUAllocator: not enough memory: you tried to allocate 2331775737856 bytes.
2025-01-03 20:30:43,670 - audio.transcription - ERROR - Chunk transcription failed: [enforce fail at alloc_cpu.cpp:114] data. DefaultCPUAllocator: not enough memory: you tried to allocate 2333741821952 bytes.
2025-01-03 20:30:43,746 - audio.transcription - ERROR - Chunk transcription failed: [enforce fail at alloc_cpu.cpp:114] data. DefaultCPUAllocator: not enough memory: you tried to allocate 2335707906048 bytes.
2025-01-03 20:30:43,830 - audio.transcription - ERROR - Chunk transcription failed: [enforce fail at alloc_cpu.cpp:114] data. DefaultCPUAllocator: not enough memory: you tried to allocate 2337673990144 bytes.
2025-01-03 20:30:43,907 - audio.transcription - ERROR - Chunk transcription failed: [enforce fail at alloc_cpu.cpp:114] data. DefaultCPUAllocator: not enough memory: you tried to allocate 2339640074240 bytes.
2025-01-03 20:30:43,983 - audio.transcription - ERROR - Chunk transcription failed: [enforce fail at alloc_cpu.cpp:114] data. DefaultCPUAllocator: not enough memory: you tried to allocate 2341606158336 bytes.
2025-01-03 20:30:44,068 - audio.transcription - ERROR - Chunk transcription failed: [enforce fail at alloc_cpu.cpp:114] data. DefaultCPUAllocator: not enough memory: you tried to allocate 2343572242432 bytes.
2025-01-03 20:30:44,153 - audio.transcription - ERROR - Chunk transcription failed: [enforce fail at alloc_cpu.cpp:114] data. DefaultCPUAllocator: not enough memory: you tried to allocate 2345538326528 bytes.
2025-01-03 20:30:44,230 - audio.transcription - ERROR - Chunk transcription failed: [enforce fail at alloc_cpu.cpp:114] data. DefaultCPUAllocator: not enough memory: you tried to allocate 2347504410624 bytes.
2025-01-03 20:30:44,306 - audio.transcription - ERROR - Chunk transcription failed: [enforce fail at alloc_cpu.cpp:114] data. DefaultCPUAllocator: not enough memory: you tried to allocate 2349470494720 bytes.
2025-01-03 20:30:44,373 - audio.transcription - ERROR - Chunk transcription failed: [enforce fail at alloc_cpu.cpp:114] data. DefaultCPUAllocator: not enough memory: you tried to allocate 2351436578816 bytes.
2025-01-03 20:30:44,450 - audio.transcription - ERROR - Chunk transcription failed: [enforce fail at alloc_cpu.cpp:114] data. DefaultCPUAllocator: not enough memory: you tried to allocate 2353402662912 bytes.
2025-01-03 20:30:44,530 - audio.transcription - ERROR - Chunk transcription failed: [enforce fail at alloc_cpu.cpp:114] data. DefaultCPUAllocator: not enough memory: you tried to allocate 2355368747008 bytes.
2025-01-03 20:30:44,609 - audio.transcription - ERROR - Chunk transcription failed: [enforce fail at alloc_cpu.cpp:114] data. DefaultCPUAllocator: not enough memory: you tried to allocate 2357334831104 bytes.
2025-01-03 20:30:44,685 - audio.transcription - ERROR - Chunk transcription failed: [enforce fail at alloc_cpu.cpp:114] data. DefaultCPUAllocator: not enough memory: you tried to allocate 2359300915200 bytes.
2025-01-03 20:30:44,757 - audio.transcription - ERROR - Chunk transcription failed: [enforce fail at alloc_cpu.cpp:114] data. DefaultCPUAllocator: not enough memory: you tried to allocate 2361266999296 bytes.
2025-01-03 20:30:44,828 - audio.transcription - ERROR - Chunk transcription failed: [enforce fail at alloc_cpu.cpp:114] data. DefaultCPUAllocator: not enough memory: you tried to allocate 2363233083392 bytes.
2025-01-03 20:30:44,903 - audio.transcription - ERROR - Chunk transcription failed: [enforce fail at alloc_cpu.cpp:114] data. DefaultCPUAllocator: not enough memory: you tried to allocate 2365199167488 bytes.
2025-01-03 20:30:44,984 - audio.transcription - ERROR - Chunk transcription failed: [enforce fail at alloc_cpu.cpp:114] data. DefaultCPUAllocator: not enough memory: you tried to allocate 2367165251584 bytes.
2025-01-03 20:30:45,019 - audio.transcription - ERROR - Chunk transcription failed: [enforce fail at alloc_cpu.cpp:114] data. DefaultCPUAllocator: not enough memory: you tried to allocate 2369131335680 bytes.
2025-01-03 20:30:45,098 - audio.transcription - ERROR - Chunk transcription failed: [enforce fail at alloc_cpu.cpp:114] data. DefaultCPUAllocator: not enough memory: you tried to allocate 2371097419776 bytes.
2025-01-03 20:30:45,129 - audio.transcription - ERROR - Chunk transcription failed: [enforce fail at alloc_cpu.cpp:114] data. DefaultCPUAllocator: not enough memory: you tried to allocate 2373063503872 bytes.
2025-01-03 20:30:45,205 - audio.transcription - ERROR - Chunk transcription failed: [enforce fail at alloc_cpu.cpp:114] data. DefaultCPUAllocator: not enough memory: you tried to allocate 2375029587968 bytes.
2025-01-03 20:30:45,283 - audio.transcription - ERROR - Chunk transcription failed: [enforce fail at alloc_cpu.cpp:114] data. DefaultCPUAllocator: not enough memory: you tried to allocate 2376995672064 bytes.
2025-01-03 20:30:45,352 - audio.transcription - ERROR - Chunk transcription failed: [enforce fail at alloc_cpu.cpp:114] data. DefaultCPUAllocator: not enough memory: you tried to allocate 2378961756160 bytes.
2025-01-03 20:30:45,428 - audio.transcription - ERROR - Chunk transcription failed: [enforce fail at alloc_cpu.cpp:114] data. DefaultCPUAllocator: not enough memory: you tried to allocate 2380927840256 bytes.
2025-01-03 20:30:45,452 - audio.transcription - ERROR - Chunk transcription failed: [enforce fail at alloc_cpu.cpp:114] data. DefaultCPUAllocator: not enough memory: you tried to allocate 2382893924352 bytes.
2025-01-03 20:30:45,522 - audio.transcription - ERROR - Chunk transcription failed: [enforce fail at alloc_cpu.cpp:114] data. DefaultCPUAllocator: not enough memory: you tried to allocate 2384860008448 bytes.
2025-01-03 20:30:45,583 - audio.transcription - ERROR - Chunk transcription failed: [enforce fail at alloc_cpu.cpp:114] data. DefaultCPUAllocator: not enough memory: you tried to allocate 2386826092544 bytes.
2025-01-03 20:30:45,616 - audio.transcription - ERROR - Chunk transcription failed: [enforce fail at alloc_cpu.cpp:114] data. DefaultCPUAllocator: not enough memory: you tried to allocate 2388792176640 bytes.
2025-01-03 20:30:45,707 - audio.transcription - ERROR - Chunk transcription failed: [enforce fail at alloc_cpu.cpp:114] data. DefaultCPUAllocator: not enough memory: you tried to allocate 2390758260736 bytes.
2025-01-03 20:30:45,759 - audio.transcription - ERROR - Chunk transcription failed: [enforce fail at alloc_cpu.cpp:114] data. DefaultCPUAllocator: not enough memory: you tried to allocate 2392724344832 bytes.
2025-01-03 20:30:45,842 - audio.transcription - ERROR - Chunk transcription failed: [enforce fail at alloc_cpu.cpp:114] data. DefaultCPUAllocator: not enough memory: you tried to allocate 2394690428928 bytes.
2025-01-03 20:30:45,888 - audio.transcription - ERROR - Chunk transcription failed: [enforce fail at alloc_cpu.cpp:114] data. DefaultCPUAllocator: not enough memory: you tried to allocate 2396656513024 bytes.
2025-01-03 20:30:45,992 - audio.transcription - ERROR - Chunk transcription failed: [enforce fail at alloc_cpu.cpp:114] data. DefaultCPUAllocator: not enough memory: you tried to allocate 2398622597120 bytes.
2025-01-03 20:30:46,073 - audio.transcription - ERROR - Chunk transcription failed: [enforce fail at alloc_cpu.cpp:114] data. DefaultCPUAllocator: not enough memory: you tried to allocate 2400588681216 bytes.
2025-01-03 20:30:46,099 - audio.transcription - ERROR - Chunk transcription failed: [enforce fail at alloc_cpu.cpp:114] data. DefaultCPUAllocator: not enough memory: you tried to allocate 2402554765312 bytes.
2025-01-03 20:30:46,194 - audio.transcription - ERROR - Chunk transcription failed: [enforce fail at alloc_cpu.cpp:114] data. DefaultCPUAllocator: not enough memory: you tried to allocate 2404520849408 bytes.
2025-01-03 20:30:46,219 - audio.transcription - ERROR - Chunk transcription failed: [enforce fail at alloc_cpu.cpp:114] data. DefaultCPUAllocator: not enough memory: you tried to allocate 2406486933504 bytes.
2025-01-03 20:30:46,292 - audio.transcription - ERROR - Chunk transcription failed: [enforce fail at alloc_cpu.cpp:114] data. DefaultCPUAllocator: not enough memory: you tried to allocate 2408453017600 bytes.
2025-01-03 20:30:46,382 - audio.transcription - ERROR - Chunk transcription failed: [enforce fail at alloc_cpu.cpp:114] data. DefaultCPUAllocator: not enough memory: you tried to allocate 2410419101696 bytes.
2025-01-03 20:30:46,460 - audio.transcription - ERROR - Chunk transcription failed: [enforce fail at alloc_cpu.cpp:114] data. DefaultCPUAllocator: not enough memory: you tried to allocate 2412385185792 bytes.
2025-01-03 20:30:46,513 - audio.transcription - ERROR - Chunk transcription failed: [enforce fail at alloc_cpu.cpp:114] data. DefaultCPUAllocator: not enough memory: you tried to allocate 2414351269888 bytes.
2025-01-03 20:30:46,561 - audio.transcription - ERROR - Chunk transcription failed: [enforce fail at alloc_cpu.cpp:114] data. DefaultCPUAllocator: not enough memory: you tried to allocate 2416317353984 bytes.
2025-01-03 20:30:46,677 - audio.transcription - ERROR - Chunk transcription failed: [enforce fail at alloc_cpu.cpp:114] data. DefaultCPUAllocator: not enough memory: you tried to allocate 2418283438080 bytes.
2025-01-03 20:30:46,769 - audio.transcription - ERROR - Chunk transcription failed: [enforce fail at alloc_cpu.cpp:114] data. DefaultCPUAllocator: not enough memory: you tried to allocate 2420249522176 bytes.
2025-01-03 20:30:46,808 - audio.transcription - ERROR - Chunk transcription failed: [enforce fail at alloc_cpu.cpp:114] data. DefaultCPUAllocator: not enough memory: you tried to allocate 2422215606272 bytes.
2025-01-03 20:30:46,887 - audio.transcription - ERROR - Chunk transcription failed: [enforce fail at alloc_cpu.cpp:114] data. DefaultCPUAllocator: not enough memory: you tried to allocate 2424181690368 bytes.
2025-01-03 20:30:46,928 - audio.transcription - ERROR - Chunk transcription failed: [enforce fail at alloc_cpu.cpp:114] data. DefaultCPUAllocator: not enough memory: you tried to allocate 2426147774464 bytes.
2025-01-03 20:30:46,989 - audio.transcription - ERROR - Chunk transcription failed: [enforce fail at alloc_cpu.cpp:114] data. DefaultCPUAllocator: not enough memory: you tried to allocate 2428113858560 bytes.
2025-01-03 20:30:47,075 - audio.transcription - ERROR - Chunk transcription failed: [enforce fail at alloc_cpu.cpp:114] data. DefaultCPUAllocator: not enough memory: you tried to allocate 2430079942656 bytes.
2025-01-03 20:30:47,103 - audio.transcription - ERROR - Chunk transcription failed: [enforce fail at alloc_cpu.cpp:114] data. DefaultCPUAllocator: not enough memory: you tried to allocate 2432046026752 bytes.
2025-01-03 20:30:47,182 - audio.transcription - ERROR - Chunk transcription failed: [enforce fail at alloc_cpu.cpp:114] data. DefaultCPUAllocator: not enough memory: you tried to allocate 2434012110848 bytes.
2025-01-03 20:30:47,253 - audio.transcription - ERROR - Chunk transcription failed: [enforce fail at alloc_cpu.cpp:114] data. DefaultCPUAllocator: not enough memory: you tried to allocate 2435978194944 bytes.
2025-01-03 20:30:47,324 - audio.transcription - ERROR - Chunk transcription failed: [enforce fail at alloc_cpu.cpp:114] data. DefaultCPUAllocator: not enough memory: you tried to allocate 2437944279040 bytes.
2025-01-03 20:30:47,391 - audio.transcription - ERROR - Chunk transcription failed: [enforce fail at alloc_cpu.cpp:114] data. DefaultCPUAllocator: not enough memory: you tried to allocate 2439910363136 bytes.
2025-01-03 20:30:47,461 - audio.transcription - ERROR - Chunk transcription failed: [enforce fail at alloc_cpu.cpp:114] data. DefaultCPUAllocator: not enough memory: you tried to allocate 2441876447232 bytes.
2025-01-03 20:30:47,521 - audio.transcription - ERROR - Chunk transcription failed: [enforce fail at alloc_cpu.cpp:114] data. DefaultCPUAllocator: not enough memory: you tried to allocate 2443842531328 bytes.
2025-01-03 20:30:47,592 - audio.transcription - ERROR - Chunk transcription failed: [enforce fail at alloc_cpu.cpp:114] data. DefaultCPUAllocator: not enough memory: you tried to allocate 2445808615424 bytes.
2025-01-03 20:30:47,661 - audio.transcription - ERROR - Chunk transcription failed: [enforce fail at alloc_cpu.cpp:114] data. DefaultCPUAllocator: not enough memory: you tried to allocate 2447774699520 bytes.
2025-01-03 20:30:47,694 - audio.transcription - ERROR - Chunk transcription failed: [enforce fail at alloc_cpu.cpp:114] data. DefaultCPUAllocator: not enough memory: you tried to allocate 2449740783616 bytes.
2025-01-03 20:30:47,763 - audio.transcription - ERROR - Chunk transcription failed: [enforce fail at alloc_cpu.cpp:114] data. DefaultCPUAllocator: not enough memory: you tried to allocate 2451706867712 bytes.
2025-01-03 20:30:47,857 - audio.transcription - ERROR - Chunk transcription failed: [enforce fail at alloc_cpu.cpp:114] data. DefaultCPUAllocator: not enough memory: you tried to allocate 2453672951808 bytes.
2025-01-03 20:30:47,932 - audio.transcription - ERROR - Chunk transcription failed: [enforce fail at alloc_cpu.cpp:114] data. DefaultCPUAllocator: not enough memory: you tried to allocate 2455639035904 bytes.
2025-01-03 20:30:47,961 - audio.transcription - ERROR - Chunk transcription failed: [enforce fail at alloc_cpu.cpp:114] data. DefaultCPUAllocator: not enough memory: you tried to allocate 2457605120000 bytes.
2025-01-03 20:30:48,049 - audio.transcription - ERROR - Chunk transcription failed: [enforce fail at alloc_cpu.cpp:114] data. DefaultCPUAllocator: not enough memory: you tried to allocate 2459571204096 bytes.
2025-01-03 20:30:48,124 - audio.transcription - ERROR - Chunk transcription failed: [enforce fail at alloc_cpu.cpp:114] data. DefaultCPUAllocator: not enough memory: you tried to allocate 2461537288192 bytes.
2025-01-03 20:30:48,203 - audio.transcription - ERROR - Chunk transcription failed: [enforce fail at alloc_cpu.cpp:114] data. DefaultCPUAllocator: not enough memory: you tried to allocate 2463503372288 bytes.
2025-01-03 20:30:48,276 - audio.transcription - ERROR - Chunk transcription failed: [enforce fail at alloc_cpu.cpp:114] data. DefaultCPUAllocator: not enough memory: you tried to allocate 2465469456384 bytes.
2025-01-03 20:30:48,360 - audio.transcription - ERROR - Chunk transcription failed: [enforce fail at alloc_cpu.cpp:114] data. DefaultCPUAllocator: not enough memory: you tried to allocate 2467435540480 bytes.
2025-01-03 20:30:48,443 - audio.transcription - ERROR - Chunk transcription failed: [enforce fail at alloc_cpu.cpp:114] data. DefaultCPUAllocator: not enough memory: you tried to allocate 2469401624576 bytes.
2025-01-03 20:30:48,551 - audio.transcription - ERROR - Chunk transcription failed: [enforce fail at alloc_cpu.cpp:114] data. DefaultCPUAllocator: not enough memory: you tried to allocate 2471367708672 bytes.
2025-01-03 20:30:48,639 - audio.transcription - ERROR - Chunk transcription failed: [enforce fail at alloc_cpu.cpp:114] data. DefaultCPUAllocator: not enough memory: you tried to allocate 2473333792768 bytes.
2025-01-03 20:30:48,728 - audio.transcription - ERROR - Chunk transcription failed: [enforce fail at alloc_cpu.cpp:114] data. DefaultCPUAllocator: not enough memory: you tried to allocate 2475299876864 bytes.
2025-01-03 20:30:48,802 - audio.transcription - ERROR - Chunk transcription failed: [enforce fail at alloc_cpu.cpp:114] data. DefaultCPUAllocator: not enough memory: you tried to allocate 2477265960960 bytes.
2025-01-03 20:30:48,873 - audio.transcription - ERROR - Chunk transcription failed: [enforce fail at alloc_cpu.cpp:114] data. DefaultCPUAllocator: not enough memory: you tried to allocate 2479232045056 bytes.
2025-01-03 20:30:48,943 - audio.transcription - ERROR - Chunk transcription failed: [enforce fail at alloc_cpu.cpp:114] data. DefaultCPUAllocator: not enough memory: you tried to allocate 2481198129152 bytes.
2025-01-03 20:30:49,027 - audio.transcription - ERROR - Chunk transcription failed: [enforce fail at alloc_cpu.cpp:114] data. DefaultCPUAllocator: not enough memory: you tried to allocate 2483164213248 bytes.
2025-01-03 20:30:49,106 - audio.transcription - ERROR - Chunk transcription failed: [enforce fail at alloc_cpu.cpp:114] data. DefaultCPUAllocator: not enough memory: you tried to allocate 2485130297344 bytes.
2025-01-03 20:30:49,188 - audio.transcription - ERROR - Chunk transcription failed: [enforce fail at alloc_cpu.cpp:114] data. DefaultCPUAllocator: not enough memory: you tried to allocate 2487096381440 bytes.
2025-01-03 20:30:49,291 - audio.transcription - ERROR - Chunk transcription failed: [enforce fail at alloc_cpu.cpp:114] data. DefaultCPUAllocator: not enough memory: you tried to allocate 2489062465536 bytes.
2025-01-03 20:30:49,380 - audio.transcription - ERROR - Chunk transcription failed: [enforce fail at alloc_cpu.cpp:114] data. DefaultCPUAllocator: not enough memory: you tried to allocate 2491028549632 bytes.
2025-01-03 20:30:49,469 - audio.transcription - ERROR - Chunk transcription failed: [enforce fail at alloc_cpu.cpp:114] data. DefaultCPUAllocator: not enough memory: you tried to allocate 2492994633728 bytes.
2025-01-03 20:30:49,567 - audio.transcription - ERROR - Chunk transcription failed: [enforce fail at alloc_cpu.cpp:114] data. DefaultCPUAllocator: not enough memory: you tried to allocate 2494960717824 bytes.
2025-01-03 20:30:49,654 - audio.transcription - ERROR - Chunk transcription failed: [enforce fail at alloc_cpu.cpp:114] data. DefaultCPUAllocator: not enough memory: you tried to allocate 2496926801920 bytes.
2025-01-03 20:30:49,735 - audio.transcription - ERROR - Chunk transcription failed: [enforce fail at alloc_cpu.cpp:114] data. DefaultCPUAllocator: not enough memory: you tried to allocate 2498892886016 bytes.
2025-01-03 20:30:49,814 - audio.transcription - ERROR - Chunk transcription failed: [enforce fail at alloc_cpu.cpp:114] data. DefaultCPUAllocator: not enough memory: you tried to allocate 2500858970112 bytes.
2025-01-03 20:30:49,882 - audio.transcription - ERROR - Chunk transcription failed: [enforce fail at alloc_cpu.cpp:114] data. DefaultCPUAllocator: not enough memory: you tried to allocate 2502825054208 bytes.
2025-01-03 20:30:49,953 - audio.transcription - ERROR - Chunk transcription failed: [enforce fail at alloc_cpu.cpp:114] data. DefaultCPUAllocator: not enough memory: you tried to allocate 2504791138304 bytes.
2025-01-03 20:30:50,034 - audio.transcription - ERROR - Chunk transcription failed: [enforce fail at alloc_cpu.cpp:114] data. DefaultCPUAllocator: not enough memory: you tried to allocate 2506757222400 bytes.
2025-01-03 20:30:50,114 - audio.transcription - ERROR - Chunk transcription failed: [enforce fail at alloc_cpu.cpp:114] data. DefaultCPUAllocator: not enough memory: you tried to allocate 2508723306496 bytes.
2025-01-03 20:30:50,191 - audio.transcription - ERROR - Chunk transcription failed: [enforce fail at alloc_cpu.cpp:114] data. DefaultCPUAllocator: not enough memory: you tried to allocate 2510689390592 bytes.
2025-01-03 20:30:50,272 - audio.transcription - ERROR - Chunk transcription failed: [enforce fail at alloc_cpu.cpp:114] data. DefaultCPUAllocator: not enough memory: you tried to allocate 2512655474688 bytes.
2025-01-03 20:30:50,353 - audio.transcription - ERROR - Chunk transcription failed: [enforce fail at alloc_cpu.cpp:114] data. DefaultCPUAllocator: not enough memory: you tried to allocate 2514621558784 bytes.
2025-01-03 20:30:50,431 - audio.transcription - ERROR - Chunk transcription failed: [enforce fail at alloc_cpu.cpp:114] data. DefaultCPUAllocator: not enough memory: you tried to allocate 2516587642880 bytes.
2025-01-03 20:30:50,509 - audio.transcription - ERROR - Chunk transcription failed: [enforce fail at alloc_cpu.cpp:114] data. DefaultCPUAllocator: not enough memory: you tried to allocate 2518553726976 bytes.
2025-01-03 20:30:50,587 - audio.transcription - ERROR - Chunk transcription failed: [enforce fail at alloc_cpu.cpp:114] data. DefaultCPUAllocator: not enough memory: you tried to allocate 2520519811072 bytes.
2025-01-03 20:30:50,667 - audio.transcription - ERROR - Chunk transcription failed: [enforce fail at alloc_cpu.cpp:114] data. DefaultCPUAllocator: not enough memory: you tried to allocate 2522485895168 bytes.
2025-01-03 20:30:50,752 - audio.transcription - ERROR - Chunk transcription failed: [enforce fail at alloc_cpu.cpp:114] data. DefaultCPUAllocator: not enough memory: you tried to allocate 2524451979264 bytes.
2025-01-03 20:30:50,826 - audio.transcription - ERROR - Chunk transcription failed: [enforce fail at alloc_cpu.cpp:114] data. DefaultCPUAllocator: not enough memory: you tried to allocate 2526418063360 bytes.
2025-01-03 20:30:50,904 - audio.transcription - ERROR - Chunk transcription failed: [enforce fail at alloc_cpu.cpp:114] data. DefaultCPUAllocator: not enough memory: you tried to allocate 2528384147456 bytes.
2025-01-03 20:30:50,979 - audio.transcription - ERROR - Chunk transcription failed: [enforce fail at alloc_cpu.cpp:114] data. DefaultCPUAllocator: not enough memory: you tried to allocate 2530350231552 bytes.
2025-01-03 20:30:51,079 - audio.transcription - ERROR - Chunk transcription failed: [enforce fail at alloc_cpu.cpp:114] data. DefaultCPUAllocator: not enough memory: you tried to allocate 2532316315648 bytes.
2025-01-03 20:30:51,126 - audio.transcription - ERROR - Chunk transcription failed: [enforce fail at alloc_cpu.cpp:114] data. DefaultCPUAllocator: not enough memory: you tried to allocate 2534282399744 bytes.
2025-01-03 20:30:51,190 - audio.transcription - ERROR - Chunk transcription failed: [enforce fail at alloc_cpu.cpp:114] data. DefaultCPUAllocator: not enough memory: you tried to allocate 2536248483840 bytes.
2025-01-03 20:30:51,232 - audio.transcription - ERROR - Chunk transcription failed: [enforce fail at alloc_cpu.cpp:114] data. DefaultCPUAllocator: not enough memory: you tried to allocate 2538214567936 bytes.
2025-01-03 20:30:51,330 - audio.transcription - ERROR - Chunk transcription failed: [enforce fail at alloc_cpu.cpp:114] data. DefaultCPUAllocator: not enough memory: you tried to allocate 2540180652032 bytes.
2025-01-03 20:30:51,371 - audio.transcription - ERROR - Chunk transcription failed: [enforce fail at alloc_cpu.cpp:114] data. DefaultCPUAllocator: not enough memory: you tried to allocate 2542146736128 bytes.
2025-01-03 20:30:51,456 - audio.transcription - ERROR - Chunk transcription failed: [enforce fail at alloc_cpu.cpp:114] data. DefaultCPUAllocator: not enough memory: you tried to allocate 2544112820224 bytes.
2025-01-03 20:30:51,538 - audio.transcription - ERROR - Chunk transcription failed: [enforce fail at alloc_cpu.cpp:114] data. DefaultCPUAllocator: not enough memory: you tried to allocate 2546078904320 bytes.
2025-01-03 20:30:51,618 - audio.transcription - ERROR - Chunk transcription failed: [enforce fail at alloc_cpu.cpp:114] data. DefaultCPUAllocator: not enough memory: you tried to allocate 2548044988416 bytes.
2025-01-03 20:30:51,697 - audio.transcription - ERROR - Chunk transcription failed: [enforce fail at alloc_cpu.cpp:114] data. DefaultCPUAllocator: not enough memory: you tried to allocate 2550011072512 bytes.
2025-01-03 20:30:51,777 - audio.transcription - ERROR - Chunk transcription failed: [enforce fail at alloc_cpu.cpp:114] data. DefaultCPUAllocator: not enough memory: you tried to allocate 2551977156608 bytes.
2025-01-03 20:30:51,852 - audio.transcription - ERROR - Chunk transcription failed: [enforce fail at alloc_cpu.cpp:114] data. DefaultCPUAllocator: not enough memory: you tried to allocate 2553943240704 bytes.
2025-01-03 20:30:51,926 - audio.transcription - ERROR - Chunk transcription failed: [enforce fail at alloc_cpu.cpp:114] data. DefaultCPUAllocator: not enough memory: you tried to allocate 2555909324800 bytes.
2025-01-03 20:30:52,007 - audio.transcription - ERROR - Chunk transcription failed: [enforce fail at alloc_cpu.cpp:114] data. DefaultCPUAllocator: not enough memory: you tried to allocate 2557875408896 bytes.
2025-01-03 20:30:52,089 - audio.transcription - ERROR - Chunk transcription failed: [enforce fail at alloc_cpu.cpp:114] data. DefaultCPUAllocator: not enough memory: you tried to allocate 2559841492992 bytes.
2025-01-03 20:30:52,161 - audio.transcription - ERROR - Chunk transcription failed: [enforce fail at alloc_cpu.cpp:114] data. DefaultCPUAllocator: not enough memory: you tried to allocate 2561807577088 bytes.
2025-01-03 20:30:52,237 - audio.transcription - ERROR - Chunk transcription failed: [enforce fail at alloc_cpu.cpp:114] data. DefaultCPUAllocator: not enough memory: you tried to allocate 2563773661184 bytes.
2025-01-03 20:30:52,318 - audio.transcription - ERROR - Chunk transcription failed: [enforce fail at alloc_cpu.cpp:114] data. DefaultCPUAllocator: not enough memory: you tried to allocate 2565739745280 bytes.
2025-01-03 20:30:52,392 - audio.transcription - ERROR - Chunk transcription failed: [enforce fail at alloc_cpu.cpp:114] data. DefaultCPUAllocator: not enough memory: you tried to allocate 2567705829376 bytes.
2025-01-03 20:30:52,467 - audio.transcription - ERROR - Chunk transcription failed: [enforce fail at alloc_cpu.cpp:114] data. DefaultCPUAllocator: not enough memory: you tried to allocate 2569671913472 bytes.
2025-01-03 20:30:52,540 - audio.transcription - ERROR - Chunk transcription failed: [enforce fail at alloc_cpu.cpp:114] data. DefaultCPUAllocator: not enough memory: you tried to allocate 2571637997568 bytes.
2025-01-03 20:30:52,616 - audio.transcription - ERROR - Chunk transcription failed: [enforce fail at alloc_cpu.cpp:114] data. DefaultCPUAllocator: not enough memory: you tried to allocate 2573604081664 bytes.
2025-01-03 20:30:52,705 - audio.transcription - ERROR - Chunk transcription failed: [enforce fail at alloc_cpu.cpp:114] data. DefaultCPUAllocator: not enough memory: you tried to allocate 2575570165760 bytes.
2025-01-03 20:30:52,777 - audio.transcription - ERROR - Chunk transcription failed: [enforce fail at alloc_cpu.cpp:114] data. DefaultCPUAllocator: not enough memory: you tried to allocate 2577536249856 bytes.
2025-01-03 20:30:52,816 - audio.transcription - ERROR - Chunk transcription failed: [enforce fail at alloc_cpu.cpp:114] data. DefaultCPUAllocator: not enough memory: you tried to allocate 2579502333952 bytes.
2025-01-03 20:30:52,881 - audio.transcription - ERROR - Chunk transcription failed: [enforce fail at alloc_cpu.cpp:114] data. DefaultCPUAllocator: not enough memory: you tried to allocate 2581468418048 bytes.
2025-01-03 20:30:52,956 - audio.transcription - ERROR - Chunk transcription failed: [enforce fail at alloc_cpu.cpp:114] data. DefaultCPUAllocator: not enough memory: you tried to allocate 2583434502144 bytes.
2025-01-03 20:30:53,036 - audio.transcription - ERROR - Chunk transcription failed: [enforce fail at alloc_cpu.cpp:114] data. DefaultCPUAllocator: not enough memory: you tried to allocate 2585400586240 bytes.
2025-01-03 20:30:53,119 - audio.transcription - ERROR - Chunk transcription failed: [enforce fail at alloc_cpu.cpp:114] data. DefaultCPUAllocator: not enough memory: you tried to allocate 2587366670336 bytes.
2025-01-03 20:30:53,201 - audio.transcription - ERROR - Chunk transcription failed: [enforce fail at alloc_cpu.cpp:114] data. DefaultCPUAllocator: not enough memory: you tried to allocate 2589332754432 bytes.
2025-01-03 20:30:53,283 - audio.transcription - ERROR - Chunk transcription failed: [enforce fail at alloc_cpu.cpp:114] data. DefaultCPUAllocator: not enough memory: you tried to allocate 2591298838528 bytes.
2025-01-03 20:30:53,366 - audio.transcription - ERROR - Chunk transcription failed: [enforce fail at alloc_cpu.cpp:114] data. DefaultCPUAllocator: not enough memory: you tried to allocate 2593264922624 bytes.
2025-01-03 20:30:53,443 - audio.transcription - ERROR - Chunk transcription failed: [enforce fail at alloc_cpu.cpp:114] data. DefaultCPUAllocator: not enough memory: you tried to allocate 2595231006720 bytes.
2025-01-03 20:30:53,519 - audio.transcription - ERROR - Chunk transcription failed: [enforce fail at alloc_cpu.cpp:114] data. DefaultCPUAllocator: not enough memory: you tried to allocate 2597197090816 bytes.
2025-01-03 20:30:53,583 - audio.transcription - ERROR - Chunk transcription failed: [enforce fail at alloc_cpu.cpp:114] data. DefaultCPUAllocator: not enough memory: you tried to allocate 2599163174912 bytes.
2025-01-03 20:30:53,661 - audio.transcription - ERROR - Chunk transcription failed: [enforce fail at alloc_cpu.cpp:114] data. DefaultCPUAllocator: not enough memory: you tried to allocate 2601129259008 bytes.
2025-01-03 20:30:53,741 - audio.transcription - ERROR - Chunk transcription failed: [enforce fail at alloc_cpu.cpp:114] data. DefaultCPUAllocator: not enough memory: you tried to allocate 2603095343104 bytes.
2025-01-03 20:30:53,815 - audio.transcription - ERROR - Chunk transcription failed: [enforce fail at alloc_cpu.cpp:114] data. DefaultCPUAllocator: not enough memory: you tried to allocate 2605061427200 bytes.
2025-01-03 20:30:53,894 - audio.transcription - ERROR - Chunk transcription failed: [enforce fail at alloc_cpu.cpp:114] data. DefaultCPUAllocator: not enough memory: you tried to allocate 2607027511296 bytes.
2025-01-03 20:30:53,965 - audio.transcription - ERROR - Chunk transcription failed: [enforce fail at alloc_cpu.cpp:114] data. DefaultCPUAllocator: not enough memory: you tried to allocate 2608993595392 bytes.
2025-01-03 20:30:54,043 - audio.transcription - ERROR - Chunk transcription failed: [enforce fail at alloc_cpu.cpp:114] data. DefaultCPUAllocator: not enough memory: you tried to allocate 2610959679488 bytes.
2025-01-03 20:30:54,071 - audio.transcription - ERROR - Chunk transcription failed: [enforce fail at alloc_cpu.cpp:114] data. DefaultCPUAllocator: not enough memory: you tried to allocate 2612925763584 bytes.
2025-01-03 20:30:54,151 - audio.transcription - ERROR - Chunk transcription failed: [enforce fail at alloc_cpu.cpp:114] data. DefaultCPUAllocator: not enough memory: you tried to allocate 2614891847680 bytes.
2025-01-03 20:30:54,224 - audio.transcription - ERROR - Chunk transcription failed: [enforce fail at alloc_cpu.cpp:114] data. DefaultCPUAllocator: not enough memory: you tried to allocate 2616857931776 bytes.
2025-01-03 20:30:54,302 - audio.transcription - ERROR - Chunk transcription failed: [enforce fail at alloc_cpu.cpp:114] data. DefaultCPUAllocator: not enough memory: you tried to allocate 2618824015872 bytes.
2025-01-03 20:30:54,377 - audio.transcription - ERROR - Chunk transcription failed: [enforce fail at alloc_cpu.cpp:114] data. DefaultCPUAllocator: not enough memory: you tried to allocate 2620790099968 bytes.
2025-01-03 20:30:54,452 - audio.transcription - ERROR - Chunk transcription failed: [enforce fail at alloc_cpu.cpp:114] data. DefaultCPUAllocator: not enough memory: you tried to allocate 2622756184064 bytes.
2025-01-03 20:30:54,537 - audio.transcription - ERROR - Chunk transcription failed: [enforce fail at alloc_cpu.cpp:114] data. DefaultCPUAllocator: not enough memory: you tried to allocate 2624722268160 bytes.
2025-01-03 20:30:54,615 - audio.transcription - ERROR - Chunk transcription failed: [enforce fail at alloc_cpu.cpp:114] data. DefaultCPUAllocator: not enough memory: you tried to allocate 2626688352256 bytes.
2025-01-03 20:30:54,690 - audio.transcription - ERROR - Chunk transcription failed: [enforce fail at alloc_cpu.cpp:114] data. DefaultCPUAllocator: not enough memory: you tried to allocate 2628654436352 bytes.
2025-01-03 20:30:54,761 - audio.transcription - ERROR - Chunk transcription failed: [enforce fail at alloc_cpu.cpp:114] data. DefaultCPUAllocator: not enough memory: you tried to allocate 2630620520448 bytes.
2025-01-03 20:30:54,830 - audio.transcription - ERROR - Chunk transcription failed: [enforce fail at alloc_cpu.cpp:114] data. DefaultCPUAllocator: not enough memory: you tried to allocate 2632586604544 bytes.
2025-01-03 20:30:54,913 - audio.transcription - ERROR - Chunk transcription failed: [enforce fail at alloc_cpu.cpp:114] data. DefaultCPUAllocator: not enough memory: you tried to allocate 2634552688640 bytes.
2025-01-03 20:30:54,996 - audio.transcription - ERROR - Chunk transcription failed: [enforce fail at alloc_cpu.cpp:114] data. DefaultCPUAllocator: not enough memory: you tried to allocate 2636518772736 bytes.
2025-01-03 20:30:55,078 - audio.transcription - ERROR - Chunk transcription failed: [enforce fail at alloc_cpu.cpp:114] data. DefaultCPUAllocator: not enough memory: you tried to allocate 2638484856832 bytes.
2025-01-03 20:30:55,159 - audio.transcription - ERROR - Chunk transcription failed: [enforce fail at alloc_cpu.cpp:114] data. DefaultCPUAllocator: not enough memory: you tried to allocate 2640450940928 bytes.
2025-01-03 20:30:55,241 - audio.transcription - ERROR - Chunk transcription failed: [enforce fail at alloc_cpu.cpp:114] data. DefaultCPUAllocator: not enough memory: you tried to allocate 2642417025024 bytes.
2025-01-03 20:30:55,312 - audio.transcription - ERROR - Chunk transcription failed: [enforce fail at alloc_cpu.cpp:114] data. DefaultCPUAllocator: not enough memory: you tried to allocate 2644383109120 bytes.
2025-01-03 20:30:55,389 - audio.transcription - ERROR - Chunk transcription failed: [enforce fail at alloc_cpu.cpp:114] data. DefaultCPUAllocator: not enough memory: you tried to allocate 2646349193216 bytes.
2025-01-03 20:30:55,466 - audio.transcription - ERROR - Chunk transcription failed: [enforce fail at alloc_cpu.cpp:114] data. DefaultCPUAllocator: not enough memory: you tried to allocate 2648315277312 bytes.
2025-01-03 20:30:55,546 - audio.transcription - ERROR - Chunk transcription failed: [enforce fail at alloc_cpu.cpp:114] data. DefaultCPUAllocator: not enough memory: you tried to allocate 2650281361408 bytes.
2025-01-03 20:30:55,627 - audio.transcription - ERROR - Chunk transcription failed: [enforce fail at alloc_cpu.cpp:114] data. DefaultCPUAllocator: not enough memory: you tried to allocate 2652247445504 bytes.
2025-01-03 20:30:55,708 - audio.transcription - ERROR - Chunk transcription failed: [enforce fail at alloc_cpu.cpp:114] data. DefaultCPUAllocator: not enough memory: you tried to allocate 2654213529600 bytes.
2025-01-03 20:30:55,789 - audio.transcription - ERROR - Chunk transcription failed: [enforce fail at alloc_cpu.cpp:114] data. DefaultCPUAllocator: not enough memory: you tried to allocate 2656179613696 bytes.
2025-01-03 20:30:55,866 - audio.transcription - ERROR - Chunk transcription failed: [enforce fail at alloc_cpu.cpp:114] data. DefaultCPUAllocator: not enough memory: you tried to allocate 2658145697792 bytes.
2025-01-03 20:30:55,940 - audio.transcription - ERROR - Chunk transcription failed: [enforce fail at alloc_cpu.cpp:114] data. DefaultCPUAllocator: not enough memory: you tried to allocate 2660111781888 bytes.
2025-01-03 20:30:56,013 - audio.transcription - ERROR - Chunk transcription failed: [enforce fail at alloc_cpu.cpp:114] data. DefaultCPUAllocator: not enough memory: you tried to allocate 2662077865984 bytes.
2025-01-03 20:30:56,085 - audio.transcription - ERROR - Chunk transcription failed: [enforce fail at alloc_cpu.cpp:114] data. DefaultCPUAllocator: not enough memory: you tried to allocate 2664043950080 bytes.
2025-01-03 20:30:56,151 - audio.transcription - ERROR - Chunk transcription failed: [enforce fail at alloc_cpu.cpp:114] data. DefaultCPUAllocator: not enough memory: you tried to allocate 2666010034176 bytes.
2025-01-03 20:30:56,222 - audio.transcription - ERROR - Chunk transcription failed: [enforce fail at alloc_cpu.cpp:114] data. DefaultCPUAllocator: not enough memory: you tried to allocate 2667976118272 bytes.
2025-01-03 20:30:56,291 - audio.transcription - ERROR - Chunk transcription failed: [enforce fail at alloc_cpu.cpp:114] data. DefaultCPUAllocator: not enough memory: you tried to allocate 2669942202368 bytes.
2025-01-03 20:30:56,360 - audio.transcription - ERROR - Chunk transcription failed: [enforce fail at alloc_cpu.cpp:114] data. DefaultCPUAllocator: not enough memory: you tried to allocate 2671908286464 bytes.
2025-01-03 20:30:56,432 - audio.transcription - ERROR - Chunk transcription failed: [enforce fail at alloc_cpu.cpp:114] data. DefaultCPUAllocator: not enough memory: you tried to allocate 2673874370560 bytes.
2025-01-03 20:30:56,502 - audio.transcription - ERROR - Chunk transcription failed: [enforce fail at alloc_cpu.cpp:114] data. DefaultCPUAllocator: not enough memory: you tried to allocate 2675840454656 bytes.
2025-01-03 20:30:56,571 - audio.transcription - ERROR - Chunk transcription failed: [enforce fail at alloc_cpu.cpp:114] data. DefaultCPUAllocator: not enough memory: you tried to allocate 2677806538752 bytes.
2025-01-03 20:30:56,637 - audio.transcription - ERROR - Chunk transcription failed: [enforce fail at alloc_cpu.cpp:114] data. DefaultCPUAllocator: not enough memory: you tried to allocate 2679772622848 bytes.
2025-01-03 20:30:56,705 - audio.transcription - ERROR - Chunk transcription failed: [enforce fail at alloc_cpu.cpp:114] data. DefaultCPUAllocator: not enough memory: you tried to allocate 2681738706944 bytes.
2025-01-03 20:30:56,771 - audio.transcription - ERROR - Chunk transcription failed: [enforce fail at alloc_cpu.cpp:114] data. DefaultCPUAllocator: not enough memory: you tried to allocate 2683704791040 bytes.
2025-01-03 20:30:56,843 - audio.transcription - ERROR - Chunk transcription failed: [enforce fail at alloc_cpu.cpp:114] data. DefaultCPUAllocator: not enough memory: you tried to allocate 2685670875136 bytes.
2025-01-03 20:30:56,914 - audio.transcription - ERROR - Chunk transcription failed: [enforce fail at alloc_cpu.cpp:114] data. DefaultCPUAllocator: not enough memory: you tried to allocate 2687636959232 bytes.
2025-01-03 20:30:56,985 - audio.transcription - ERROR - Chunk transcription failed: [enforce fail at alloc_cpu.cpp:114] data. DefaultCPUAllocator: not enough memory: you tried to allocate 2689603043328 bytes.
2025-01-03 20:30:57,054 - audio.transcription - ERROR - Chunk transcription failed: [enforce fail at alloc_cpu.cpp:114] data. DefaultCPUAllocator: not enough memory: you tried to allocate 2691569127424 bytes.
2025-01-03 20:30:57,110 - audio.transcription - ERROR - Chunk transcription failed: [enforce fail at alloc_cpu.cpp:114] data. DefaultCPUAllocator: not enough memory: you tried to allocate 2693535211520 bytes.
2025-01-03 20:30:57,133 - audio.transcription - ERROR - Chunk transcription failed: [enforce fail at alloc_cpu.cpp:114] data. DefaultCPUAllocator: not enough memory: you tried to allocate 2695501295616 bytes.
2025-01-03 20:30:57,198 - audio.transcription - ERROR - Chunk transcription failed: [enforce fail at alloc_cpu.cpp:114] data. DefaultCPUAllocator: not enough memory: you tried to allocate 2697467379712 bytes.
2025-01-03 20:30:57,263 - audio.transcription - ERROR - Chunk transcription failed: [enforce fail at alloc_cpu.cpp:114] data. DefaultCPUAllocator: not enough memory: you tried to allocate 2699433463808 bytes.
2025-01-03 20:30:57,334 - audio.transcription - ERROR - Chunk transcription failed: [enforce fail at alloc_cpu.cpp:114] data. DefaultCPUAllocator: not enough memory: you tried to allocate 2701399547904 bytes.
2025-01-03 20:30:57,397 - audio.transcription - ERROR - Chunk transcription failed: [enforce fail at alloc_cpu.cpp:114] data. DefaultCPUAllocator: not enough memory: you tried to allocate 2703365632000 bytes.
2025-01-03 20:30:57,464 - audio.transcription - ERROR - Chunk transcription failed: [enforce fail at alloc_cpu.cpp:114] data. DefaultCPUAllocator: not enough memory: you tried to allocate 2705331716096 bytes.
2025-01-03 20:30:57,534 - audio.transcription - ERROR - Chunk transcription failed: [enforce fail at alloc_cpu.cpp:114] data. DefaultCPUAllocator: not enough memory: you tried to allocate 2707297800192 bytes.
2025-01-03 20:30:57,600 - audio.transcription - ERROR - Chunk transcription failed: [enforce fail at alloc_cpu.cpp:114] data. DefaultCPUAllocator: not enough memory: you tried to allocate 2709263884288 bytes.
2025-01-03 20:30:57,668 - audio.transcription - ERROR - Chunk transcription failed: [enforce fail at alloc_cpu.cpp:114] data. DefaultCPUAllocator: not enough memory: you tried to allocate 2711229968384 bytes.
2025-01-03 20:30:57,736 - audio.transcription - ERROR - Chunk transcription failed: [enforce fail at alloc_cpu.cpp:114] data. DefaultCPUAllocator: not enough memory: you tried to allocate 2713196052480 bytes.
2025-01-03 20:30:57,804 - audio.transcription - ERROR - Chunk transcription failed: [enforce fail at alloc_cpu.cpp:114] data. DefaultCPUAllocator: not enough memory: you tried to allocate 2715162136576 bytes.
2025-01-03 20:30:57,876 - audio.transcription - ERROR - Chunk transcription failed: [enforce fail at alloc_cpu.cpp:114] data. DefaultCPUAllocator: not enough memory: you tried to allocate 2717128220672 bytes.
2025-01-03 20:30:57,950 - audio.transcription - ERROR - Chunk transcription failed: [enforce fail at alloc_cpu.cpp:114] data. DefaultCPUAllocator: not enough memory: you tried to allocate 2719094304768 bytes.
2025-01-03 20:30:58,044 - audio.transcription - ERROR - Chunk transcription failed: [enforce fail at alloc_cpu.cpp:114] data. DefaultCPUAllocator: not enough memory: you tried to allocate 2721060388864 bytes.
2025-01-03 20:30:58,113 - audio.transcription - ERROR - Chunk transcription failed: [enforce fail at alloc_cpu.cpp:114] data. DefaultCPUAllocator: not enough memory: you tried to allocate 2723026472960 bytes.
2025-01-03 20:30:58,168 - audio.transcription - ERROR - Chunk transcription failed: [enforce fail at alloc_cpu.cpp:114] data. DefaultCPUAllocator: not enough memory: you tried to allocate 2724992557056 bytes.
2025-01-03 20:30:58,256 - audio.transcription - ERROR - Chunk transcription failed: [enforce fail at alloc_cpu.cpp:114] data. DefaultCPUAllocator: not enough memory: you tried to allocate 2726958641152 bytes.
2025-01-03 20:30:58,339 - audio.transcription - ERROR - Chunk transcription failed: [enforce fail at alloc_cpu.cpp:114] data. DefaultCPUAllocator: not enough memory: you tried to allocate 2728924725248 bytes.
2025-01-03 20:30:58,429 - audio.transcription - ERROR - Chunk transcription failed: [enforce fail at alloc_cpu.cpp:114] data. DefaultCPUAllocator: not enough memory: you tried to allocate 2730890809344 bytes.
2025-01-03 20:30:58,506 - audio.transcription - ERROR - Chunk transcription failed: [enforce fail at alloc_cpu.cpp:114] data. DefaultCPUAllocator: not enough memory: you tried to allocate 2732856893440 bytes.
2025-01-03 20:30:58,579 - audio.transcription - ERROR - Chunk transcription failed: [enforce fail at alloc_cpu.cpp:114] data. DefaultCPUAllocator: not enough memory: you tried to allocate 2734822977536 bytes.
2025-01-03 20:30:58,653 - audio.transcription - ERROR - Chunk transcription failed: [enforce fail at alloc_cpu.cpp:114] data. DefaultCPUAllocator: not enough memory: you tried to allocate 2736789061632 bytes.
2025-01-03 20:30:58,722 - audio.transcription - ERROR - Chunk transcription failed: [enforce fail at alloc_cpu.cpp:114] data. DefaultCPUAllocator: not enough memory: you tried to allocate 2738755145728 bytes.
2025-01-03 20:30:58,793 - audio.transcription - ERROR - Chunk transcription failed: [enforce fail at alloc_cpu.cpp:114] data. DefaultCPUAllocator: not enough memory: you tried to allocate 2740721229824 bytes.
2025-01-03 20:30:58,865 - audio.transcription - ERROR - Chunk transcription failed: [enforce fail at alloc_cpu.cpp:114] data. DefaultCPUAllocator: not enough memory: you tried to allocate 2742687313920 bytes.
2025-01-03 20:30:58,934 - audio.transcription - ERROR - Chunk transcription failed: [enforce fail at alloc_cpu.cpp:114] data. DefaultCPUAllocator: not enough memory: you tried to allocate 2744653398016 bytes.
2025-01-03 20:30:59,005 - audio.transcription - ERROR - Chunk transcription failed: [enforce fail at alloc_cpu.cpp:114] data. DefaultCPUAllocator: not enough memory: you tried to allocate 2746619482112 bytes.
2025-01-03 20:30:59,076 - audio.transcription - ERROR - Chunk transcription failed: [enforce fail at alloc_cpu.cpp:114] data. DefaultCPUAllocator: not enough memory: you tried to allocate 2748585566208 bytes.
2025-01-03 20:30:59,147 - audio.transcription - ERROR - Chunk transcription failed: [enforce fail at alloc_cpu.cpp:114] data. DefaultCPUAllocator: not enough memory: you tried to allocate 2750551650304 bytes.
2025-01-03 20:30:59,214 - audio.transcription - ERROR - Chunk transcription failed: [enforce fail at alloc_cpu.cpp:114] data. DefaultCPUAllocator: not enough memory: you tried to allocate 2752517734400 bytes.
2025-01-03 20:30:59,281 - audio.transcription - ERROR - Chunk transcription failed: [enforce fail at alloc_cpu.cpp:114] data. DefaultCPUAllocator: not enough memory: you tried to allocate 2754483818496 bytes.
2025-01-03 20:30:59,354 - audio.transcription - ERROR - Chunk transcription failed: [enforce fail at alloc_cpu.cpp:114] data. DefaultCPUAllocator: not enough memory: you tried to allocate 2756449902592 bytes.
2025-01-03 20:30:59,422 - audio.transcription - ERROR - Chunk transcription failed: [enforce fail at alloc_cpu.cpp:114] data. DefaultCPUAllocator: not enough memory: you tried to allocate 2758415986688 bytes.
2025-01-03 20:30:59,491 - audio.transcription - ERROR - Chunk transcription failed: [enforce fail at alloc_cpu.cpp:114] data. DefaultCPUAllocator: not enough memory: you tried to allocate 2760382070784 bytes.
2025-01-03 20:30:59,560 - audio.transcription - ERROR - Chunk transcription failed: [enforce fail at alloc_cpu.cpp:114] data. DefaultCPUAllocator: not enough memory: you tried to allocate 2762348154880 bytes.
2025-01-03 20:30:59,637 - audio.transcription - ERROR - Chunk transcription failed: [enforce fail at alloc_cpu.cpp:114] data. DefaultCPUAllocator: not enough memory: you tried to allocate 2764314238976 bytes.
2025-01-03 20:30:59,718 - audio.transcription - ERROR - Chunk transcription failed: [enforce fail at alloc_cpu.cpp:114] data. DefaultCPUAllocator: not enough memory: you tried to allocate 2766280323072 bytes.
2025-01-03 20:30:59,813 - audio.transcription - ERROR - Chunk transcription failed: [enforce fail at alloc_cpu.cpp:114] data. DefaultCPUAllocator: not enough memory: you tried to allocate 2768246407168 bytes.
2025-01-03 20:30:59,900 - audio.transcription - ERROR - Chunk transcription failed: [enforce fail at alloc_cpu.cpp:114] data. DefaultCPUAllocator: not enough memory: you tried to allocate 2770212491264 bytes.
2025-01-03 20:30:59,976 - audio.transcription - ERROR - Chunk transcription failed: [enforce fail at alloc_cpu.cpp:114] data. DefaultCPUAllocator: not enough memory: you tried to allocate 2772178575360 bytes.
2025-01-03 20:31:00,052 - audio.transcription - ERROR - Chunk transcription failed: [enforce fail at alloc_cpu.cpp:114] data. DefaultCPUAllocator: not enough memory: you tried to allocate 2774144659456 bytes.
2025-01-03 20:31:00,126 - audio.transcription - ERROR - Chunk transcription failed: [enforce fail at alloc_cpu.cpp:114] data. DefaultCPUAllocator: not enough memory: you tried to allocate 2776110743552 bytes.
2025-01-03 20:31:00,199 - audio.transcription - ERROR - Chunk transcription failed: [enforce fail at alloc_cpu.cpp:114] data. DefaultCPUAllocator: not enough memory: you tried to allocate 2778076827648 bytes.
2025-01-03 20:31:00,252 - audio.transcription - ERROR - Chunk transcription failed: [enforce fail at alloc_cpu.cpp:114] data. DefaultCPUAllocator: not enough memory: you tried to allocate 2780042911744 bytes.
2025-01-03 20:31:00,303 - audio.transcription - ERROR - Chunk transcription failed: [enforce fail at alloc_cpu.cpp:114] data. DefaultCPUAllocator: not enough memory: you tried to allocate 2782008995840 bytes.
2025-01-03 20:31:00,341 - audio.transcription - ERROR - Chunk transcription failed: [enforce fail at alloc_cpu.cpp:114] data. DefaultCPUAllocator: not enough memory: you tried to allocate 2783975079936 bytes.
2025-01-03 20:31:00,405 - audio.transcription - ERROR - Chunk transcription failed: [enforce fail at alloc_cpu.cpp:114] data. DefaultCPUAllocator: not enough memory: you tried to allocate 2785941164032 bytes.
2025-01-03 20:31:00,483 - audio.transcription - ERROR - Chunk transcription failed: [enforce fail at alloc_cpu.cpp:114] data. DefaultCPUAllocator: not enough memory: you tried to allocate 2787907248128 bytes.
2025-01-03 20:31:00,548 - audio.transcription - ERROR - Chunk transcription failed: [enforce fail at alloc_cpu.cpp:114] data. DefaultCPUAllocator: not enough memory: you tried to allocate 2789873332224 bytes.
2025-01-03 20:31:00,616 - audio.transcription - ERROR - Chunk transcription failed: [enforce fail at alloc_cpu.cpp:114] data. DefaultCPUAllocator: not enough memory: you tried to allocate 2791839416320 bytes.
2025-01-03 20:31:00,684 - audio.transcription - ERROR - Chunk transcription failed: [enforce fail at alloc_cpu.cpp:114] data. DefaultCPUAllocator: not enough memory: you tried to allocate 2793805500416 bytes.
2025-01-03 20:31:00,759 - audio.transcription - ERROR - Chunk transcription failed: [enforce fail at alloc_cpu.cpp:114] data. DefaultCPUAllocator: not enough memory: you tried to allocate 2795771584512 bytes.
2025-01-03 20:31:00,830 - audio.transcription - ERROR - Chunk transcription failed: [enforce fail at alloc_cpu.cpp:114] data. DefaultCPUAllocator: not enough memory: you tried to allocate 2797737668608 bytes.
2025-01-03 20:31:00,896 - audio.transcription - ERROR - Chunk transcription failed: [enforce fail at alloc_cpu.cpp:114] data. DefaultCPUAllocator: not enough memory: you tried to allocate 2799703752704 bytes.
2025-01-03 20:31:00,966 - audio.transcription - ERROR - Chunk transcription failed: [enforce fail at alloc_cpu.cpp:114] data. DefaultCPUAllocator: not enough memory: you tried to allocate 2801669836800 bytes.
2025-01-03 20:31:01,046 - audio.transcription - ERROR - Chunk transcription failed: [enforce fail at alloc_cpu.cpp:114] data. DefaultCPUAllocator: not enough memory: you tried to allocate 2803635920896 bytes.
2025-01-03 20:31:01,131 - audio.transcription - ERROR - Chunk transcription failed: [enforce fail at alloc_cpu.cpp:114] data. DefaultCPUAllocator: not enough memory: you tried to allocate 2805602004992 bytes.
2025-01-03 20:31:01,206 - audio.transcription - ERROR - Chunk transcription failed: [enforce fail at alloc_cpu.cpp:114] data. DefaultCPUAllocator: not enough memory: you tried to allocate 2807568089088 bytes.
2025-01-03 20:31:01,238 - audio.transcription - ERROR - Chunk transcription failed: [enforce fail at alloc_cpu.cpp:114] data. DefaultCPUAllocator: not enough memory: you tried to allocate 2809534173184 bytes.
2025-01-03 20:31:01,309 - audio.transcription - ERROR - Chunk transcription failed: [enforce fail at alloc_cpu.cpp:114] data. DefaultCPUAllocator: not enough memory: you tried to allocate 2811500257280 bytes.
2025-01-03 20:31:01,376 - audio.transcription - ERROR - Chunk transcription failed: [enforce fail at alloc_cpu.cpp:114] data. DefaultCPUAllocator: not enough memory: you tried to allocate 2813466341376 bytes.
2025-01-03 20:31:01,442 - audio.transcription - ERROR - Chunk transcription failed: [enforce fail at alloc_cpu.cpp:114] data. DefaultCPUAllocator: not enough memory: you tried to allocate 2815432425472 bytes.
2025-01-03 20:31:01,509 - audio.transcription - ERROR - Chunk transcription failed: [enforce fail at alloc_cpu.cpp:114] data. DefaultCPUAllocator: not enough memory: you tried to allocate 2817398509568 bytes.
2025-01-03 20:31:01,574 - audio.transcription - ERROR - Chunk transcription failed: [enforce fail at alloc_cpu.cpp:114] data. DefaultCPUAllocator: not enough memory: you tried to allocate 2819364593664 bytes.
2025-01-03 20:31:01,640 - audio.transcription - ERROR - Chunk transcription failed: [enforce fail at alloc_cpu.cpp:114] data. DefaultCPUAllocator: not enough memory: you tried to allocate 2821330677760 bytes.
2025-01-03 20:31:01,712 - audio.transcription - ERROR - Chunk transcription failed: [enforce fail at alloc_cpu.cpp:114] data. DefaultCPUAllocator: not enough memory: you tried to allocate 2823296761856 bytes.
2025-01-03 20:31:01,779 - audio.transcription - ERROR - Chunk transcription failed: [enforce fail at alloc_cpu.cpp:114] data. DefaultCPUAllocator: not enough memory: you tried to allocate 2825262845952 bytes.
2025-01-03 20:31:01,842 - audio.transcription - ERROR - Chunk transcription failed: [enforce fail at alloc_cpu.cpp:114] data. DefaultCPUAllocator: not enough memory: you tried to allocate 2827228930048 bytes.
2025-01-03 20:31:01,910 - audio.transcription - ERROR - Chunk transcription failed: [enforce fail at alloc_cpu.cpp:114] data. DefaultCPUAllocator: not enough memory: you tried to allocate 2829195014144 bytes.
2025-01-03 20:31:01,971 - audio.transcription - ERROR - Chunk transcription failed: [enforce fail at alloc_cpu.cpp:114] data. DefaultCPUAllocator: not enough memory: you tried to allocate 2831161098240 bytes.
2025-01-03 20:31:02,035 - audio.transcription - ERROR - Chunk transcription failed: [enforce fail at alloc_cpu.cpp:114] data. DefaultCPUAllocator: not enough memory: you tried to allocate 2833127182336 bytes.
2025-01-03 20:31:02,109 - audio.transcription - ERROR - Chunk transcription failed: [enforce fail at alloc_cpu.cpp:114] data. DefaultCPUAllocator: not enough memory: you tried to allocate 2835093266432 bytes.
2025-01-03 20:31:02,184 - audio.transcription - ERROR - Chunk transcription failed: [enforce fail at alloc_cpu.cpp:114] data. DefaultCPUAllocator: not enough memory: you tried to allocate 2837059350528 bytes.
2025-01-03 20:31:02,264 - audio.transcription - ERROR - Chunk transcription failed: [enforce fail at alloc_cpu.cpp:114] data. DefaultCPUAllocator: not enough memory: you tried to allocate 2839025434624 bytes.
2025-01-03 20:31:02,339 - audio.transcription - ERROR - Chunk transcription failed: [enforce fail at alloc_cpu.cpp:114] data. DefaultCPUAllocator: not enough memory: you tried to allocate 2840991518720 bytes.
2025-01-03 20:31:02,401 - audio.transcription - ERROR - Chunk transcription failed: [enforce fail at alloc_cpu.cpp:114] data. DefaultCPUAllocator: not enough memory: you tried to allocate 2842957602816 bytes.
2025-01-03 20:31:02,467 - audio.transcription - ERROR - Chunk transcription failed: [enforce fail at alloc_cpu.cpp:114] data. DefaultCPUAllocator: not enough memory: you tried to allocate 2844923686912 bytes.
2025-01-03 20:31:02,548 - audio.transcription - ERROR - Chunk transcription failed: [enforce fail at alloc_cpu.cpp:114] data. DefaultCPUAllocator: not enough memory: you tried to allocate 2846889771008 bytes.
2025-01-03 20:31:02,629 - audio.transcription - ERROR - Chunk transcription failed: [enforce fail at alloc_cpu.cpp:114] data. DefaultCPUAllocator: not enough memory: you tried to allocate 2848855855104 bytes.
2025-01-03 20:31:02,719 - audio.transcription - ERROR - Chunk transcription failed: [enforce fail at alloc_cpu.cpp:114] data. DefaultCPUAllocator: not enough memory: you tried to allocate 2850821939200 bytes.
2025-01-03 20:31:02,795 - audio.transcription - ERROR - Chunk transcription failed: [enforce fail at alloc_cpu.cpp:114] data. DefaultCPUAllocator: not enough memory: you tried to allocate 2852788023296 bytes.
2025-01-03 20:31:02,862 - audio.transcription - ERROR - Chunk transcription failed: [enforce fail at alloc_cpu.cpp:114] data. DefaultCPUAllocator: not enough memory: you tried to allocate 2854754107392 bytes.
2025-01-03 20:31:02,931 - audio.transcription - ERROR - Chunk transcription failed: [enforce fail at alloc_cpu.cpp:114] data. DefaultCPUAllocator: not enough memory: you tried to allocate 2856720191488 bytes.
2025-01-03 20:31:03,000 - audio.transcription - ERROR - Chunk transcription failed: [enforce fail at alloc_cpu.cpp:114] data. DefaultCPUAllocator: not enough memory: you tried to allocate 2858686275584 bytes.
2025-01-03 20:31:03,070 - audio.transcription - ERROR - Chunk transcription failed: [enforce fail at alloc_cpu.cpp:114] data. DefaultCPUAllocator: not enough memory: you tried to allocate 2860652359680 bytes.
2025-01-03 20:31:03,134 - audio.transcription - ERROR - Chunk transcription failed: [enforce fail at alloc_cpu.cpp:114] data. DefaultCPUAllocator: not enough memory: you tried to allocate 2862618443776 bytes.
2025-01-03 20:31:03,205 - audio.transcription - ERROR - Chunk transcription failed: [enforce fail at alloc_cpu.cpp:114] data. DefaultCPUAllocator: not enough memory: you tried to allocate 2864584527872 bytes.
2025-01-03 20:31:03,284 - audio.transcription - ERROR - Chunk transcription failed: [enforce fail at alloc_cpu.cpp:114] data. DefaultCPUAllocator: not enough memory: you tried to allocate 2866550611968 bytes.
2025-01-03 20:31:03,351 - audio.transcription - ERROR - Chunk transcription failed: [enforce fail at alloc_cpu.cpp:114] data. DefaultCPUAllocator: not enough memory: you tried to allocate 2868516696064 bytes.
2025-01-03 20:31:03,419 - audio.transcription - ERROR - Chunk transcription failed: [enforce fail at alloc_cpu.cpp:114] data. DefaultCPUAllocator: not enough memory: you tried to allocate 2870482780160 bytes.
2025-01-03 20:31:03,484 - audio.transcription - ERROR - Chunk transcription failed: [enforce fail at alloc_cpu.cpp:114] data. DefaultCPUAllocator: not enough memory: you tried to allocate 2872448864256 bytes.
2025-01-03 20:31:03,553 - audio.transcription - ERROR - Chunk transcription failed: [enforce fail at alloc_cpu.cpp:114] data. DefaultCPUAllocator: not enough memory: you tried to allocate 2874414948352 bytes.
2025-01-03 20:31:03,621 - audio.transcription - ERROR - Chunk transcription failed: [enforce fail at alloc_cpu.cpp:114] data. DefaultCPUAllocator: not enough memory: you tried to allocate 2876381032448 bytes.
2025-01-03 20:31:03,692 - audio.transcription - ERROR - Chunk transcription failed: [enforce fail at alloc_cpu.cpp:114] data. DefaultCPUAllocator: not enough memory: you tried to allocate 2878347116544 bytes.
2025-01-03 20:31:03,757 - audio.transcription - ERROR - Chunk transcription failed: [enforce fail at alloc_cpu.cpp:114] data. DefaultCPUAllocator: not enough memory: you tried to allocate 2880313200640 bytes.
2025-01-03 20:31:03,830 - audio.transcription - ERROR - Chunk transcription failed: [enforce fail at alloc_cpu.cpp:114] data. DefaultCPUAllocator: not enough memory: you tried to allocate 2882279284736 bytes.
2025-01-03 20:31:03,891 - audio.transcription - ERROR - Chunk transcription failed: [enforce fail at alloc_cpu.cpp:114] data. DefaultCPUAllocator: not enough memory: you tried to allocate 2884245368832 bytes.
2025-01-03 20:31:03,955 - audio.transcription - ERROR - Chunk transcription failed: [enforce fail at alloc_cpu.cpp:114] data. DefaultCPUAllocator: not enough memory: you tried to allocate 2886211452928 bytes.
2025-01-03 20:31:04,023 - audio.transcription - ERROR - Chunk transcription failed: [enforce fail at alloc_cpu.cpp:114] data. DefaultCPUAllocator: not enough memory: you tried to allocate 2888177537024 bytes.
2025-01-03 20:31:04,098 - audio.transcription - ERROR - Chunk transcription failed: [enforce fail at alloc_cpu.cpp:114] data. DefaultCPUAllocator: not enough memory: you tried to allocate 2890143621120 bytes.
2025-01-03 20:31:04,161 - audio.transcription - ERROR - Chunk transcription failed: [enforce fail at alloc_cpu.cpp:114] data. DefaultCPUAllocator: not enough memory: you tried to allocate 2892109705216 bytes.
2025-01-03 20:31:04,235 - audio.transcription - ERROR - Chunk transcription failed: [enforce fail at alloc_cpu.cpp:114] data. DefaultCPUAllocator: not enough memory: you tried to allocate 2894075789312 bytes.
2025-01-03 20:31:04,303 - audio.transcription - ERROR - Chunk transcription failed: [enforce fail at alloc_cpu.cpp:114] data. DefaultCPUAllocator: not enough memory: you tried to allocate 2896041873408 bytes.
2025-01-03 20:31:04,367 - audio.transcription - ERROR - Chunk transcription failed: [enforce fail at alloc_cpu.cpp:114] data. DefaultCPUAllocator: not enough memory: you tried to allocate 2898007957504 bytes.
2025-01-03 20:31:04,437 - audio.transcription - ERROR - Chunk transcription failed: [enforce fail at alloc_cpu.cpp:114] data. DefaultCPUAllocator: not enough memory: you tried to allocate 2899974041600 bytes.
2025-01-03 20:31:04,503 - audio.transcription - ERROR - Chunk transcription failed: [enforce fail at alloc_cpu.cpp:114] data. DefaultCPUAllocator: not enough memory: you tried to allocate 2901940125696 bytes.
2025-01-03 20:31:04,581 - audio.transcription - ERROR - Chunk transcription failed: [enforce fail at alloc_cpu.cpp:114] data. DefaultCPUAllocator: not enough memory: you tried to allocate 2903906209792 bytes.
2025-01-03 20:31:04,653 - audio.transcription - ERROR - Chunk transcription failed: [enforce fail at alloc_cpu.cpp:114] data. DefaultCPUAllocator: not enough memory: you tried to allocate 2905872293888 bytes.
2025-01-03 20:31:04,723 - audio.transcription - ERROR - Chunk transcription failed: [enforce fail at alloc_cpu.cpp:114] data. DefaultCPUAllocator: not enough memory: you tried to allocate 2907838377984 bytes.
2025-01-03 20:31:04,787 - audio.transcription - ERROR - Chunk transcription failed: [enforce fail at alloc_cpu.cpp:114] data. DefaultCPUAllocator: not enough memory: you tried to allocate 2909804462080 bytes.
2025-01-03 20:31:04,860 - audio.transcription - ERROR - Chunk transcription failed: [enforce fail at alloc_cpu.cpp:114] data. DefaultCPUAllocator: not enough memory: you tried to allocate 2911770546176 bytes.
2025-01-03 20:31:04,927 - audio.transcription - ERROR - Chunk transcription failed: [enforce fail at alloc_cpu.cpp:114] data. DefaultCPUAllocator: not enough memory: you tried to allocate 2913736630272 bytes.
2025-01-03 20:31:04,992 - audio.transcription - ERROR - Chunk transcription failed: [enforce fail at alloc_cpu.cpp:114] data. DefaultCPUAllocator: not enough memory: you tried to allocate 2915702714368 bytes.
2025-01-03 20:31:05,061 - audio.transcription - ERROR - Chunk transcription failed: [enforce fail at alloc_cpu.cpp:114] data. DefaultCPUAllocator: not enough memory: you tried to allocate 2917668798464 bytes.
2025-01-03 20:31:05,126 - audio.transcription - ERROR - Chunk transcription failed: [enforce fail at alloc_cpu.cpp:114] data. DefaultCPUAllocator: not enough memory: you tried to allocate 2919634882560 bytes.
2025-01-03 20:31:05,194 - audio.transcription - ERROR - Chunk transcription failed: [enforce fail at alloc_cpu.cpp:114] data. DefaultCPUAllocator: not enough memory: you tried to allocate 2921600966656 bytes.
2025-01-03 20:31:05,264 - audio.transcription - ERROR - Chunk transcription failed: [enforce fail at alloc_cpu.cpp:114] data. DefaultCPUAllocator: not enough memory: you tried to allocate 2923567050752 bytes.
2025-01-03 20:31:05,332 - audio.transcription - ERROR - Chunk transcription failed: [enforce fail at alloc_cpu.cpp:114] data. DefaultCPUAllocator: not enough memory: you tried to allocate 2925533134848 bytes.
2025-01-03 20:31:05,401 - audio.transcription - ERROR - Chunk transcription failed: [enforce fail at alloc_cpu.cpp:114] data. DefaultCPUAllocator: not enough memory: you tried to allocate 2927499218944 bytes.
2025-01-03 20:31:05,486 - audio.transcription - ERROR - Chunk transcription failed: [enforce fail at alloc_cpu.cpp:114] data. DefaultCPUAllocator: not enough memory: you tried to allocate 2929465303040 bytes.
2025-01-03 20:31:05,570 - audio.transcription - ERROR - Chunk transcription failed: [enforce fail at alloc_cpu.cpp:114] data. DefaultCPUAllocator: not enough memory: you tried to allocate 2931431387136 bytes.
2025-01-03 20:31:05,635 - audio.transcription - ERROR - Chunk transcription failed: [enforce fail at alloc_cpu.cpp:114] data. DefaultCPUAllocator: not enough memory: you tried to allocate 2933397471232 bytes.
2025-01-03 20:31:05,703 - audio.transcription - ERROR - Chunk transcription failed: [enforce fail at alloc_cpu.cpp:114] data. DefaultCPUAllocator: not enough memory: you tried to allocate 2935363555328 bytes.
2025-01-03 20:31:05,767 - audio.transcription - ERROR - Chunk transcription failed: [enforce fail at alloc_cpu.cpp:114] data. DefaultCPUAllocator: not enough memory: you tried to allocate 2937329639424 bytes.
2025-01-03 20:31:05,840 - audio.transcription - ERROR - Chunk transcription failed: [enforce fail at alloc_cpu.cpp:114] data. DefaultCPUAllocator: not enough memory: you tried to allocate 2939295723520 bytes.
2025-01-03 20:31:05,907 - audio.transcription - ERROR - Chunk transcription failed: [enforce fail at alloc_cpu.cpp:114] data. DefaultCPUAllocator: not enough memory: you tried to allocate 2941261807616 bytes.
2025-01-03 20:31:05,973 - audio.transcription - ERROR - Chunk transcription failed: [enforce fail at alloc_cpu.cpp:114] data. DefaultCPUAllocator: not enough memory: you tried to allocate 2943227891712 bytes.
2025-01-03 20:31:06,036 - audio.transcription - ERROR - Chunk transcription failed: [enforce fail at alloc_cpu.cpp:114] data. DefaultCPUAllocator: not enough memory: you tried to allocate 2945193975808 bytes.
2025-01-03 20:31:06,125 - audio.transcription - ERROR - Chunk transcription failed: [enforce fail at alloc_cpu.cpp:114] data. DefaultCPUAllocator: not enough memory: you tried to allocate 2947160059904 bytes.
2025-01-03 20:31:06,200 - audio.transcription - ERROR - Chunk transcription failed: [enforce fail at alloc_cpu.cpp:114] data. DefaultCPUAllocator: not enough memory: you tried to allocate 2949126144000 bytes.
2025-01-03 20:31:06,270 - audio.transcription - ERROR - Chunk transcription failed: [enforce fail at alloc_cpu.cpp:114] data. DefaultCPUAllocator: not enough memory: you tried to allocate 2951092228096 bytes.
2025-01-03 20:31:06,341 - audio.transcription - ERROR - Chunk transcription failed: [enforce fail at alloc_cpu.cpp:114] data. DefaultCPUAllocator: not enough memory: you tried to allocate 2953058312192 bytes.
2025-01-03 20:31:06,411 - audio.transcription - ERROR - Chunk transcription failed: [enforce fail at alloc_cpu.cpp:114] data. DefaultCPUAllocator: not enough memory: you tried to allocate 2955024396288 bytes.
2025-01-03 20:31:06,485 - audio.transcription - ERROR - Chunk transcription failed: [enforce fail at alloc_cpu.cpp:114] data. DefaultCPUAllocator: not enough memory: you tried to allocate 2956990480384 bytes.
2025-01-03 20:31:06,548 - audio.transcription - ERROR - Chunk transcription failed: [enforce fail at alloc_cpu.cpp:114] data. DefaultCPUAllocator: not enough memory: you tried to allocate 2958956564480 bytes.
2025-01-03 20:31:06,613 - audio.transcription - ERROR - Chunk transcription failed: [enforce fail at alloc_cpu.cpp:114] data. DefaultCPUAllocator: not enough memory: you tried to allocate 2960922648576 bytes.
2025-01-03 20:31:06,678 - audio.transcription - ERROR - Chunk transcription failed: [enforce fail at alloc_cpu.cpp:114] data. DefaultCPUAllocator: not enough memory: you tried to allocate 2962888732672 bytes.
2025-01-03 20:31:06,746 - audio.transcription - ERROR - Chunk transcription failed: [enforce fail at alloc_cpu.cpp:114] data. DefaultCPUAllocator: not enough memory: you tried to allocate 2964854816768 bytes.
2025-01-03 20:31:06,816 - audio.transcription - ERROR - Chunk transcription failed: [enforce fail at alloc_cpu.cpp:114] data. DefaultCPUAllocator: not enough memory: you tried to allocate 2966820900864 bytes.
2025-01-03 20:31:06,880 - audio.transcription - ERROR - Chunk transcription failed: [enforce fail at alloc_cpu.cpp:114] data. DefaultCPUAllocator: not enough memory: you tried to allocate 2968786984960 bytes.
2025-01-03 20:31:06,944 - audio.transcription - ERROR - Chunk transcription failed: [enforce fail at alloc_cpu.cpp:114] data. DefaultCPUAllocator: not enough memory: you tried to allocate 2970753069056 bytes.
2025-01-03 20:31:07,010 - audio.transcription - ERROR - Chunk transcription failed: [enforce fail at alloc_cpu.cpp:114] data. DefaultCPUAllocator: not enough memory: you tried to allocate 2972719153152 bytes.
2025-01-03 20:31:07,085 - audio.transcription - ERROR - Chunk transcription failed: [enforce fail at alloc_cpu.cpp:114] data. DefaultCPUAllocator: not enough memory: you tried to allocate 2974685237248 bytes.
2025-01-03 20:31:07,155 - audio.transcription - ERROR - Chunk transcription failed: [enforce fail at alloc_cpu.cpp:114] data. DefaultCPUAllocator: not enough memory: you tried to allocate 2976651321344 bytes.
2025-01-03 20:31:07,221 - audio.transcription - ERROR - Chunk transcription failed: [enforce fail at alloc_cpu.cpp:114] data. DefaultCPUAllocator: not enough memory: you tried to allocate 2978617405440 bytes.
2025-01-03 20:31:07,290 - audio.transcription - ERROR - Chunk transcription failed: [enforce fail at alloc_cpu.cpp:114] data. DefaultCPUAllocator: not enough memory: you tried to allocate 2980583489536 bytes.
2025-01-03 20:31:07,364 - audio.transcription - ERROR - Chunk transcription failed: [enforce fail at alloc_cpu.cpp:114] data. DefaultCPUAllocator: not enough memory: you tried to allocate 2982549573632 bytes.
2025-01-03 20:31:07,451 - audio.transcription - ERROR - Chunk transcription failed: [enforce fail at alloc_cpu.cpp:114] data. DefaultCPUAllocator: not enough memory: you tried to allocate 2984515657728 bytes.
2025-01-03 20:31:07,527 - audio.transcription - ERROR - Chunk transcription failed: [enforce fail at alloc_cpu.cpp:114] data. DefaultCPUAllocator: not enough memory: you tried to allocate 2986481741824 bytes.
2025-01-03 20:31:07,586 - audio.transcription - ERROR - Chunk transcription failed: [enforce fail at alloc_cpu.cpp:114] data. DefaultCPUAllocator: not enough memory: you tried to allocate 2988447825920 bytes.
2025-01-03 20:31:07,656 - audio.transcription - ERROR - Chunk transcription failed: [enforce fail at alloc_cpu.cpp:114] data. DefaultCPUAllocator: not enough memory: you tried to allocate 2990413910016 bytes.
2025-01-03 20:31:07,722 - audio.transcription - ERROR - Chunk transcription failed: [enforce fail at alloc_cpu.cpp:114] data. DefaultCPUAllocator: not enough memory: you tried to allocate 2992379994112 bytes.
2025-01-03 20:31:07,789 - audio.transcription - ERROR - Chunk transcription failed: [enforce fail at alloc_cpu.cpp:114] data. DefaultCPUAllocator: not enough memory: you tried to allocate 2994346078208 bytes.
2025-01-03 20:31:07,865 - audio.transcription - ERROR - Chunk transcription failed: [enforce fail at alloc_cpu.cpp:114] data. DefaultCPUAllocator: not enough memory: you tried to allocate 2996312162304 bytes.
2025-01-03 20:31:07,933 - audio.transcription - ERROR - Chunk transcription failed: [enforce fail at alloc_cpu.cpp:114] data. DefaultCPUAllocator: not enough memory: you tried to allocate 2998278246400 bytes.
2025-01-03 20:31:08,000 - audio.transcription - ERROR - Chunk transcription failed: [enforce fail at alloc_cpu.cpp:114] data. DefaultCPUAllocator: not enough memory: you tried to allocate 3000244330496 bytes.
2025-01-03 20:31:08,077 - audio.transcription - ERROR - Chunk transcription failed: [enforce fail at alloc_cpu.cpp:114] data. DefaultCPUAllocator: not enough memory: you tried to allocate 3002210414592 bytes.
2025-01-03 20:31:08,144 - audio.transcription - ERROR - Chunk transcription failed: [enforce fail at alloc_cpu.cpp:114] data. DefaultCPUAllocator: not enough memory: you tried to allocate 3004176498688 bytes.
2025-01-03 20:31:08,216 - audio.transcription - ERROR - Chunk transcription failed: [enforce fail at alloc_cpu.cpp:114] data. DefaultCPUAllocator: not enough memory: you tried to allocate 3006142582784 bytes.
2025-01-03 20:31:08,285 - audio.transcription - ERROR - Chunk transcription failed: [enforce fail at alloc_cpu.cpp:114] data. DefaultCPUAllocator: not enough memory: you tried to allocate 3008108666880 bytes.
2025-01-03 20:31:08,349 - audio.transcription - ERROR - Chunk transcription failed: [enforce fail at alloc_cpu.cpp:114] data. DefaultCPUAllocator: not enough memory: you tried to allocate 3010074750976 bytes.
2025-01-03 20:31:08,411 - audio.transcription - ERROR - Chunk transcription failed: [enforce fail at alloc_cpu.cpp:114] data. DefaultCPUAllocator: not enough memory: you tried to allocate 3012040835072 bytes.
2025-01-03 20:31:08,477 - audio.transcription - ERROR - Chunk transcription failed: [enforce fail at alloc_cpu.cpp:114] data. DefaultCPUAllocator: not enough memory: you tried to allocate 3014006919168 bytes.
2025-01-03 20:31:08,543 - audio.transcription - ERROR - Chunk transcription failed: [enforce fail at alloc_cpu.cpp:114] data. DefaultCPUAllocator: not enough memory: you tried to allocate 3015973003264 bytes.
2025-01-03 20:31:08,610 - audio.transcription - ERROR - Chunk transcription failed: [enforce fail at alloc_cpu.cpp:114] data. DefaultCPUAllocator: not enough memory: you tried to allocate 3017939087360 bytes.
2025-01-03 20:31:08,674 - audio.transcription - ERROR - Chunk transcription failed: [enforce fail at alloc_cpu.cpp:114] data. DefaultCPUAllocator: not enough memory: you tried to allocate 3019905171456 bytes.
2025-01-03 20:31:08,739 - audio.transcription - ERROR - Chunk transcription failed: [enforce fail at alloc_cpu.cpp:114] data. DefaultCPUAllocator: not enough memory: you tried to allocate 3021871255552 bytes.
2025-01-03 20:31:08,809 - audio.transcription - ERROR - Chunk transcription failed: [enforce fail at alloc_cpu.cpp:114] data. DefaultCPUAllocator: not enough memory: you tried to allocate 3023837339648 bytes.
2025-01-03 20:31:08,883 - audio.transcription - ERROR - Chunk transcription failed: [enforce fail at alloc_cpu.cpp:114] data. DefaultCPUAllocator: not enough memory: you tried to allocate 3025803423744 bytes.
2025-01-03 20:31:08,952 - audio.transcription - ERROR - Chunk transcription failed: [enforce fail at alloc_cpu.cpp:114] data. DefaultCPUAllocator: not enough memory: you tried to allocate 3027769507840 bytes.
2025-01-03 20:31:09,024 - audio.transcription - ERROR - Chunk transcription failed: [enforce fail at alloc_cpu.cpp:114] data. DefaultCPUAllocator: not enough memory: you tried to allocate 3029735591936 bytes.
2025-01-03 20:31:09,104 - audio.transcription - ERROR - Chunk transcription failed: [enforce fail at alloc_cpu.cpp:114] data. DefaultCPUAllocator: not enough memory: you tried to allocate 3031701676032 bytes.
2025-01-03 20:31:09,171 - audio.transcription - ERROR - Chunk transcription failed: [enforce fail at alloc_cpu.cpp:114] data. DefaultCPUAllocator: not enough memory: you tried to allocate 3033667760128 bytes.
2025-01-03 20:31:09,238 - audio.transcription - ERROR - Chunk transcription failed: [enforce fail at alloc_cpu.cpp:114] data. DefaultCPUAllocator: not enough memory: you tried to allocate 3035633844224 bytes.
2025-01-03 20:31:09,315 - audio.transcription - ERROR - Chunk transcription failed: [enforce fail at alloc_cpu.cpp:114] data. DefaultCPUAllocator: not enough memory: you tried to allocate 3037599928320 bytes.
2025-01-03 20:31:09,379 - audio.transcription - ERROR - Chunk transcription failed: [enforce fail at alloc_cpu.cpp:114] data. DefaultCPUAllocator: not enough memory: you tried to allocate 3039566012416 bytes.
2025-01-03 20:31:09,451 - audio.transcription - ERROR - Chunk transcription failed: [enforce fail at alloc_cpu.cpp:114] data. DefaultCPUAllocator: not enough memory: you tried to allocate 3041532096512 bytes.
2025-01-03 20:31:09,522 - audio.transcription - ERROR - Chunk transcription failed: [enforce fail at alloc_cpu.cpp:114] data. DefaultCPUAllocator: not enough memory: you tried to allocate 3043498180608 bytes.
2025-01-03 20:31:09,589 - audio.transcription - ERROR - Chunk transcription failed: [enforce fail at alloc_cpu.cpp:114] data. DefaultCPUAllocator: not enough memory: you tried to allocate 3045464264704 bytes.
2025-01-03 20:31:09,664 - audio.transcription - ERROR - Chunk transcription failed: [enforce fail at alloc_cpu.cpp:114] data. DefaultCPUAllocator: not enough memory: you tried to allocate 3047430348800 bytes.
2025-01-03 20:31:09,723 - audio.transcription - ERROR - Chunk transcription failed: [enforce fail at alloc_cpu.cpp:114] data. DefaultCPUAllocator: not enough memory: you tried to allocate 3049396432896 bytes.
2025-01-03 20:31:09,797 - audio.transcription - ERROR - Chunk transcription failed: [enforce fail at alloc_cpu.cpp:114] data. DefaultCPUAllocator: not enough memory: you tried to allocate 3051362516992 bytes.
2025-01-03 20:31:09,864 - audio.transcription - ERROR - Chunk transcription failed: [enforce fail at alloc_cpu.cpp:114] data. DefaultCPUAllocator: not enough memory: you tried to allocate 3053328601088 bytes.
2025-01-03 20:31:09,934 - audio.transcription - ERROR - Chunk transcription failed: [enforce fail at alloc_cpu.cpp:114] data. DefaultCPUAllocator: not enough memory: you tried to allocate 3055294685184 bytes.
2025-01-03 20:31:09,997 - audio.transcription - ERROR - Chunk transcription failed: [enforce fail at alloc_cpu.cpp:114] data. DefaultCPUAllocator: not enough memory: you tried to allocate 3057260769280 bytes.
2025-01-03 20:31:10,067 - audio.transcription - ERROR - Chunk transcription failed: [enforce fail at alloc_cpu.cpp:114] data. DefaultCPUAllocator: not enough memory: you tried to allocate 3059226853376 bytes.
2025-01-03 20:31:10,144 - audio.transcription - ERROR - Chunk transcription failed: [enforce fail at alloc_cpu.cpp:114] data. DefaultCPUAllocator: not enough memory: you tried to allocate 3061192937472 bytes.
2025-01-03 20:31:10,208 - audio.transcription - ERROR - Chunk transcription failed: [enforce fail at alloc_cpu.cpp:114] data. DefaultCPUAllocator: not enough memory: you tried to allocate 3063159021568 bytes.
2025-01-03 20:31:10,284 - audio.transcription - ERROR - Chunk transcription failed: [enforce fail at alloc_cpu.cpp:114] data. DefaultCPUAllocator: not enough memory: you tried to allocate 3065125105664 bytes.
2025-01-03 20:31:10,352 - audio.transcription - ERROR - Chunk transcription failed: [enforce fail at alloc_cpu.cpp:114] data. DefaultCPUAllocator: not enough memory: you tried to allocate 3067091189760 bytes.
2025-01-03 20:31:10,420 - audio.transcription - ERROR - Chunk transcription failed: [enforce fail at alloc_cpu.cpp:114] data. DefaultCPUAllocator: not enough memory: you tried to allocate 3069057273856 bytes.
2025-01-03 20:31:10,487 - audio.transcription - ERROR - Chunk transcription failed: [enforce fail at alloc_cpu.cpp:114] data. DefaultCPUAllocator: not enough memory: you tried to allocate 3071023357952 bytes.
2025-01-03 20:31:10,550 - audio.transcription - ERROR - Chunk transcription failed: [enforce fail at alloc_cpu.cpp:114] data. DefaultCPUAllocator: not enough memory: you tried to allocate 3072989442048 bytes.
2025-01-03 20:31:10,618 - audio.transcription - ERROR - Chunk transcription failed: [enforce fail at alloc_cpu.cpp:114] data. DefaultCPUAllocator: not enough memory: you tried to allocate 3074955526144 bytes.
2025-01-03 20:31:10,687 - audio.transcription - ERROR - Chunk transcription failed: [enforce fail at alloc_cpu.cpp:114] data. DefaultCPUAllocator: not enough memory: you tried to allocate 3076921610240 bytes.
2025-01-03 20:31:10,753 - audio.transcription - ERROR - Chunk transcription failed: [enforce fail at alloc_cpu.cpp:114] data. DefaultCPUAllocator: not enough memory: you tried to allocate 3078887694336 bytes.
2025-01-03 20:31:10,824 - audio.transcription - ERROR - Chunk transcription failed: [enforce fail at alloc_cpu.cpp:114] data. DefaultCPUAllocator: not enough memory: you tried to allocate 3080853778432 bytes.
2025-01-03 20:31:10,896 - audio.transcription - ERROR - Chunk transcription failed: [enforce fail at alloc_cpu.cpp:114] data. DefaultCPUAllocator: not enough memory: you tried to allocate 3082819862528 bytes.
2025-01-03 20:31:10,987 - audio.transcription - ERROR - Chunk transcription failed: [enforce fail at alloc_cpu.cpp:114] data. DefaultCPUAllocator: not enough memory: you tried to allocate 3084785946624 bytes.
2025-01-03 20:31:11,095 - audio.transcription - ERROR - Chunk transcription failed: [enforce fail at alloc_cpu.cpp:114] data. DefaultCPUAllocator: not enough memory: you tried to allocate 3086752030720 bytes.
2025-01-03 20:31:11,123 - audio.transcription - ERROR - Chunk transcription failed: [enforce fail at alloc_cpu.cpp:114] data. DefaultCPUAllocator: not enough memory: you tried to allocate 3088718114816 bytes.
2025-01-03 20:31:11,203 - audio.transcription - ERROR - Chunk transcription failed: [enforce fail at alloc_cpu.cpp:114] data. DefaultCPUAllocator: not enough memory: you tried to allocate 3090684198912 bytes.
2025-01-03 20:31:11,273 - audio.transcription - ERROR - Chunk transcription failed: [enforce fail at alloc_cpu.cpp:114] data. DefaultCPUAllocator: not enough memory: you tried to allocate 3092650283008 bytes.
2025-01-03 20:31:11,345 - audio.transcription - ERROR - Chunk transcription failed: [enforce fail at alloc_cpu.cpp:114] data. DefaultCPUAllocator: not enough memory: you tried to allocate 3094616367104 bytes.
2025-01-03 20:31:11,408 - audio.transcription - ERROR - Chunk transcription failed: [enforce fail at alloc_cpu.cpp:114] data. DefaultCPUAllocator: not enough memory: you tried to allocate 3096582451200 bytes.
2025-01-03 20:31:11,474 - audio.transcription - ERROR - Chunk transcription failed: [enforce fail at alloc_cpu.cpp:114] data. DefaultCPUAllocator: not enough memory: you tried to allocate 3098548535296 bytes.
2025-01-03 20:31:11,545 - audio.transcription - ERROR - Chunk transcription failed: [enforce fail at alloc_cpu.cpp:114] data. DefaultCPUAllocator: not enough memory: you tried to allocate 3100514619392 bytes.
2025-01-03 20:31:11,617 - audio.transcription - ERROR - Chunk transcription failed: [enforce fail at alloc_cpu.cpp:114] data. DefaultCPUAllocator: not enough memory: you tried to allocate 3102480703488 bytes.
2025-01-03 20:31:11,691 - audio.transcription - ERROR - Chunk transcription failed: [enforce fail at alloc_cpu.cpp:114] data. DefaultCPUAllocator: not enough memory: you tried to allocate 3104446787584 bytes.
2025-01-03 20:31:11,763 - audio.transcription - ERROR - Chunk transcription failed: [enforce fail at alloc_cpu.cpp:114] data. DefaultCPUAllocator: not enough memory: you tried to allocate 3106412871680 bytes.
2025-01-03 20:31:11,829 - audio.transcription - ERROR - Chunk transcription failed: [enforce fail at alloc_cpu.cpp:114] data. DefaultCPUAllocator: not enough memory: you tried to allocate 3108378955776 bytes.
2025-01-03 20:31:11,894 - audio.transcription - ERROR - Chunk transcription failed: [enforce fail at alloc_cpu.cpp:114] data. DefaultCPUAllocator: not enough memory: you tried to allocate 3110345039872 bytes.
2025-01-03 20:31:11,962 - audio.transcription - ERROR - Chunk transcription failed: [enforce fail at alloc_cpu.cpp:114] data. DefaultCPUAllocator: not enough memory: you tried to allocate 3112311123968 bytes.
2025-01-03 20:31:12,030 - audio.transcription - ERROR - Chunk transcription failed: [enforce fail at alloc_cpu.cpp:114] data. DefaultCPUAllocator: not enough memory: you tried to allocate 3114277208064 bytes.
2025-01-03 20:31:12,101 - audio.transcription - ERROR - Chunk transcription failed: [enforce fail at alloc_cpu.cpp:114] data. DefaultCPUAllocator: not enough memory: you tried to allocate 3116243292160 bytes.
2025-01-03 20:31:12,176 - audio.transcription - ERROR - Chunk transcription failed: [enforce fail at alloc_cpu.cpp:114] data. DefaultCPUAllocator: not enough memory: you tried to allocate 3118209376256 bytes.
2025-01-03 20:31:12,261 - audio.transcription - ERROR - Chunk transcription failed: [enforce fail at alloc_cpu.cpp:114] data. DefaultCPUAllocator: not enough memory: you tried to allocate 3120175460352 bytes.
2025-01-03 20:31:12,332 - audio.transcription - ERROR - Chunk transcription failed: [enforce fail at alloc_cpu.cpp:114] data. DefaultCPUAllocator: not enough memory: you tried to allocate 3122141544448 bytes.
2025-01-03 20:31:12,363 - audio.transcription - ERROR - Chunk transcription failed: [enforce fail at alloc_cpu.cpp:114] data. DefaultCPUAllocator: not enough memory: you tried to allocate 3124107628544 bytes.
2025-01-03 20:31:12,430 - audio.transcription - ERROR - Chunk transcription failed: [enforce fail at alloc_cpu.cpp:114] data. DefaultCPUAllocator: not enough memory: you tried to allocate 3126073712640 bytes.
2025-01-03 20:31:12,497 - audio.transcription - ERROR - Chunk transcription failed: [enforce fail at alloc_cpu.cpp:114] data. DefaultCPUAllocator: not enough memory: you tried to allocate 3128039796736 bytes.
2025-01-03 20:31:12,569 - audio.transcription - ERROR - Chunk transcription failed: [enforce fail at alloc_cpu.cpp:114] data. DefaultCPUAllocator: not enough memory: you tried to allocate 3130005880832 bytes.
2025-01-03 20:31:12,646 - audio.transcription - ERROR - Chunk transcription failed: [enforce fail at alloc_cpu.cpp:114] data. DefaultCPUAllocator: not enough memory: you tried to allocate 3131971964928 bytes.
2025-01-03 20:31:12,716 - audio.transcription - ERROR - Chunk transcription failed: [enforce fail at alloc_cpu.cpp:114] data. DefaultCPUAllocator: not enough memory: you tried to allocate 3133938049024 bytes.
2025-01-03 20:31:12,819 - audio.transcription - ERROR - Chunk transcription failed: [enforce fail at alloc_cpu.cpp:114] data. DefaultCPUAllocator: not enough memory: you tried to allocate 3135904133120 bytes.
2025-01-03 20:31:12,928 - audio.transcription - ERROR - Chunk transcription failed: [enforce fail at alloc_cpu.cpp:114] data. DefaultCPUAllocator: not enough memory: you tried to allocate 3137870217216 bytes.
2025-01-03 20:31:13,043 - audio.transcription - ERROR - Chunk transcription failed: [enforce fail at alloc_cpu.cpp:114] data. DefaultCPUAllocator: not enough memory: you tried to allocate 3139836301312 bytes.
2025-01-03 20:31:13,155 - audio.transcription - ERROR - Chunk transcription failed: [enforce fail at alloc_cpu.cpp:114] data. DefaultCPUAllocator: not enough memory: you tried to allocate 3141802385408 bytes.
2025-01-03 20:31:13,190 - audio.transcription - ERROR - Chunk transcription failed: [enforce fail at alloc_cpu.cpp:114] data. DefaultCPUAllocator: not enough memory: you tried to allocate 3143768469504 bytes.
2025-01-03 20:31:13,341 - audio.transcription - ERROR - Chunk transcription failed: [enforce fail at alloc_cpu.cpp:114] data. DefaultCPUAllocator: not enough memory: you tried to allocate 3145734553600 bytes.
2025-01-03 20:31:13,379 - audio.transcription - ERROR - Chunk transcription failed: [enforce fail at alloc_cpu.cpp:114] data. DefaultCPUAllocator: not enough memory: you tried to allocate 3147700637696 bytes.
2025-01-03 20:31:13,465 - audio.transcription - ERROR - Chunk transcription failed: [enforce fail at alloc_cpu.cpp:114] data. DefaultCPUAllocator: not enough memory: you tried to allocate 3149666721792 bytes.
2025-01-03 20:31:13,553 - audio.transcription - ERROR - Chunk transcription failed: [enforce fail at alloc_cpu.cpp:114] data. DefaultCPUAllocator: not enough memory: you tried to allocate 3151632805888 bytes.
2025-01-03 20:31:13,642 - audio.transcription - ERROR - Chunk transcription failed: [enforce fail at alloc_cpu.cpp:114] data. DefaultCPUAllocator: not enough memory: you tried to allocate 3153598889984 bytes.
2025-01-03 20:31:13,720 - audio.transcription - ERROR - Chunk transcription failed: [enforce fail at alloc_cpu.cpp:114] data. DefaultCPUAllocator: not enough memory: you tried to allocate 3155564974080 bytes.
2025-01-03 20:31:13,804 - audio.transcription - ERROR - Chunk transcription failed: [enforce fail at alloc_cpu.cpp:114] data. DefaultCPUAllocator: not enough memory: you tried to allocate 3157531058176 bytes.
2025-01-03 20:31:13,884 - audio.transcription - ERROR - Chunk transcription failed: [enforce fail at alloc_cpu.cpp:114] data. DefaultCPUAllocator: not enough memory: you tried to allocate 3159497142272 bytes.
2025-01-03 20:31:13,964 - audio.transcription - ERROR - Chunk transcription failed: [enforce fail at alloc_cpu.cpp:114] data. DefaultCPUAllocator: not enough memory: you tried to allocate 3161463226368 bytes.
2025-01-03 20:31:14,046 - audio.transcription - ERROR - Chunk transcription failed: [enforce fail at alloc_cpu.cpp:114] data. DefaultCPUAllocator: not enough memory: you tried to allocate 3163429310464 bytes.
2025-01-03 20:31:14,129 - audio.transcription - ERROR - Chunk transcription failed: [enforce fail at alloc_cpu.cpp:114] data. DefaultCPUAllocator: not enough memory: you tried to allocate 3165395394560 bytes.
2025-01-03 20:31:14,198 - audio.transcription - ERROR - Chunk transcription failed: [enforce fail at alloc_cpu.cpp:114] data. DefaultCPUAllocator: not enough memory: you tried to allocate 3167361478656 bytes.
2025-01-03 20:31:14,264 - audio.transcription - ERROR - Chunk transcription failed: [enforce fail at alloc_cpu.cpp:114] data. DefaultCPUAllocator: not enough memory: you tried to allocate 3169327562752 bytes.
2025-01-03 20:31:14,337 - audio.transcription - ERROR - Chunk transcription failed: [enforce fail at alloc_cpu.cpp:114] data. DefaultCPUAllocator: not enough memory: you tried to allocate 3171293646848 bytes.
2025-01-03 20:31:14,403 - audio.transcription - ERROR - Chunk transcription failed: [enforce fail at alloc_cpu.cpp:114] data. DefaultCPUAllocator: not enough memory: you tried to allocate 3173259730944 bytes.
2025-01-03 20:31:14,462 - audio.transcription - ERROR - Chunk transcription failed: [enforce fail at alloc_cpu.cpp:114] data. DefaultCPUAllocator: not enough memory: you tried to allocate 3175225815040 bytes.
2025-01-03 20:31:14,532 - audio.transcription - ERROR - Chunk transcription failed: [enforce fail at alloc_cpu.cpp:114] data. DefaultCPUAllocator: not enough memory: you tried to allocate 3177191899136 bytes.
2025-01-03 20:31:14,597 - audio.transcription - ERROR - Chunk transcription failed: [enforce fail at alloc_cpu.cpp:114] data. DefaultCPUAllocator: not enough memory: you tried to allocate 3179157983232 bytes.
2025-01-03 20:31:14,663 - audio.transcription - ERROR - Chunk transcription failed: [enforce fail at alloc_cpu.cpp:114] data. DefaultCPUAllocator: not enough memory: you tried to allocate 3181124067328 bytes.
2025-01-03 20:31:14,730 - audio.transcription - ERROR - Chunk transcription failed: [enforce fail at alloc_cpu.cpp:114] data. DefaultCPUAllocator: not enough memory: you tried to allocate 3183090151424 bytes.
2025-01-03 20:31:14,797 - audio.transcription - ERROR - Chunk transcription failed: [enforce fail at alloc_cpu.cpp:114] data. DefaultCPUAllocator: not enough memory: you tried to allocate 3185056235520 bytes.
2025-01-03 20:31:14,862 - audio.transcription - ERROR - Chunk transcription failed: [enforce fail at alloc_cpu.cpp:114] data. DefaultCPUAllocator: not enough memory: you tried to allocate 3187022319616 bytes.
2025-01-03 20:31:14,928 - audio.transcription - ERROR - Chunk transcription failed: [enforce fail at alloc_cpu.cpp:114] data. DefaultCPUAllocator: not enough memory: you tried to allocate 3188988403712 bytes.
2025-01-03 20:31:14,992 - audio.transcription - ERROR - Chunk transcription failed: [enforce fail at alloc_cpu.cpp:114] data. DefaultCPUAllocator: not enough memory: you tried to allocate 3190954487808 bytes.
2025-01-03 20:31:15,064 - audio.transcription - ERROR - Chunk transcription failed: [enforce fail at alloc_cpu.cpp:114] data. DefaultCPUAllocator: not enough memory: you tried to allocate 3192920571904 bytes.
2025-01-03 20:31:15,132 - audio.transcription - ERROR - Chunk transcription failed: [enforce fail at alloc_cpu.cpp:114] data. DefaultCPUAllocator: not enough memory: you tried to allocate 3194886656000 bytes.
2025-01-03 20:31:15,200 - audio.transcription - ERROR - Chunk transcription failed: [enforce fail at alloc_cpu.cpp:114] data. DefaultCPUAllocator: not enough memory: you tried to allocate 3196852740096 bytes.
2025-01-03 20:31:15,267 - audio.transcription - ERROR - Chunk transcription failed: [enforce fail at alloc_cpu.cpp:114] data. DefaultCPUAllocator: not enough memory: you tried to allocate 3198818824192 bytes.
2025-01-03 20:31:15,336 - audio.transcription - ERROR - Chunk transcription failed: [enforce fail at alloc_cpu.cpp:114] data. DefaultCPUAllocator: not enough memory: you tried to allocate 3200784908288 bytes.
2025-01-03 20:31:15,403 - audio.transcription - ERROR - Chunk transcription failed: [enforce fail at alloc_cpu.cpp:114] data. DefaultCPUAllocator: not enough memory: you tried to allocate 3202750992384 bytes.
2025-01-03 20:31:15,470 - audio.transcription - ERROR - Chunk transcription failed: [enforce fail at alloc_cpu.cpp:114] data. DefaultCPUAllocator: not enough memory: you tried to allocate 3204717076480 bytes.
2025-01-03 20:31:15,537 - audio.transcription - ERROR - Chunk transcription failed: [enforce fail at alloc_cpu.cpp:114] data. DefaultCPUAllocator: not enough memory: you tried to allocate 3206683160576 bytes.
2025-01-03 20:31:15,595 - audio.transcription - ERROR - Chunk transcription failed: [enforce fail at alloc_cpu.cpp:114] data. DefaultCPUAllocator: not enough memory: you tried to allocate 3208649244672 bytes.
2025-01-03 20:31:15,665 - audio.transcription - ERROR - Chunk transcription failed: [enforce fail at alloc_cpu.cpp:114] data. DefaultCPUAllocator: not enough memory: you tried to allocate 3210615328768 bytes.
2025-01-03 20:31:15,732 - audio.transcription - ERROR - Chunk transcription failed: [enforce fail at alloc_cpu.cpp:114] data. DefaultCPUAllocator: not enough memory: you tried to allocate 3212581412864 bytes.
2025-01-03 20:31:15,795 - audio.transcription - ERROR - Chunk transcription failed: [enforce fail at alloc_cpu.cpp:114] data. DefaultCPUAllocator: not enough memory: you tried to allocate 3214547496960 bytes.
2025-01-03 20:31:15,863 - audio.transcription - ERROR - Chunk transcription failed: [enforce fail at alloc_cpu.cpp:114] data. DefaultCPUAllocator: not enough memory: you tried to allocate 3216513581056 bytes.
2025-01-03 20:31:15,923 - audio.transcription - ERROR - Chunk transcription failed: [enforce fail at alloc_cpu.cpp:114] data. DefaultCPUAllocator: not enough memory: you tried to allocate 3218479665152 bytes.
2025-01-03 20:31:15,991 - audio.transcription - ERROR - Chunk transcription failed: [enforce fail at alloc_cpu.cpp:114] data. DefaultCPUAllocator: not enough memory: you tried to allocate 3220445749248 bytes.
2025-01-03 20:31:16,060 - audio.transcription - ERROR - Chunk transcription failed: [enforce fail at alloc_cpu.cpp:114] data. DefaultCPUAllocator: not enough memory: you tried to allocate 3222411833344 bytes.
2025-01-03 20:31:16,124 - audio.transcription - ERROR - Chunk transcription failed: [enforce fail at alloc_cpu.cpp:114] data. DefaultCPUAllocator: not enough memory: you tried to allocate 3224377917440 bytes.
2025-01-03 20:31:16,191 - audio.transcription - ERROR - Chunk transcription failed: [enforce fail at alloc_cpu.cpp:114] data. DefaultCPUAllocator: not enough memory: you tried to allocate 3226344001536 bytes.
2025-01-03 20:31:16,256 - audio.transcription - ERROR - Chunk transcription failed: [enforce fail at alloc_cpu.cpp:114] data. DefaultCPUAllocator: not enough memory: you tried to allocate 3228310085632 bytes.
2025-01-03 20:31:16,325 - audio.transcription - ERROR - Chunk transcription failed: [enforce fail at alloc_cpu.cpp:114] data. DefaultCPUAllocator: not enough memory: you tried to allocate 3230276169728 bytes.
2025-01-03 20:31:16,392 - audio.transcription - ERROR - Chunk transcription failed: [enforce fail at alloc_cpu.cpp:114] data. DefaultCPUAllocator: not enough memory: you tried to allocate 3232242253824 bytes.
2025-01-03 20:31:16,459 - audio.transcription - ERROR - Chunk transcription failed: [enforce fail at alloc_cpu.cpp:114] data. DefaultCPUAllocator: not enough memory: you tried to allocate 3234208337920 bytes.
2025-01-03 20:31:16,525 - audio.transcription - ERROR - Chunk transcription failed: [enforce fail at alloc_cpu.cpp:114] data. DefaultCPUAllocator: not enough memory: you tried to allocate 3236174422016 bytes.
2025-01-03 20:31:16,585 - audio.transcription - ERROR - Chunk transcription failed: [enforce fail at alloc_cpu.cpp:114] data. DefaultCPUAllocator: not enough memory: you tried to allocate 3238140506112 bytes.
2025-01-03 20:31:16,650 - audio.transcription - ERROR - Chunk transcription failed: [enforce fail at alloc_cpu.cpp:114] data. DefaultCPUAllocator: not enough memory: you tried to allocate 3240106590208 bytes.
2025-01-03 20:31:16,719 - audio.transcription - ERROR - Chunk transcription failed: [enforce fail at alloc_cpu.cpp:114] data. DefaultCPUAllocator: not enough memory: you tried to allocate 3242072674304 bytes.
2025-01-03 20:31:16,782 - audio.transcription - ERROR - Chunk transcription failed: [enforce fail at alloc_cpu.cpp:114] data. DefaultCPUAllocator: not enough memory: you tried to allocate 3244038758400 bytes.
2025-01-03 20:31:16,848 - audio.transcription - ERROR - Chunk transcription failed: [enforce fail at alloc_cpu.cpp:114] data. DefaultCPUAllocator: not enough memory: you tried to allocate 3246004842496 bytes.
2025-01-03 20:31:16,918 - audio.transcription - ERROR - Chunk transcription failed: [enforce fail at alloc_cpu.cpp:114] data. DefaultCPUAllocator: not enough memory: you tried to allocate 3247970926592 bytes.
2025-01-03 20:31:16,980 - audio.transcription - ERROR - Chunk transcription failed: [enforce fail at alloc_cpu.cpp:114] data. DefaultCPUAllocator: not enough memory: you tried to allocate 3249937010688 bytes.
2025-01-03 20:31:17,055 - audio.transcription - ERROR - Chunk transcription failed: [enforce fail at alloc_cpu.cpp:114] data. DefaultCPUAllocator: not enough memory: you tried to allocate 3251903094784 bytes.
2025-01-03 20:31:17,121 - audio.transcription - ERROR - Chunk transcription failed: [enforce fail at alloc_cpu.cpp:114] data. DefaultCPUAllocator: not enough memory: you tried to allocate 3253869178880 bytes.
2025-01-03 20:31:17,189 - audio.transcription - ERROR - Chunk transcription failed: [enforce fail at alloc_cpu.cpp:114] data. DefaultCPUAllocator: not enough memory: you tried to allocate 3255835262976 bytes.
2025-01-03 20:31:17,262 - audio.transcription - ERROR - Chunk transcription failed: [enforce fail at alloc_cpu.cpp:114] data. DefaultCPUAllocator: not enough memory: you tried to allocate 3257801347072 bytes.
2025-01-03 20:31:17,344 - audio.transcription - ERROR - Chunk transcription failed: [enforce fail at alloc_cpu.cpp:114] data. DefaultCPUAllocator: not enough memory: you tried to allocate 3259767431168 bytes.
2025-01-03 20:31:17,440 - audio.transcription - ERROR - Chunk transcription failed: [enforce fail at alloc_cpu.cpp:114] data. DefaultCPUAllocator: not enough memory: you tried to allocate 3261733515264 bytes.
2025-01-03 20:31:17,528 - audio.transcription - ERROR - Chunk transcription failed: [enforce fail at alloc_cpu.cpp:114] data. DefaultCPUAllocator: not enough memory: you tried to allocate 3263699599360 bytes.
2025-01-03 20:31:17,654 - audio.transcription - ERROR - Chunk transcription failed: [enforce fail at alloc_cpu.cpp:114] data. DefaultCPUAllocator: not enough memory: you tried to allocate 3265665683456 bytes.
2025-01-03 20:31:17,734 - audio.transcription - ERROR - Chunk transcription failed: [enforce fail at alloc_cpu.cpp:114] data. DefaultCPUAllocator: not enough memory: you tried to allocate 3267631767552 bytes.
2025-01-03 20:31:17,842 - audio.transcription - ERROR - Chunk transcription failed: [enforce fail at alloc_cpu.cpp:114] data. DefaultCPUAllocator: not enough memory: you tried to allocate 3269597851648 bytes.
2025-01-03 20:31:17,953 - audio.transcription - ERROR - Chunk transcription failed: [enforce fail at alloc_cpu.cpp:114] data. DefaultCPUAllocator: not enough memory: you tried to allocate 3271563935744 bytes.
2025-01-03 20:31:17,989 - audio.transcription - ERROR - Chunk transcription failed: [enforce fail at alloc_cpu.cpp:114] data. DefaultCPUAllocator: not enough memory: you tried to allocate 3273530019840 bytes.
2025-01-03 20:31:18,098 - audio.transcription - ERROR - Chunk transcription failed: [enforce fail at alloc_cpu.cpp:114] data. DefaultCPUAllocator: not enough memory: you tried to allocate 3275496103936 bytes.
2025-01-03 20:31:18,181 - audio.transcription - ERROR - Chunk transcription failed: [enforce fail at alloc_cpu.cpp:114] data. DefaultCPUAllocator: not enough memory: you tried to allocate 3277462188032 bytes.
2025-01-03 20:31:18,206 - audio.transcription - ERROR - Chunk transcription failed: [enforce fail at alloc_cpu.cpp:114] data. DefaultCPUAllocator: not enough memory: you tried to allocate 3279428272128 bytes.
2025-01-03 20:31:18,287 - audio.transcription - ERROR - Chunk transcription failed: [enforce fail at alloc_cpu.cpp:114] data. DefaultCPUAllocator: not enough memory: you tried to allocate 3281394356224 bytes.
2025-01-03 20:31:18,363 - audio.transcription - ERROR - Chunk transcription failed: [enforce fail at alloc_cpu.cpp:114] data. DefaultCPUAllocator: not enough memory: you tried to allocate 3283360440320 bytes.
2025-01-03 20:31:18,443 - audio.transcription - ERROR - Chunk transcription failed: [enforce fail at alloc_cpu.cpp:114] data. DefaultCPUAllocator: not enough memory: you tried to allocate 3285326524416 bytes.
2025-01-03 20:31:18,526 - audio.transcription - ERROR - Chunk transcription failed: [enforce fail at alloc_cpu.cpp:114] data. DefaultCPUAllocator: not enough memory: you tried to allocate 3287292608512 bytes.
2025-01-03 20:31:18,597 - audio.transcription - ERROR - Chunk transcription failed: [enforce fail at alloc_cpu.cpp:114] data. DefaultCPUAllocator: not enough memory: you tried to allocate 3289258692608 bytes.
2025-01-03 20:31:18,666 - audio.transcription - ERROR - Chunk transcription failed: [enforce fail at alloc_cpu.cpp:114] data. DefaultCPUAllocator: not enough memory: you tried to allocate 3291224776704 bytes.
2025-01-03 20:31:18,744 - audio.transcription - ERROR - Chunk transcription failed: [enforce fail at alloc_cpu.cpp:114] data. DefaultCPUAllocator: not enough memory: you tried to allocate 3293190860800 bytes.
2025-01-03 20:31:18,844 - audio.transcription - ERROR - Chunk transcription failed: [enforce fail at alloc_cpu.cpp:114] data. DefaultCPUAllocator: not enough memory: you tried to allocate 3295156944896 bytes.
2025-01-03 20:31:18,905 - audio.transcription - ERROR - Chunk transcription failed: [enforce fail at alloc_cpu.cpp:114] data. DefaultCPUAllocator: not enough memory: you tried to allocate 3297123028992 bytes.
2025-01-03 20:31:18,979 - audio.transcription - ERROR - Chunk transcription failed: [enforce fail at alloc_cpu.cpp:114] data. DefaultCPUAllocator: not enough memory: you tried to allocate 3299089113088 bytes.
2025-01-03 20:31:19,061 - audio.transcription - ERROR - Chunk transcription failed: [enforce fail at alloc_cpu.cpp:114] data. DefaultCPUAllocator: not enough memory: you tried to allocate 3301055197184 bytes.
2025-01-03 20:31:19,158 - audio.transcription - ERROR - Chunk transcription failed: [enforce fail at alloc_cpu.cpp:114] data. DefaultCPUAllocator: not enough memory: you tried to allocate 3303021281280 bytes.
2025-01-03 20:31:19,240 - audio.transcription - ERROR - Chunk transcription failed: [enforce fail at alloc_cpu.cpp:114] data. DefaultCPUAllocator: not enough memory: you tried to allocate 3304987365376 bytes.
2025-01-03 20:31:19,330 - audio.transcription - ERROR - Chunk transcription failed: [enforce fail at alloc_cpu.cpp:114] data. DefaultCPUAllocator: not enough memory: you tried to allocate 3306953449472 bytes.
2025-01-03 20:31:19,398 - audio.transcription - ERROR - Chunk transcription failed: [enforce fail at alloc_cpu.cpp:114] data. DefaultCPUAllocator: not enough memory: you tried to allocate 3308919533568 bytes.
2025-01-03 20:31:19,479 - audio.transcription - ERROR - Chunk transcription failed: [enforce fail at alloc_cpu.cpp:114] data. DefaultCPUAllocator: not enough memory: you tried to allocate 3310885617664 bytes.
2025-01-03 20:31:19,589 - audio.transcription - ERROR - Chunk transcription failed: [enforce fail at alloc_cpu.cpp:114] data. DefaultCPUAllocator: not enough memory: you tried to allocate 3312851701760 bytes.
2025-01-03 20:31:19,666 - audio.transcription - ERROR - Chunk transcription failed: [enforce fail at alloc_cpu.cpp:114] data. DefaultCPUAllocator: not enough memory: you tried to allocate 3314817785856 bytes.
2025-01-03 20:31:19,737 - audio.transcription - ERROR - Chunk transcription failed: [enforce fail at alloc_cpu.cpp:114] data. DefaultCPUAllocator: not enough memory: you tried to allocate 3316783869952 bytes.
2025-01-03 20:31:19,802 - audio.transcription - ERROR - Chunk transcription failed: [enforce fail at alloc_cpu.cpp:114] data. DefaultCPUAllocator: not enough memory: you tried to allocate 3318749954048 bytes.
2025-01-03 20:31:19,876 - audio.transcription - ERROR - Chunk transcription failed: [enforce fail at alloc_cpu.cpp:114] data. DefaultCPUAllocator: not enough memory: you tried to allocate 3320716038144 bytes.
2025-01-03 20:31:19,983 - audio.transcription - ERROR - Chunk transcription failed: [enforce fail at alloc_cpu.cpp:114] data. DefaultCPUAllocator: not enough memory: you tried to allocate 3322682122240 bytes.
2025-01-03 20:31:20,091 - audio.transcription - ERROR - Chunk transcription failed: [enforce fail at alloc_cpu.cpp:114] data. DefaultCPUAllocator: not enough memory: you tried to allocate 3324648206336 bytes.
2025-01-03 20:31:20,125 - audio.transcription - ERROR - Chunk transcription failed: [enforce fail at alloc_cpu.cpp:114] data. DefaultCPUAllocator: not enough memory: you tried to allocate 3326614290432 bytes.
2025-01-03 20:31:20,218 - audio.transcription - ERROR - Chunk transcription failed: [enforce fail at alloc_cpu.cpp:114] data. DefaultCPUAllocator: not enough memory: you tried to allocate 3328580374528 bytes.
2025-01-03 20:31:20,293 - audio.transcription - ERROR - Chunk transcription failed: [enforce fail at alloc_cpu.cpp:114] data. DefaultCPUAllocator: not enough memory: you tried to allocate 3330546458624 bytes.
2025-01-03 20:31:20,365 - audio.transcription - ERROR - Chunk transcription failed: [enforce fail at alloc_cpu.cpp:114] data. DefaultCPUAllocator: not enough memory: you tried to allocate 3332512542720 bytes.
2025-01-03 20:31:20,426 - audio.transcription - ERROR - Chunk transcription failed: [enforce fail at alloc_cpu.cpp:114] data. DefaultCPUAllocator: not enough memory: you tried to allocate 3334478626816 bytes.
2025-01-03 20:31:20,494 - audio.transcription - ERROR - Chunk transcription failed: [enforce fail at alloc_cpu.cpp:114] data. DefaultCPUAllocator: not enough memory: you tried to allocate 3336444710912 bytes.
2025-01-03 20:31:20,564 - audio.transcription - ERROR - Chunk transcription failed: [enforce fail at alloc_cpu.cpp:114] data. DefaultCPUAllocator: not enough memory: you tried to allocate 3338410795008 bytes.
2025-01-03 20:31:20,633 - audio.transcription - ERROR - Chunk transcription failed: [enforce fail at alloc_cpu.cpp:114] data. DefaultCPUAllocator: not enough memory: you tried to allocate 3340376879104 bytes.
2025-01-03 20:31:20,708 - audio.transcription - ERROR - Chunk transcription failed: [enforce fail at alloc_cpu.cpp:114] data. DefaultCPUAllocator: not enough memory: you tried to allocate 3342342963200 bytes.
2025-01-03 20:31:20,778 - audio.transcription - ERROR - Chunk transcription failed: [enforce fail at alloc_cpu.cpp:114] data. DefaultCPUAllocator: not enough memory: you tried to allocate 3344309047296 bytes.
2025-01-03 20:31:20,847 - audio.transcription - ERROR - Chunk transcription failed: [enforce fail at alloc_cpu.cpp:114] data. DefaultCPUAllocator: not enough memory: you tried to allocate 3346275131392 bytes.
2025-01-03 20:31:20,916 - audio.transcription - ERROR - Chunk transcription failed: [enforce fail at alloc_cpu.cpp:114] data. DefaultCPUAllocator: not enough memory: you tried to allocate 3348241215488 bytes.
2025-01-03 20:31:20,988 - audio.transcription - ERROR - Chunk transcription failed: [enforce fail at alloc_cpu.cpp:114] data. DefaultCPUAllocator: not enough memory: you tried to allocate 3350207299584 bytes.
2025-01-03 20:31:21,060 - audio.transcription - ERROR - Chunk transcription failed: [enforce fail at alloc_cpu.cpp:114] data. DefaultCPUAllocator: not enough memory: you tried to allocate 3352173383680 bytes.
2025-01-03 20:31:21,130 - audio.transcription - ERROR - Chunk transcription failed: [enforce fail at alloc_cpu.cpp:114] data. DefaultCPUAllocator: not enough memory: you tried to allocate 3354139467776 bytes.
2025-01-03 20:31:21,199 - audio.transcription - ERROR - Chunk transcription failed: [enforce fail at alloc_cpu.cpp:114] data. DefaultCPUAllocator: not enough memory: you tried to allocate 3356105551872 bytes.
2025-01-03 20:31:21,269 - audio.transcription - ERROR - Chunk transcription failed: [enforce fail at alloc_cpu.cpp:114] data. DefaultCPUAllocator: not enough memory: you tried to allocate 3358071635968 bytes.
2025-01-03 20:31:21,333 - audio.transcription - ERROR - Chunk transcription failed: [enforce fail at alloc_cpu.cpp:114] data. DefaultCPUAllocator: not enough memory: you tried to allocate 3360037720064 bytes.
2025-01-03 20:31:21,355 - audio.transcription - ERROR - Chunk transcription failed: [enforce fail at alloc_cpu.cpp:114] data. DefaultCPUAllocator: not enough memory: you tried to allocate 3362003804160 bytes.
2025-01-03 20:31:21,383 - audio.transcription - ERROR - Chunk transcription failed: [enforce fail at alloc_cpu.cpp:114] data. DefaultCPUAllocator: not enough memory: you tried to allocate 3363969888256 bytes.
2025-01-03 20:31:21,450 - audio.transcription - ERROR - Chunk transcription failed: [enforce fail at alloc_cpu.cpp:114] data. DefaultCPUAllocator: not enough memory: you tried to allocate 3365935972352 bytes.
2025-01-03 20:31:21,524 - audio.transcription - ERROR - Chunk transcription failed: [enforce fail at alloc_cpu.cpp:114] data. DefaultCPUAllocator: not enough memory: you tried to allocate 3367902056448 bytes.
2025-01-03 20:31:21,592 - audio.transcription - ERROR - Chunk transcription failed: [enforce fail at alloc_cpu.cpp:114] data. DefaultCPUAllocator: not enough memory: you tried to allocate 3369868140544 bytes.
2025-01-03 20:31:21,629 - audio.transcription - ERROR - Chunk transcription failed: [enforce fail at alloc_cpu.cpp:114] data. DefaultCPUAllocator: not enough memory: you tried to allocate 3371834224640 bytes.
2025-01-03 20:31:21,685 - audio.transcription - ERROR - Chunk transcription failed: [enforce fail at alloc_cpu.cpp:114] data. DefaultCPUAllocator: not enough memory: you tried to allocate 3373800308736 bytes.
2025-01-03 20:31:21,756 - audio.transcription - ERROR - Chunk transcription failed: [enforce fail at alloc_cpu.cpp:114] data. DefaultCPUAllocator: not enough memory: you tried to allocate 3375766392832 bytes.
2025-01-03 20:31:21,829 - audio.transcription - ERROR - Chunk transcription failed: [enforce fail at alloc_cpu.cpp:114] data. DefaultCPUAllocator: not enough memory: you tried to allocate 3377732476928 bytes.
2025-01-03 20:31:21,903 - audio.transcription - ERROR - Chunk transcription failed: [enforce fail at alloc_cpu.cpp:114] data. DefaultCPUAllocator: not enough memory: you tried to allocate 3379698561024 bytes.
2025-01-03 20:31:21,968 - audio.transcription - ERROR - Chunk transcription failed: [enforce fail at alloc_cpu.cpp:114] data. DefaultCPUAllocator: not enough memory: you tried to allocate 3381664645120 bytes.
2025-01-03 20:31:22,046 - audio.transcription - ERROR - Chunk transcription failed: [enforce fail at alloc_cpu.cpp:114] data. DefaultCPUAllocator: not enough memory: you tried to allocate 3383630729216 bytes.
2025-01-03 20:31:22,106 - audio.transcription - ERROR - Chunk transcription failed: [enforce fail at alloc_cpu.cpp:114] data. DefaultCPUAllocator: not enough memory: you tried to allocate 3385596813312 bytes.
2025-01-03 20:31:22,173 - audio.transcription - ERROR - Chunk transcription failed: [enforce fail at alloc_cpu.cpp:114] data. DefaultCPUAllocator: not enough memory: you tried to allocate 3387562897408 bytes.
2025-01-03 20:31:22,247 - audio.transcription - ERROR - Chunk transcription failed: [enforce fail at alloc_cpu.cpp:114] data. DefaultCPUAllocator: not enough memory: you tried to allocate 3389528981504 bytes.
2025-01-03 20:31:22,327 - audio.transcription - ERROR - Chunk transcription failed: [enforce fail at alloc_cpu.cpp:114] data. DefaultCPUAllocator: not enough memory: you tried to allocate 3391495065600 bytes.
2025-01-03 20:31:22,386 - audio.transcription - ERROR - Chunk transcription failed: [enforce fail at alloc_cpu.cpp:114] data. DefaultCPUAllocator: not enough memory: you tried to allocate 3393461149696 bytes.
2025-01-03 20:31:22,449 - audio.transcription - ERROR - Chunk transcription failed: [enforce fail at alloc_cpu.cpp:114] data. DefaultCPUAllocator: not enough memory: you tried to allocate 3395427233792 bytes.
2025-01-03 20:31:22,520 - audio.transcription - ERROR - Chunk transcription failed: [enforce fail at alloc_cpu.cpp:114] data. DefaultCPUAllocator: not enough memory: you tried to allocate 3397393317888 bytes.
2025-01-03 20:31:22,589 - audio.transcription - ERROR - Chunk transcription failed: [enforce fail at alloc_cpu.cpp:114] data. DefaultCPUAllocator: not enough memory: you tried to allocate 3399359401984 bytes.
2025-01-03 20:31:22,654 - audio.transcription - ERROR - Chunk transcription failed: [enforce fail at alloc_cpu.cpp:114] data. DefaultCPUAllocator: not enough memory: you tried to allocate 3401325486080 bytes.
2025-01-03 20:31:22,720 - audio.transcription - ERROR - Chunk transcription failed: [enforce fail at alloc_cpu.cpp:114] data. DefaultCPUAllocator: not enough memory: you tried to allocate 3403291570176 bytes.
2025-01-03 20:31:22,792 - audio.transcription - ERROR - Chunk transcription failed: [enforce fail at alloc_cpu.cpp:114] data. DefaultCPUAllocator: not enough memory: you tried to allocate 3405257654272 bytes.
2025-01-03 20:31:22,861 - audio.transcription - ERROR - Chunk transcription failed: [enforce fail at alloc_cpu.cpp:114] data. DefaultCPUAllocator: not enough memory: you tried to allocate 3407223738368 bytes.
2025-01-03 20:31:22,922 - audio.transcription - ERROR - Chunk transcription failed: [enforce fail at alloc_cpu.cpp:114] data. DefaultCPUAllocator: not enough memory: you tried to allocate 3409189822464 bytes.
2025-01-03 20:31:22,995 - audio.transcription - ERROR - Chunk transcription failed: [enforce fail at alloc_cpu.cpp:114] data. DefaultCPUAllocator: not enough memory: you tried to allocate 3411155906560 bytes.
2025-01-03 20:31:23,066 - audio.transcription - ERROR - Chunk transcription failed: [enforce fail at alloc_cpu.cpp:114] data. DefaultCPUAllocator: not enough memory: you tried to allocate 3413121990656 bytes.
2025-01-03 20:31:23,140 - audio.transcription - ERROR - Chunk transcription failed: [enforce fail at alloc_cpu.cpp:114] data. DefaultCPUAllocator: not enough memory: you tried to allocate 3415088074752 bytes.
2025-01-03 20:31:23,204 - audio.transcription - ERROR - Chunk transcription failed: [enforce fail at alloc_cpu.cpp:114] data. DefaultCPUAllocator: not enough memory: you tried to allocate 3417054158848 bytes.
2025-01-03 20:31:23,264 - audio.transcription - ERROR - Chunk transcription failed: [enforce fail at alloc_cpu.cpp:114] data. DefaultCPUAllocator: not enough memory: you tried to allocate 3419020242944 bytes.
2025-01-03 20:31:23,332 - audio.transcription - ERROR - Chunk transcription failed: [enforce fail at alloc_cpu.cpp:114] data. DefaultCPUAllocator: not enough memory: you tried to allocate 3420986327040 bytes.
2025-01-03 20:31:23,398 - audio.transcription - ERROR - Chunk transcription failed: [enforce fail at alloc_cpu.cpp:114] data. DefaultCPUAllocator: not enough memory: you tried to allocate 3422952411136 bytes.
2025-01-03 20:31:23,468 - audio.transcription - ERROR - Chunk transcription failed: [enforce fail at alloc_cpu.cpp:114] data. DefaultCPUAllocator: not enough memory: you tried to allocate 3424918495232 bytes.
2025-01-03 20:31:23,552 - audio.transcription - ERROR - Chunk transcription failed: [enforce fail at alloc_cpu.cpp:114] data. DefaultCPUAllocator: not enough memory: you tried to allocate 3426884579328 bytes.
2025-01-03 20:31:23,610 - audio.transcription - ERROR - Chunk transcription failed: [enforce fail at alloc_cpu.cpp:114] data. DefaultCPUAllocator: not enough memory: you tried to allocate 3428850663424 bytes.
2025-01-03 20:31:23,726 - audio.transcription - ERROR - Chunk transcription failed: [enforce fail at alloc_cpu.cpp:114] data. DefaultCPUAllocator: not enough memory: you tried to allocate 3430816747520 bytes.
2025-01-03 20:31:23,802 - audio.transcription - ERROR - Chunk transcription failed: [enforce fail at alloc_cpu.cpp:114] data. DefaultCPUAllocator: not enough memory: you tried to allocate 3432782831616 bytes.
2025-01-03 20:31:23,867 - audio.transcription - ERROR - Chunk transcription failed: [enforce fail at alloc_cpu.cpp:114] data. DefaultCPUAllocator: not enough memory: you tried to allocate 3434748915712 bytes.
2025-01-03 20:31:23,939 - audio.transcription - ERROR - Chunk transcription failed: [enforce fail at alloc_cpu.cpp:114] data. DefaultCPUAllocator: not enough memory: you tried to allocate 3436714999808 bytes.
2025-01-03 20:31:24,009 - audio.transcription - ERROR - Chunk transcription failed: [enforce fail at alloc_cpu.cpp:114] data. DefaultCPUAllocator: not enough memory: you tried to allocate 3438681083904 bytes.
2025-01-03 20:31:24,081 - audio.transcription - ERROR - Chunk transcription failed: [enforce fail at alloc_cpu.cpp:114] data. DefaultCPUAllocator: not enough memory: you tried to allocate 3440647168000 bytes.
2025-01-03 20:31:24,157 - audio.transcription - ERROR - Chunk transcription failed: [enforce fail at alloc_cpu.cpp:114] data. DefaultCPUAllocator: not enough memory: you tried to allocate 3442613252096 bytes.
2025-01-03 20:31:24,200 - audio.transcription - ERROR - Chunk transcription failed: [enforce fail at alloc_cpu.cpp:114] data. DefaultCPUAllocator: not enough memory: you tried to allocate 3444579336192 bytes.
2025-01-03 20:31:24,248 - audio.transcription - ERROR - Chunk transcription failed: [enforce fail at alloc_cpu.cpp:114] data. DefaultCPUAllocator: not enough memory: you tried to allocate 3446545420288 bytes.
2025-01-03 20:31:24,317 - audio.transcription - ERROR - Chunk transcription failed: [enforce fail at alloc_cpu.cpp:114] data. DefaultCPUAllocator: not enough memory: you tried to allocate 3448511504384 bytes.
2025-01-03 20:31:24,349 - audio.transcription - ERROR - Chunk transcription failed: [enforce fail at alloc_cpu.cpp:114] data. DefaultCPUAllocator: not enough memory: you tried to allocate 3450477588480 bytes.
2025-01-03 20:31:24,418 - audio.transcription - ERROR - Chunk transcription failed: [enforce fail at alloc_cpu.cpp:114] data. DefaultCPUAllocator: not enough memory: you tried to allocate 3452443672576 bytes.
2025-01-03 20:31:24,534 - audio.transcription - ERROR - Chunk transcription failed: [enforce fail at alloc_cpu.cpp:114] data. DefaultCPUAllocator: not enough memory: you tried to allocate 3454409756672 bytes.
2025-01-03 20:31:24,651 - audio.transcription - ERROR - Chunk transcription failed: [enforce fail at alloc_cpu.cpp:114] data. DefaultCPUAllocator: not enough memory: you tried to allocate 3456375840768 bytes.
2025-01-03 20:31:24,758 - audio.transcription - ERROR - Chunk transcription failed: [enforce fail at alloc_cpu.cpp:114] data. DefaultCPUAllocator: not enough memory: you tried to allocate 3458341924864 bytes.
2025-01-03 20:31:24,842 - audio.transcription - ERROR - Chunk transcription failed: [enforce fail at alloc_cpu.cpp:114] data. DefaultCPUAllocator: not enough memory: you tried to allocate 3460308008960 bytes.
2025-01-03 20:31:24,911 - audio.transcription - ERROR - Chunk transcription failed: [enforce fail at alloc_cpu.cpp:114] data. DefaultCPUAllocator: not enough memory: you tried to allocate 3462274093056 bytes.
2025-01-03 20:31:24,975 - audio.transcription - ERROR - Chunk transcription failed: [enforce fail at alloc_cpu.cpp:114] data. DefaultCPUAllocator: not enough memory: you tried to allocate 3464240177152 bytes.
2025-01-03 20:31:25,044 - audio.transcription - ERROR - Chunk transcription failed: [enforce fail at alloc_cpu.cpp:114] data. DefaultCPUAllocator: not enough memory: you tried to allocate 3466206261248 bytes.
2025-01-03 20:31:25,113 - audio.transcription - ERROR - Chunk transcription failed: [enforce fail at alloc_cpu.cpp:114] data. DefaultCPUAllocator: not enough memory: you tried to allocate 3468172345344 bytes.
2025-01-03 20:31:25,186 - audio.transcription - ERROR - Chunk transcription failed: [enforce fail at alloc_cpu.cpp:114] data. DefaultCPUAllocator: not enough memory: you tried to allocate 3470138429440 bytes.
2025-01-03 20:31:25,258 - audio.transcription - ERROR - Chunk transcription failed: [enforce fail at alloc_cpu.cpp:114] data. DefaultCPUAllocator: not enough memory: you tried to allocate 3472104513536 bytes.
2025-01-03 20:31:25,334 - audio.transcription - ERROR - Chunk transcription failed: [enforce fail at alloc_cpu.cpp:114] data. DefaultCPUAllocator: not enough memory: you tried to allocate 3474070597632 bytes.
2025-01-03 20:31:25,406 - audio.transcription - ERROR - Chunk transcription failed: [enforce fail at alloc_cpu.cpp:114] data. DefaultCPUAllocator: not enough memory: you tried to allocate 3476036681728 bytes.
2025-01-03 20:31:25,478 - audio.transcription - ERROR - Chunk transcription failed: [enforce fail at alloc_cpu.cpp:114] data. DefaultCPUAllocator: not enough memory: you tried to allocate 3478002765824 bytes.
2025-01-03 20:31:25,523 - audio.transcription - ERROR - Chunk transcription failed: [enforce fail at alloc_cpu.cpp:114] data. DefaultCPUAllocator: not enough memory: you tried to allocate 3479968849920 bytes.
2025-01-03 20:31:25,576 - audio.transcription - ERROR - Chunk transcription failed: [enforce fail at alloc_cpu.cpp:114] data. DefaultCPUAllocator: not enough memory: you tried to allocate 3481934934016 bytes.
2025-01-03 20:31:25,681 - audio.transcription - ERROR - Chunk transcription failed: [enforce fail at alloc_cpu.cpp:114] data. DefaultCPUAllocator: not enough memory: you tried to allocate 3483901018112 bytes.
2025-01-03 20:31:25,778 - audio.transcription - ERROR - Chunk transcription failed: [enforce fail at alloc_cpu.cpp:114] data. DefaultCPUAllocator: not enough memory: you tried to allocate 3485867102208 bytes.
2025-01-03 20:31:25,820 - audio.transcription - ERROR - Chunk transcription failed: [enforce fail at alloc_cpu.cpp:114] data. DefaultCPUAllocator: not enough memory: you tried to allocate 3487833186304 bytes.
2025-01-03 20:31:25,898 - audio.transcription - ERROR - Chunk transcription failed: [enforce fail at alloc_cpu.cpp:114] data. DefaultCPUAllocator: not enough memory: you tried to allocate 3489799270400 bytes.
2025-01-03 20:31:25,972 - audio.transcription - ERROR - Chunk transcription failed: [enforce fail at alloc_cpu.cpp:114] data. DefaultCPUAllocator: not enough memory: you tried to allocate 3491765354496 bytes.
2025-01-03 20:31:26,052 - audio.transcription - ERROR - Chunk transcription failed: [enforce fail at alloc_cpu.cpp:114] data. DefaultCPUAllocator: not enough memory: you tried to allocate 3493731438592 bytes.
2025-01-03 20:31:26,130 - audio.transcription - ERROR - Chunk transcription failed: [enforce fail at alloc_cpu.cpp:114] data. DefaultCPUAllocator: not enough memory: you tried to allocate 3495697522688 bytes.
2025-01-03 20:31:26,201 - audio.transcription - ERROR - Chunk transcription failed: [enforce fail at alloc_cpu.cpp:114] data. DefaultCPUAllocator: not enough memory: you tried to allocate 3497663606784 bytes.
2025-01-03 20:31:26,273 - audio.transcription - ERROR - Chunk transcription failed: [enforce fail at alloc_cpu.cpp:114] data. DefaultCPUAllocator: not enough memory: you tried to allocate 3499629690880 bytes.
2025-01-03 20:31:26,347 - audio.transcription - ERROR - Chunk transcription failed: [enforce fail at alloc_cpu.cpp:114] data. DefaultCPUAllocator: not enough memory: you tried to allocate 3501595774976 bytes.
2025-01-03 20:31:26,432 - audio.transcription - ERROR - Chunk transcription failed: [enforce fail at alloc_cpu.cpp:114] data. DefaultCPUAllocator: not enough memory: you tried to allocate 3503561859072 bytes.
2025-01-03 20:31:26,500 - audio.transcription - ERROR - Chunk transcription failed: [enforce fail at alloc_cpu.cpp:114] data. DefaultCPUAllocator: not enough memory: you tried to allocate 3505527943168 bytes.
2025-01-03 20:31:26,534 - audio.transcription - ERROR - Chunk transcription failed: [enforce fail at alloc_cpu.cpp:114] data. DefaultCPUAllocator: not enough memory: you tried to allocate 3507494027264 bytes.
2025-01-03 20:31:26,598 - audio.transcription - ERROR - Chunk transcription failed: [enforce fail at alloc_cpu.cpp:114] data. DefaultCPUAllocator: not enough memory: you tried to allocate 3509460111360 bytes.
2025-01-03 20:31:26,682 - audio.transcription - ERROR - Chunk transcription failed: [enforce fail at alloc_cpu.cpp:114] data. DefaultCPUAllocator: not enough memory: you tried to allocate 3511426195456 bytes.
2025-01-03 20:31:26,764 - audio.transcription - ERROR - Chunk transcription failed: [enforce fail at alloc_cpu.cpp:114] data. DefaultCPUAllocator: not enough memory: you tried to allocate 3513392279552 bytes.
2025-01-03 20:31:26,835 - audio.transcription - ERROR - Chunk transcription failed: [enforce fail at alloc_cpu.cpp:114] data. DefaultCPUAllocator: not enough memory: you tried to allocate 3515358363648 bytes.
2025-01-03 20:31:26,906 - audio.transcription - ERROR - Chunk transcription failed: [enforce fail at alloc_cpu.cpp:114] data. DefaultCPUAllocator: not enough memory: you tried to allocate 3517324447744 bytes.
2025-01-03 20:31:26,980 - audio.transcription - ERROR - Chunk transcription failed: [enforce fail at alloc_cpu.cpp:114] data. DefaultCPUAllocator: not enough memory: you tried to allocate 3519290531840 bytes.
2025-01-03 20:31:27,044 - audio.transcription - ERROR - Chunk transcription failed: [enforce fail at alloc_cpu.cpp:114] data. DefaultCPUAllocator: not enough memory: you tried to allocate 3521256615936 bytes.
2025-01-03 20:31:27,117 - audio.transcription - ERROR - Chunk transcription failed: [enforce fail at alloc_cpu.cpp:114] data. DefaultCPUAllocator: not enough memory: you tried to allocate 3523222700032 bytes.
2025-01-03 20:31:27,185 - audio.transcription - ERROR - Chunk transcription failed: [enforce fail at alloc_cpu.cpp:114] data. DefaultCPUAllocator: not enough memory: you tried to allocate 3525188784128 bytes.
2025-01-03 20:31:27,245 - audio.transcription - ERROR - Chunk transcription failed: [enforce fail at alloc_cpu.cpp:114] data. DefaultCPUAllocator: not enough memory: you tried to allocate 3527154868224 bytes.
2025-01-03 20:31:27,315 - audio.transcription - ERROR - Chunk transcription failed: [enforce fail at alloc_cpu.cpp:114] data. DefaultCPUAllocator: not enough memory: you tried to allocate 3529120952320 bytes.
2025-01-03 20:31:27,382 - audio.transcription - ERROR - Chunk transcription failed: [enforce fail at alloc_cpu.cpp:114] data. DefaultCPUAllocator: not enough memory: you tried to allocate 3531087036416 bytes.
2025-01-03 20:31:27,447 - audio.transcription - ERROR - Chunk transcription failed: [enforce fail at alloc_cpu.cpp:114] data. DefaultCPUAllocator: not enough memory: you tried to allocate 3533053120512 bytes.
2025-01-03 20:31:27,509 - audio.transcription - ERROR - Chunk transcription failed: [enforce fail at alloc_cpu.cpp:114] data. DefaultCPUAllocator: not enough memory: you tried to allocate 3535019204608 bytes.
2025-01-03 20:31:27,573 - audio.transcription - ERROR - Chunk transcription failed: [enforce fail at alloc_cpu.cpp:114] data. DefaultCPUAllocator: not enough memory: you tried to allocate 3536985288704 bytes.
2025-01-03 20:31:27,644 - audio.transcription - ERROR - Chunk transcription failed: [enforce fail at alloc_cpu.cpp:114] data. DefaultCPUAllocator: not enough memory: you tried to allocate 3538951372800 bytes.
2025-01-03 20:31:27,708 - audio.transcription - ERROR - Chunk transcription failed: [enforce fail at alloc_cpu.cpp:114] data. DefaultCPUAllocator: not enough memory: you tried to allocate 3540917456896 bytes.
2025-01-03 20:31:27,773 - audio.transcription - ERROR - Chunk transcription failed: [enforce fail at alloc_cpu.cpp:114] data. DefaultCPUAllocator: not enough memory: you tried to allocate 3542883540992 bytes.
2025-01-03 20:31:27,836 - audio.transcription - ERROR - Chunk transcription failed: [enforce fail at alloc_cpu.cpp:114] data. DefaultCPUAllocator: not enough memory: you tried to allocate 3544849625088 bytes.
2025-01-03 20:31:27,903 - audio.transcription - ERROR - Chunk transcription failed: [enforce fail at alloc_cpu.cpp:114] data. DefaultCPUAllocator: not enough memory: you tried to allocate 3546815709184 bytes.
2025-01-03 20:31:27,964 - audio.transcription - ERROR - Chunk transcription failed: [enforce fail at alloc_cpu.cpp:114] data. DefaultCPUAllocator: not enough memory: you tried to allocate 3548781793280 bytes.
2025-01-03 20:31:28,033 - audio.transcription - ERROR - Chunk transcription failed: [enforce fail at alloc_cpu.cpp:114] data. DefaultCPUAllocator: not enough memory: you tried to allocate 3550747877376 bytes.
2025-01-03 20:31:28,101 - audio.transcription - ERROR - Chunk transcription failed: [enforce fail at alloc_cpu.cpp:114] data. DefaultCPUAllocator: not enough memory: you tried to allocate 3552713961472 bytes.
2025-01-03 20:31:28,173 - audio.transcription - ERROR - Chunk transcription failed: [enforce fail at alloc_cpu.cpp:114] data. DefaultCPUAllocator: not enough memory: you tried to allocate 3554680045568 bytes.
2025-01-03 20:31:28,249 - audio.transcription - ERROR - Chunk transcription failed: [enforce fail at alloc_cpu.cpp:114] data. DefaultCPUAllocator: not enough memory: you tried to allocate 3556646129664 bytes.
2025-01-03 20:31:28,329 - audio.transcription - ERROR - Chunk transcription failed: [enforce fail at alloc_cpu.cpp:114] data. DefaultCPUAllocator: not enough memory: you tried to allocate 3558612213760 bytes.
2025-01-03 20:31:28,406 - audio.transcription - ERROR - Chunk transcription failed: [enforce fail at alloc_cpu.cpp:114] data. DefaultCPUAllocator: not enough memory: you tried to allocate 3560578297856 bytes.
2025-01-03 20:31:28,485 - audio.transcription - ERROR - Chunk transcription failed: [enforce fail at alloc_cpu.cpp:114] data. DefaultCPUAllocator: not enough memory: you tried to allocate 3562544381952 bytes.
2025-01-03 20:31:28,562 - audio.transcription - ERROR - Chunk transcription failed: [enforce fail at alloc_cpu.cpp:114] data. DefaultCPUAllocator: not enough memory: you tried to allocate 3564510466048 bytes.
2025-01-03 20:31:28,622 - audio.transcription - ERROR - Chunk transcription failed: [enforce fail at alloc_cpu.cpp:114] data. DefaultCPUAllocator: not enough memory: you tried to allocate 3566476550144 bytes.
2025-01-03 20:31:28,691 - audio.transcription - ERROR - Chunk transcription failed: [enforce fail at alloc_cpu.cpp:114] data. DefaultCPUAllocator: not enough memory: you tried to allocate 3568442634240 bytes.
2025-01-03 20:31:28,768 - audio.transcription - ERROR - Chunk transcription failed: [enforce fail at alloc_cpu.cpp:114] data. DefaultCPUAllocator: not enough memory: you tried to allocate 3570408718336 bytes.
2025-01-03 20:31:28,833 - audio.transcription - ERROR - Chunk transcription failed: [enforce fail at alloc_cpu.cpp:114] data. DefaultCPUAllocator: not enough memory: you tried to allocate 3572374802432 bytes.
2025-01-03 20:31:28,915 - audio.transcription - ERROR - Chunk transcription failed: [enforce fail at alloc_cpu.cpp:114] data. DefaultCPUAllocator: not enough memory: you tried to allocate 3574340886528 bytes.
2025-01-03 20:31:28,992 - audio.transcription - ERROR - Chunk transcription failed: [enforce fail at alloc_cpu.cpp:114] data. DefaultCPUAllocator: not enough memory: you tried to allocate 3576306970624 bytes.
2025-01-03 20:31:29,071 - audio.transcription - ERROR - Chunk transcription failed: [enforce fail at alloc_cpu.cpp:114] data. DefaultCPUAllocator: not enough memory: you tried to allocate 3578273054720 bytes.
2025-01-03 20:31:29,139 - audio.transcription - ERROR - Chunk transcription failed: [enforce fail at alloc_cpu.cpp:114] data. DefaultCPUAllocator: not enough memory: you tried to allocate 3580239138816 bytes.
2025-01-03 20:31:29,205 - audio.transcription - ERROR - Chunk transcription failed: [enforce fail at alloc_cpu.cpp:114] data. DefaultCPUAllocator: not enough memory: you tried to allocate 3582205222912 bytes.
2025-01-03 20:31:29,273 - audio.transcription - ERROR - Chunk transcription failed: [enforce fail at alloc_cpu.cpp:114] data. DefaultCPUAllocator: not enough memory: you tried to allocate 3584171307008 bytes.
2025-01-03 20:31:29,343 - audio.transcription - ERROR - Chunk transcription failed: [enforce fail at alloc_cpu.cpp:114] data. DefaultCPUAllocator: not enough memory: you tried to allocate 3586137391104 bytes.
2025-01-03 20:31:29,414 - audio.transcription - ERROR - Chunk transcription failed: [enforce fail at alloc_cpu.cpp:114] data. DefaultCPUAllocator: not enough memory: you tried to allocate 3588103475200 bytes.
2025-01-03 20:31:29,484 - audio.transcription - ERROR - Chunk transcription failed: [enforce fail at alloc_cpu.cpp:114] data. DefaultCPUAllocator: not enough memory: you tried to allocate 3590069559296 bytes.
2025-01-03 20:31:29,555 - audio.transcription - ERROR - Chunk transcription failed: [enforce fail at alloc_cpu.cpp:114] data. DefaultCPUAllocator: not enough memory: you tried to allocate 3592035643392 bytes.
2025-01-03 20:31:29,621 - audio.transcription - ERROR - Chunk transcription failed: [enforce fail at alloc_cpu.cpp:114] data. DefaultCPUAllocator: not enough memory: you tried to allocate 3594001727488 bytes.
2025-01-03 20:31:29,696 - audio.transcription - ERROR - Chunk transcription failed: [enforce fail at alloc_cpu.cpp:114] data. DefaultCPUAllocator: not enough memory: you tried to allocate 3595967811584 bytes.
2025-01-03 20:31:29,778 - audio.transcription - ERROR - Chunk transcription failed: [enforce fail at alloc_cpu.cpp:114] data. DefaultCPUAllocator: not enough memory: you tried to allocate 3597933895680 bytes.
2025-01-03 20:31:29,851 - audio.transcription - ERROR - Chunk transcription failed: [enforce fail at alloc_cpu.cpp:114] data. DefaultCPUAllocator: not enough memory: you tried to allocate 3599899979776 bytes.
2025-01-03 20:31:29,932 - audio.transcription - ERROR - Chunk transcription failed: [enforce fail at alloc_cpu.cpp:114] data. DefaultCPUAllocator: not enough memory: you tried to allocate 3601866063872 bytes.
2025-01-03 20:31:30,005 - audio.transcription - ERROR - Chunk transcription failed: [enforce fail at alloc_cpu.cpp:114] data. DefaultCPUAllocator: not enough memory: you tried to allocate 3603832147968 bytes.
2025-01-03 20:31:30,089 - audio.transcription - ERROR - Chunk transcription failed: [enforce fail at alloc_cpu.cpp:114] data. DefaultCPUAllocator: not enough memory: you tried to allocate 3605798232064 bytes.
2025-01-03 20:31:30,182 - audio.transcription - ERROR - Chunk transcription failed: [enforce fail at alloc_cpu.cpp:114] data. DefaultCPUAllocator: not enough memory: you tried to allocate 3607764316160 bytes.
2025-01-03 20:31:30,264 - audio.transcription - ERROR - Chunk transcription failed: [enforce fail at alloc_cpu.cpp:114] data. DefaultCPUAllocator: not enough memory: you tried to allocate 3609730400256 bytes.
2025-01-03 20:31:30,342 - audio.transcription - ERROR - Chunk transcription failed: [enforce fail at alloc_cpu.cpp:114] data. DefaultCPUAllocator: not enough memory: you tried to allocate 3611696484352 bytes.
2025-01-03 20:31:30,411 - audio.transcription - ERROR - Chunk transcription failed: [enforce fail at alloc_cpu.cpp:114] data. DefaultCPUAllocator: not enough memory: you tried to allocate 3613662568448 bytes.
2025-01-03 20:31:30,494 - audio.transcription - ERROR - Chunk transcription failed: [enforce fail at alloc_cpu.cpp:114] data. DefaultCPUAllocator: not enough memory: you tried to allocate 3615628652544 bytes.
2025-01-03 20:31:30,563 - audio.transcription - ERROR - Chunk transcription failed: [enforce fail at alloc_cpu.cpp:114] data. DefaultCPUAllocator: not enough memory: you tried to allocate 3617594736640 bytes.
2025-01-03 20:31:30,634 - audio.transcription - ERROR - Chunk transcription failed: [enforce fail at alloc_cpu.cpp:114] data. DefaultCPUAllocator: not enough memory: you tried to allocate 3619560820736 bytes.
2025-01-03 20:31:30,700 - audio.transcription - ERROR - Chunk transcription failed: [enforce fail at alloc_cpu.cpp:114] data. DefaultCPUAllocator: not enough memory: you tried to allocate 3621526904832 bytes.
2025-01-03 20:31:30,771 - audio.transcription - ERROR - Chunk transcription failed: [enforce fail at alloc_cpu.cpp:114] data. DefaultCPUAllocator: not enough memory: you tried to allocate 3623492988928 bytes.
2025-01-03 20:31:30,842 - audio.transcription - ERROR - Chunk transcription failed: [enforce fail at alloc_cpu.cpp:114] data. DefaultCPUAllocator: not enough memory: you tried to allocate 3625459073024 bytes.
2025-01-03 20:31:30,905 - audio.transcription - ERROR - Chunk transcription failed: [enforce fail at alloc_cpu.cpp:114] data. DefaultCPUAllocator: not enough memory: you tried to allocate 3627425157120 bytes.
2025-01-03 20:31:30,975 - audio.transcription - ERROR - Chunk transcription failed: [enforce fail at alloc_cpu.cpp:114] data. DefaultCPUAllocator: not enough memory: you tried to allocate 3629391241216 bytes.
2025-01-03 20:31:31,015 - audio.transcription - ERROR - Chunk transcription failed: [enforce fail at alloc_cpu.cpp:114] data. DefaultCPUAllocator: not enough memory: you tried to allocate 3631357325312 bytes.
2025-01-03 20:31:31,073 - audio.transcription - ERROR - Chunk transcription failed: [enforce fail at alloc_cpu.cpp:114] data. DefaultCPUAllocator: not enough memory: you tried to allocate 3633323409408 bytes.
2025-01-03 20:31:31,110 - audio.transcription - ERROR - Chunk transcription failed: [enforce fail at alloc_cpu.cpp:114] data. DefaultCPUAllocator: not enough memory: you tried to allocate 3635289493504 bytes.
2025-01-03 20:31:31,173 - audio.transcription - ERROR - Chunk transcription failed: [enforce fail at alloc_cpu.cpp:114] data. DefaultCPUAllocator: not enough memory: you tried to allocate 3637255577600 bytes.
2025-01-03 20:31:31,292 - audio.transcription - ERROR - Chunk transcription failed: [enforce fail at alloc_cpu.cpp:114] data. DefaultCPUAllocator: not enough memory: you tried to allocate 3639221661696 bytes.
2025-01-03 20:31:31,390 - audio.transcription - ERROR - Chunk transcription failed: [enforce fail at alloc_cpu.cpp:114] data. DefaultCPUAllocator: not enough memory: you tried to allocate 3641187745792 bytes.
2025-01-03 20:31:31,467 - audio.transcription - ERROR - Chunk transcription failed: [enforce fail at alloc_cpu.cpp:114] data. DefaultCPUAllocator: not enough memory: you tried to allocate 3643153829888 bytes.
2025-01-03 20:31:31,540 - audio.transcription - ERROR - Chunk transcription failed: [enforce fail at alloc_cpu.cpp:114] data. DefaultCPUAllocator: not enough memory: you tried to allocate 3645119913984 bytes.
2025-01-03 20:31:31,615 - audio.transcription - ERROR - Chunk transcription failed: [enforce fail at alloc_cpu.cpp:114] data. DefaultCPUAllocator: not enough memory: you tried to allocate 3647085998080 bytes.
2025-01-03 20:31:31,685 - audio.transcription - ERROR - Chunk transcription failed: [enforce fail at alloc_cpu.cpp:114] data. DefaultCPUAllocator: not enough memory: you tried to allocate 3649052082176 bytes.
2025-01-03 20:31:31,754 - audio.transcription - ERROR - Chunk transcription failed: [enforce fail at alloc_cpu.cpp:114] data. DefaultCPUAllocator: not enough memory: you tried to allocate 3651018166272 bytes.
2025-01-03 20:31:31,819 - audio.transcription - ERROR - Chunk transcription failed: [enforce fail at alloc_cpu.cpp:114] data. DefaultCPUAllocator: not enough memory: you tried to allocate 3652984250368 bytes.
2025-01-03 20:31:31,884 - audio.transcription - ERROR - Chunk transcription failed: [enforce fail at alloc_cpu.cpp:114] data. DefaultCPUAllocator: not enough memory: you tried to allocate 3654950334464 bytes.
2025-01-03 20:31:31,948 - audio.transcription - ERROR - Chunk transcription failed: [enforce fail at alloc_cpu.cpp:114] data. DefaultCPUAllocator: not enough memory: you tried to allocate 3656916418560 bytes.
2025-01-03 20:31:32,010 - audio.transcription - ERROR - Chunk transcription failed: [enforce fail at alloc_cpu.cpp:114] data. DefaultCPUAllocator: not enough memory: you tried to allocate 3658882502656 bytes.
2025-01-03 20:31:32,075 - audio.transcription - ERROR - Chunk transcription failed: [enforce fail at alloc_cpu.cpp:114] data. DefaultCPUAllocator: not enough memory: you tried to allocate 3660848586752 bytes.
2025-01-03 20:31:32,100 - audio.transcription - ERROR - Chunk transcription failed: [enforce fail at alloc_cpu.cpp:114] data. DefaultCPUAllocator: not enough memory: you tried to allocate 3662814670848 bytes.
2025-01-03 20:31:32,106 - audio.recorder - INFO - Recording stopped
2025-01-03 20:31:32,124 - audio.transcription - ERROR - Chunk transcription failed: [enforce fail at alloc_cpu.cpp:114] data. DefaultCPUAllocator: not enough memory: you tried to allocate 3664780754944 bytes.
2025-01-03 20:31:32,125 - audio.transcription - INFO - Stopped transcription processing
2025-01-03 20:31:32,149 - audio.recorder - INFO - Recording saved to C:\Users\rakoon\audio_recordings\recordings\recording_20250103_203132.wav
2025-01-03 20:31:32,151 - gui.recorder_gui - INFO - Recording saved: C:\Users\rakoon\audio_recordings\recordings\recording_20250103_203132.wav
2025-01-03 20:31:32,151 - gui.recorder_gui - INFO - Recording stopped
2025-01-03 21:04:02,407 - __main__ - INFO - Starting Audio Recorder Application
2025-01-03 21:04:02,484 - utils.file_utils - INFO - Directory structure created at C:\Users\rakoon\audio_recordings
2025-01-03 21:04:02,494 - audio.recorder - INFO - Set recording device to: 1
2025-01-03 21:04:06,336 - audio.recorder - INFO - Recording started
2025-01-03 21:04:06,337 - gui.recorder_gui - INFO - Recording...
2025-01-03 21:04:17,447 - audio.recorder - INFO - Recording stopped
2025-01-03 21:04:17,451 - audio.recorder - INFO - Recording saved to C:\Users\rakoon\audio_recordings\recordings\recording_20250103_210417.wav
2025-01-03 21:04:17,452 - gui.recorder_gui - INFO - Recording saved: C:\Users\rakoon\audio_recordings\recordings\recording_20250103_210417.wav
2025-01-03 21:04:17,452 - gui.recorder_gui - INFO - Recording stopped
2025-01-03 21:04:20,864 - gui.recorder_gui - INFO - Starting transcription...
2025-01-03 21:04:20,865 - gui.recorder_gui - ERROR - Transcription failed: 'TranscriptionManager' object has no attribute 'transcribe_audio'
2025-01-03 21:04:27,264 - gui.recorder_gui - INFO - Error occurred
2025-01-03 21:04:28,341 - gui.recorder_gui - INFO - Starting transcription...
2025-01-03 21:04:28,341 - gui.recorder_gui - ERROR - Transcription failed: 'TranscriptionManager' object has no attribute 'transcribe_audio'
2025-01-03 21:04:29,375 - gui.recorder_gui - INFO - Error occurred
2025-01-03 21:04:30,280 - audio.recorder - INFO - Recording started
2025-01-03 21:04:30,281 - gui.recorder_gui - INFO - Recording...
2025-01-03 21:04:32,528 - audio.recorder - INFO - Recording paused
2025-01-03 21:04:32,528 - gui.recorder_gui - INFO - Recording paused
2025-01-03 21:04:34,330 - audio.recorder - INFO - Recording stopped
2025-01-03 21:04:34,332 - audio.recorder - INFO - Recording saved to C:\Users\rakoon\audio_recordings\recordings\recording_20250103_210434.wav
2025-01-03 21:04:34,332 - gui.recorder_gui - INFO - Recording saved: C:\Users\rakoon\audio_recordings\recordings\recording_20250103_210434.wav
2025-01-03 21:04:34,333 - gui.recorder_gui - INFO - Recording stopped
2025-01-03 21:10:29,321 - audio.recorder - INFO - Recording started
2025-01-03 21:10:29,322 - gui.recorder_gui - INFO - Recording...
2025-01-03 21:10:30,148 - audio.recorder - INFO - Recording resumed
2025-01-03 21:10:30,149 - gui.recorder_gui - INFO - Recording resumed
2025-01-03 21:10:30,915 - audio.recorder - INFO - Recording paused
2025-01-03 21:10:30,916 - gui.recorder_gui - INFO - Recording paused
2025-01-03 21:10:31,625 - audio.recorder - INFO - Recording resumed
2025-01-03 21:10:31,625 - gui.recorder_gui - INFO - Recording resumed
2025-01-03 21:10:32,115 - audio.recorder - INFO - Recording paused
2025-01-03 21:10:32,116 - gui.recorder_gui - INFO - Recording paused
2025-01-03 21:10:32,257 - audio.recorder - INFO - Recording resumed
2025-01-03 21:10:32,258 - gui.recorder_gui - INFO - Recording resumed
2025-01-03 21:10:33,477 - audio.recorder - INFO - Recording paused
2025-01-03 21:10:33,478 - gui.recorder_gui - INFO - Recording paused
2025-01-03 21:10:34,070 - audio.recorder - INFO - Recording stopped
2025-01-03 21:10:34,072 - audio.recorder - INFO - Recording saved to C:\Users\rakoon\audio_recordings\recordings\recording_20250103_211034.wav
2025-01-03 21:10:34,072 - gui.recorder_gui - INFO - Recording saved: C:\Users\rakoon\audio_recordings\recordings\recording_20250103_211034.wav
2025-01-03 21:10:34,073 - gui.recorder_gui - INFO - Recording stopped
2025-01-03 21:10:37,503 - audio.recorder - INFO - Recording started
2025-01-03 21:10:37,504 - gui.recorder_gui - INFO - Recording...
2025-01-03 21:10:37,980 - audio.recorder - INFO - Recording stopped
2025-01-03 21:10:37,981 - gui.recorder_gui - ERROR - Failed to save recording: No audio data available to save
2025-01-03 21:10:39,273 - gui.recorder_gui - INFO - Error occurred
2025-01-03 21:10:39,274 - gui.recorder_gui - INFO - Recording stopped
